display_rank,catalog_id,Series_Title,Released_Year,IMDB_Rating,No_of_Votes,Runtime_Minutes,Genre,Certificate,poster_asset_id,Poster_Link,quality_score
1,314,The Godfather,1972,9.2,1620367,175,"Crime, Drama",A,314,"https://m.media-amazon.com/images/M/MV5BM2MyNjYxNmUtYTAwNi00MTYxLWJmNWYtYzZlODY3ZTk3OTFlXkEyXkFqcGdeQXVyNzkwMjQ5NzM@._V1_UY98_CR1,0,67,98_AL_.jpg",9.248598980930746
2,254,Schindler's List,1993,8.9,1213505,195,"Biography, Drama, History",A,254,"https://m.media-amazon.com/images/M/MV5BNDE4OTMxMTctNmRhYy00NWE2LTg3YzItYTk3M2UwOTU5Njg4XkEyXkFqcGdeQXVyNjU0OTQ0OTY@._V1_UX67_CR0,0,67,98_AL_.jpg",8.890707109652032
3,333,The Lord of the Rings: The Fellowship of the Ring,2001,8.8,1661481,178,"Action, Adventure, Drama",U,333,"https://m.media-amazon.com/images/M/MV5BN2EyZjM3NzUtNWUzMi00MTgxLWI0NTctMzY4M2VlOTdjZWRiXkEyXkFqcGdeQXVyNDUzOTQ5MjY@._V1_UX67_CR0,0,67,98_AL_.jpg",8.805635384349593
4,119,Goodfellas,1990,8.7,1020727,146,"Biography, Crime, Drama",A,119,"https://m.media-amazon.com/images/M/MV5BY2NkZjEzMDgtN2RjYy00YzM1LWI4ZmQtMjIwYjFjNmI3ZGEwXkEyXkFqcGdeQXVyNzkwMjQ5NzM@._V1_UX67_CR0,0,67,98_AL_.jpg",8.659819705483661
5,251,Saving Private Ryan,1998,8.6,1235804,169,"Drama, War",R,251,"https://m.media-amazon.com/images/M/MV5BZjhkMDM4MWItZTVjOC00ZDRhLThmYTAtM2I5NzBmNmNlMzI1XkEyXkFqcGdeQXVyNDYyMDk5MTU@._V1_UX67_CR0,0,67,98_AL_.jpg",8.62601784021008
6,353,The Silence of the Lambs,1991,8.6,1270197,118,"Crime, Drama, Thriller",A,353,"https://m.media-amazon.com/images/M/MV5BNjNhZTk0ZmEtNjJhMi00YzFlLWE1MmEtYzM1M2ZmMGMwMTU4XkEyXkFqcGdeQXVyNjU0OTQ0OTY@._V1_UX67_CR0,0,67,98_AL_.jpg",8.507747032741328
7,209,Modern Times,1936,8.5,217881,87,"Comedy, Drama, Family",G,209,"https://m.media-amazon.com/images/M/MV5BYjJiZjMzYzktNjU0NS00OTkxLWEwYzItYzdhYWJjN2QzMTRlL2ltYWdlL2ltYWdlXkEyXkFqcGdeQXVyNjU0OTQ0OTY@._V1_UX67_CR0,0,67,98_AL_.jpg",8.504770049882257
8,146,It's a Wonderful Life,1946,8.6,405801,130,"Drama, Family, Fantasy",PG,146,"https://m.media-amazon.com/images/M/MV5BZjc4NDZhZWMtNGEzYS00ZWU2LThlM2ItNTA0YzQ0OTExMTE2XkEyXkFqcGdeQXVyNjUwMzI2NzU@._V1_UY98_CR0,0,67,98_AL_.jpg",8.484869338357264
9,329,The Lion King,1994,8.5,942045,88,"Animation, Adventure, Drama",U,329,"https://m.media-amazon.com/images/M/MV5BYTYxNGMyZTYtMjE3MS00MzNjLWFjNmYtMDk3N2FmM2JiM2M1XkEyXkFqcGdeQXVyNjY5NDU4NzI@._V1_UX67_CR0,0,67,98_AL_.jpg",8.48109320606142
10,231,Pan's Labyrinth,2006,8.2,618623,118,"Drama, Fantasy, War",UA,231,"https://m.media-amazon.com/images/M/MV5BMTU3ODg2NjQ5NF5BMl5BanBnXkFtZTcwMDEwODgzMQ@@._V1_UX67_CR0,0,67,98_AL_.jpg",8.468885733539395
11,203,Metropolis,1927,8.3,159992,153,"Drama, Sci-Fi",,203,"https://m.media-amazon.com/images/M/MV5BMTg5YWIyMWUtZDY5My00Zjc1LTljOTctYmI0MWRmY2M2NmRkXkEyXkFqcGdeQXVyMTMxODk2OTU@._V1_UX67_CR0,0,67,98_AL_.jpg",8.439425372446355
12,306,The Departed,2006,8.5,1189773,151,"Crime, Drama, Thriller",A,306,"https://m.media-amazon.com/images/M/MV5BMTI1MTY2OTIxNV5BMl5BanBnXkFtZTYwNjQ4NjY3._V1_UX67_CR0,0,67,98_AL_.jpg",8.435145446347754
13,271,Some Like It Hot,1959,8.2,243943,121,"Comedy, Music, Romance",U,271,"https://m.media-amazon.com/images/M/MV5BNzAyOGIxYjAtMGY2NC00ZTgyLWIwMWEtYzY0OWQ4NDFjOTc5XkEyXkFqcGdeQXVyNjU0OTQ0OTY@._V1_UX67_CR0,0,67,98_AL_.jpg",8.425870303192994
14,15,Alien,1979,8.4,787806,117,"Horror, Sci-Fi",R,15,"https://m.media-amazon.com/images/M/MV5BMmQ2MmU3NzktZjAxOC00ZDZhLTk4YzEtMDMyMzcxY2IwMDAyXkEyXkFqcGdeQXVyNzkwMjQ5NzM@._V1_UX67_CR0,0,67,98_AL_.jpg",8.425068548781297
15,16,All About Eve,1950,8.2,120539,138,Drama,Passed,16,"https://m.media-amazon.com/images/M/MV5BMTY2MTAzODI5NV5BMl5BanBnXkFtZTgwMjM4NzQ0MjE@._V1_UX67_CR0,0,67,98_AL_.jpg",8.389775628145742
16,94,Double Indemnity,1944,8.3,143525,107,"Crime, Drama, Film-Noir",Passed,94,"https://m.media-amazon.com/images/M/MV5BOTdlNjgyZGUtOTczYi00MDdhLTljZmMtYTEwZmRiOWFkYjRhXkEyXkFqcGdeQXVyNDY2MTk1ODk@._V1_UX67_CR0,0,67,98_AL_.jpg",8.371756759006772
17,1,12 Years a Slave,2013,8.1,640533,134,"Biography, Drama, History",A,1,"https://m.media-amazon.com/images/M/MV5BMjExMTEzODkyN15BMl5BanBnXkFtZTcwNTU4NTc4OQ@@._V1_UX67_CR0,0,67,98_AL_.jpg",8.369344387909461
18,363,There Will Be Blood,2007,8.2,517359,158,Drama,A,363,"https://m.media-amazon.com/images/M/MV5BMjAxODQ4MDU5NV5BMl5BanBnXkFtZTcwMDU4MjU1MQ@@._V1_UX67_CR0,0,67,98_AL_.jpg",8.361683189123031
19,282,Sweet Smell of Success,1957,8.0,28137,96,"Drama, Film-Noir",Approved,282,"https://m.media-amazon.com/images/M/MV5BMjE5NTU3YWYtOWIxNi00YWZhLTg2NzktYzVjZWY5MDQ4NzVlXkEyXkFqcGdeQXVyNjc1NTYyMjg@._V1_UX67_CR0,0,67,98_AL_.jpg",8.357702265014908
20,138,Il conformista,1970,8.0,27067,113,Drama,UA,138,"https://m.media-amazon.com/images/M/MV5BODFlYzU4YTItN2EwYi00ODI3LTkwNTQtMDdkNjM3YjMyMTgyXkEyXkFqcGdeQXVyNjc1NTYyMjg@._V1_UY98_CR0,0,67,98_AL_.jpg",8.357504064828902
21,369,Toy Story 3,2010,8.2,757032,103,"Animation, Adventure, Comedy",U,369,"https://m.media-amazon.com/images/M/MV5BMTgxOTY4Mjc0MF5BMl5BanBnXkFtZTcwNTA4MDQyMw@@._V1_UY98_CR1,0,67,98_AL_.jpg",8.35626816076623
22,244,Raiders of the Lost Ark,1981,8.4,884112,115,"Action, Adventure",A,244,"https://m.media-amazon.com/images/M/MV5BMjA0ODEzMTc1Nl5BMl5BanBnXkFtZTcwODM2MjAxNA@@._V1_UX67_CR0,0,67,98_AL_.jpg",8.351717154098255
23,368,Touch of Evil,1958,8.0,98431,95,"Crime, Drama, Film-Noir",PG-13,368,"https://m.media-amazon.com/images/M/MV5BOTA1MjA3M2EtMmJjZS00OWViLTkwMTEtM2E5ZDk0NTAyNGJiXkEyXkFqcGdeQXVyNzkwMjQ5NzM@._V1_UX67_CR0,0,67,98_AL_.jpg",8.347622718540734
24,65,Cidade de Deus,2002,8.6,699256,130,"Crime, Drama",A,65,"https://m.media-amazon.com/images/M/MV5BOTMwYjc5ZmItYTFjZC00ZGQ3LTlkNTMtMjZiNTZlMWQzNzI5XkEyXkFqcGdeQXVyNzkwMjQ5NzM@._V1_UX67_CR0,0,67,98_AL_.jpg",8.341938597839352
25,141,Inside Out,2015,8.1,616228,95,"Animation, Adventure, Comedy",U,141,"https://m.media-amazon.com/images/M/MV5BOTgxMDQwMDk0OF5BMl5BanBnXkFtZTgwNjU5OTg2NDE@._V1_UX67_CR0,0,67,98_AL_.jpg",8.328432979185957
26,211,Monty Python and the Holy Grail,1975,8.2,500875,91,"Adventure, Comedy, Fantasy",PG,211,"https://m.media-amazon.com/images/M/MV5BN2IyNTE4YzUtZWU0Mi00MGIwLTgyMmQtMzQ4YzQxYWNlYWE2XkEyXkFqcGdeQXVyNjU0OTQ0OTY@._V1_UX67_CR0,0,67,98_AL_.jpg",8.320314127854154
27,245,Ratatouille,2007,8.0,641645,111,"Animation, Adventure, Comedy",U,245,"https://m.media-amazon.com/images/M/MV5BMTMzODU0NTkxMF5BMl5BanBnXkFtZTcwMjQ4MzMzMw@@._V1_UX67_CR0,0,67,98_AL_.jpg",8.308487891454664
28,53,Bronenosets Potemkin,1925,8.0,53054,75,"Drama, History, Thriller",,53,"https://m.media-amazon.com/images/M/MV5BMTEyMTQzMjQ0MTJeQTJeQWpwZ15BbWU4MDcyMjg4OTEx._V1_UY98_CR1,0,67,98_AL_.jpg",8.301846144116876
29,142,Interstellar,2014,8.6,1512360,169,"Adventure, Drama, Sci-Fi",UA,142,"https://m.media-amazon.com/images/M/MV5BZjdkOTU3MDktN2IxOS00OGEyLWFmMjktY2FiMmZkNWIyODZiXkEyXkFqcGdeQXVyMTMxODk2OTU@._V1_UX67_CR0,0,67,98_AL_.jpg",8.297957454499645
30,249,Rosemary's Baby,1968,8.0,193674,137,"Drama, Horror",A,249,"https://m.media-amazon.com/images/M/MV5BZmEwZGU2NzctYzlmNi00MGJkLWE3N2MtYjBlN2ZhMGJkZTZiXkEyXkFqcGdeQXVyMTQxNzMzNDI@._V1_UX67_CR0,0,67,98_AL_.jpg",8.295430471270985
31,337,The Maltese Falcon,1941,8.0,148928,100,"Film-Noir, Mystery",,337,"https://m.media-amazon.com/images/M/MV5BZjIwNGM1ZTUtOThjYS00NDdiLTk2ZDYtNGY5YjJkNzliM2JjL2ltYWdlL2ltYWdlXkEyXkFqcGdeQXVyMDI2NDg0NQ@@._V1_UX67_CR0,0,67,98_AL_.jpg",8.292291235099565
32,327,The Lady Vanishes,1938,7.8,47400,96,"Mystery, Thriller",,327,"https://m.media-amazon.com/images/M/MV5BNjk3YzFjYTktOGY0ZS00Y2EwLTk2NTctYTI1Nzc2OWNiN2I4XkEyXkFqcGdeQXVyNzM0MTUwNTY@._V1_UX67_CR0,0,67,98_AL_.jpg",8.290481752892612
33,290,The Adventures of Robin Hood,1938,7.9,47175,102,"Action, Adventure, Romance",PG,290,"https://m.media-amazon.com/images/M/MV5BYjZjOTU3MTMtYTM5YS00YjZmLThmNmMtODcwOTM1NmRiMWM2XkEyXkFqcGdeQXVyNjc1NTYyMjg@._V1_UX67_CR0,0,67,98_AL_.jpg",8.285753517103391
34,4,"4 luni, 3 saptamâni si 2 zile",2007,7.9,56625,113,Drama,,4,"https://m.media-amazon.com/images/M/MV5BYzU1YWUzNjYtNmVhZi00ODUyLTg4M2ItMTFlMmU1Mzc5OTE5XkEyXkFqcGdeQXVyMTMxODk2OTU@._V1_UY98_CR1,0,67,98_AL_.jpg",8.28480987513556
35,40,Beauty and the Beast,1991,8.0,417178,84,"Animation, Family, Fantasy",G,40,"https://m.media-amazon.com/images/M/MV5BMzE5MDM1NDktY2I0OC00YWI5LTk2NzUtYjczNDczOWQxYjM0XkEyXkFqcGdeQXVyMTQxNzMzNDI@._V1_UX67_CR0,0,67,98_AL_.jpg",8.284309620454485
36,151,Jules et Jim,1962,7.8,37605,105,"Drama, Romance",,151,"https://m.media-amazon.com/images/M/MV5BZTM1MTRiNDctMTFiMC00NGM1LTkyMWQtNTY1M2JjZDczOWQ3XkEyXkFqcGdeQXVyMDI3OTIzOA@@._V1_UY98_CR3,0,67,98_AL_.jpg",8.274191763155185
37,168,La La Land,2016,8.0,505918,128,"Comedy, Drama, Music",A,168,"https://m.media-amazon.com/images/M/MV5BMzUzNDM2NzM2MV5BMl5BanBnXkFtZTgwNTM3NTg4OTE@._V1_UX67_CR0,0,67,98_AL_.jpg",8.26627846469018
38,338,The Man Who Shot Liberty Valance,1962,8.1,68827,123,"Drama, Western",,338,"https://m.media-amazon.com/images/M/MV5BMGEyNzhkYzktMGMyZS00YzRiLWJlYjktZjJkOTU5ZDY0ZGI4XkEyXkFqcGdeQXVyNjUwNzk3NDc@._V1_UX67_CR0,0,67,98_AL_.jpg",8.264459192569548
39,346,The Philadelphia Story,1940,7.9,63550,112,"Comedy, Romance",,346,"https://m.media-amazon.com/images/M/MV5BYjQ4ZDA4NGMtMTkwYi00NThiLThhZDUtZTEzNTAxOWYyY2E4XkEyXkFqcGdeQXVyMjUxODE0MDY@._V1_UX67_CR0,0,67,98_AL_.jpg",8.264161127386757
40,303,The Dark Knight Rises,2012,8.4,1516346,164,"Action, Adventure",UA,303,"https://m.media-amazon.com/images/M/MV5BMTk4ODQzNDY3Ml5BMl5BanBnXkFtZTcwODA0NTM4Nw@@._V1_UX67_CR0,0,67,98_AL_.jpg",8.236851098675649
41,339,The Manchurian Candidate,1962,7.9,71122,126,"Drama, Thriller",PG-13,339,"https://m.media-amazon.com/images/M/MV5BOTY0ZTA1ZjUtN2MyNi00ZGRmLWExYmMtOTkyNzI1NGQ2Y2RlXkEyXkFqcGdeQXVyNjc1NTYyMjg@._V1_UX67_CR0,0,67,98_AL_.jpg",8.223489518810881
42,361,The Wizard of Oz,1939,8.0,371379,102,"Adventure, Family, Fantasy",U,361,"https://m.media-amazon.com/images/M/MV5BNjUyMTc4MDExMV5BMl5BanBnXkFtZTgwNDg0NDIwMjE@._V1_UX67_CR0,0,67,98_AL_.jpg",8.223054767760434
43,292,The Best Years of Our Lives,1946,8.0,57259,170,"Drama, Romance, War",Approved,292,"https://m.media-amazon.com/images/M/MV5BY2RmNTRjYzctODI4Ni00MzQyLWEyNTAtNjU0N2JkMTNhNjJkXkEyXkFqcGdeQXVyNjU0OTQ0OTY@._V1_UX67_CR0,0,67,98_AL_.jpg",8.222466694469233
44,41,Before Midnight,2013,7.9,141457,109,"Drama, Romance",R,41,"https://m.media-amazon.com/images/M/MV5BMjA5NzgxODE2NF5BMl5BanBnXkFtZTcwNTI1NTI0OQ@@._V1_UX67_CR0,0,67,98_AL_.jpg",8.218669112933377
45,44,Ben-Hur,1959,8.1,219466,212,"Adventure, Drama, History",U,44,"https://m.media-amazon.com/images/M/MV5BNjgxY2JiZDYtZmMwOC00ZmJjLWJmODUtMTNmNWNmYWI5ODkwL2ltYWdlL2ltYWdlXkEyXkFqcGdeQXVyNjc1NTYyMjg@._V1_UX67_CR0,0,67,98_AL_.jpg",8.218665446046735
46,200,Marriage Story,2019,7.9,246644,137,"Comedy, Drama, Romance",U,200,"https://m.media-amazon.com/images/M/MV5BZGVmY2RjNDgtMTc3Yy00YmY0LTgwODItYzBjNWJhNTRlYjdkXkEyXkFqcGdeQXVyMjM4NTM5NDY@._V1_UX67_CR0,0,67,98_AL_.jpg",8.214285010999028
47,107,Fantasia,1940,7.7,88662,125,"Animation, Family, Fantasy",G,107,"https://m.media-amazon.com/images/M/MV5BMjAxMTI1Njk3OF5BMl5BanBnXkFtZTgwNjkzODk4NTE@._V1_UX67_CR0,0,67,98_AL_.jpg",8.213141911765828
48,317,The Grand Budapest Hotel,2014,8.1,707630,99,"Adventure, Comedy, Crime",UA,317,"https://m.media-amazon.com/images/M/MV5BMzM5NjUxOTEyMl5BMl5BanBnXkFtZTgwNjEyMDM0MDE@._V1_UX67_CR0,0,67,98_AL_.jpg",8.211607425827415
49,197,Manchester by the Sea,2016,7.8,246963,137,Drama,UA,197,"https://m.media-amazon.com/images/M/MV5BMTYxMjk0NDg4Ml5BMl5BanBnXkFtZTgwODcyNjA5OTE@._V1_UX67_CR0,0,67,98_AL_.jpg",8.210198295424805
50,182,Le scaphandre et le papillon,2007,8.0,103284,112,"Biography, Drama",PG-13,182,"https://m.media-amazon.com/images/M/MV5BMTc3MjkzMDkxN15BMl5BanBnXkFtZTcwODAyMTU1MQ@@._V1_UX67_CR0,0,67,98_AL_.jpg",8.208138624997822
51,176,Le charme discret de la bourgeoisie,1972,7.9,38737,102,Comedy,PG,176,"https://m.media-amazon.com/images/M/MV5BYzQ5NjJiYWQtYjAzMC00NGU0LWFlMDYtNGFiYjFlMWI1NWM0XkEyXkFqcGdeQXVyODQ0OTczOQ@@._V1_UY98_CR4,0,67,98_AL_.jpg",8.206658900692936
52,260,Shadow of a Doubt,1943,7.8,59556,108,"Film-Noir, Thriller",PG,260,"https://m.media-amazon.com/images/M/MV5BM2I1YWM4NTYtYjA0Ny00ZDEwLTg3NTgtNzBjMzZhZTk1YTA1XkEyXkFqcGdeQXVyMTY5Nzc4MDY@._V1_UX67_CR0,0,67,98_AL_.jpg",8.206264954541448
53,196,Manbiki kazoku,2018,7.9,62754,121,"Crime, Drama",A,196,"https://m.media-amazon.com/images/M/MV5BYWZmOTY0MDAtMGRlMS00YjFlLWFkZTUtYmJhYWNlN2JjMmZkXkEyXkFqcGdeQXVyODAzODU1NDQ@._V1_UX67_CR0,0,67,98_AL_.jpg",8.204233967244988
54,367,Tonari no Totoro,1988,8.2,291180,86,"Animation, Family, Fantasy",U,367,"https://m.media-amazon.com/images/M/MV5BYzJjMTYyMjQtZDI0My00ZjE2LTkyNGYtOTllNGQxNDMyZjE0XkEyXkFqcGdeQXVyMTMxODk2OTU@._V1_UY98_CR1,0,67,98_AL_.jpg",8.194899254305595
55,113,Gangs of Wasseypur,2012,8.2,82365,321,"Action, Comedy, Crime",A,113,"https://m.media-amazon.com/images/M/MV5BMTc5NjY4MjUwNF5BMl5BanBnXkFtZTgwODM3NzM5MzE@._V1_UX67_CR0,0,67,98_AL_.jpg",8.192249596837804
56,76,Days of Heaven,1978,7.8,52852,94,"Drama, Romance",PG,76,"https://m.media-amazon.com/images/M/MV5BZjMyZmU4OGYtNjBiYS00YTIxLWJjMDUtZjczZmQwMTM4YjQxXkEyXkFqcGdeQXVyNTI4MjkwNjA@._V1_UX67_CR0,0,67,98_AL_.jpg",8.188540616145325
57,98,Duck Soup,1933,7.8,55581,69,"Comedy, Musical, War",,98,"https://m.media-amazon.com/images/M/MV5BYmYxZGU2NWYtNzQxZS00NmEyLWIzN2YtMDk5MWM0ODc5ZTE4XkEyXkFqcGdeQXVyNTA4NzY1MzY@._V1_UX67_CR0,0,67,98_AL_.jpg",8.187599926087636
58,382,Unforgiven,1992,8.2,375935,130,"Drama, Western",A,382,"https://m.media-amazon.com/images/M/MV5BODM3YWY4NmQtN2Y3Ni00OTg0LWFhZGQtZWE3ZWY4MTJlOWU4XkEyXkFqcGdeQXVyNjU0OTQ0OTY@._V1_UX67_CR0,0,67,98_AL_.jpg",8.187394951237884
59,36,Barry Lyndon,1975,8.1,149843,185,"Adventure, Drama, History",PG,36,"https://m.media-amazon.com/images/M/MV5BNmY0MWY2NDctZDdmMi00MjA1LTk0ZTQtZDMyZTQ1NTNlYzVjXkEyXkFqcGdeQXVyMjUzOTY1NTc@._V1_UX67_CR0,0,67,98_AL_.jpg",8.186503651118883
60,325,The Killing,1956,8.0,81702,84,"Crime, Drama, Film-Noir",Approved,325,"https://m.media-amazon.com/images/M/MV5BMDE5ZjAwY2YtOWM5Yi00ZWNlLWE5ODQtYjA4NzA1NGFkZDU5XkEyXkFqcGdeQXVyNjc1NTYyMjg@._V1_UX67_CR0,0,67,98_AL_.jpg",8.185708681569116
61,34,Badlands,1973,7.8,66009,94,"Action, Crime, Drama",PG,34,"https://m.media-amazon.com/images/M/MV5BMDcxNjhiOTEtMzQ0YS00OTBhLTkxM2QtN2UyZDMzNzIzNWFlXkEyXkFqcGdeQXVyMTQxNzMzNDI@._V1_UY98_CR1,0,67,98_AL_.jpg",8.184182317075837
62,17,All Quiet on the Western Front,1930,8.0,57318,152,"Drama, War",U,17,"https://m.media-amazon.com/images/M/MV5BMzg2MWQ4MDEtOGZlNi00MTg0LWIwMjQtYWY5NTQwYmUzMWNmXkEyXkFqcGdeQXVyMzg2MzE2OTE@._V1_UX67_CR0,0,67,98_AL_.jpg",8.182475257792134
63,393,Wo hu cang long,2000,7.8,253228,120,"Action, Adventure, Fantasy",UA,393,"https://m.media-amazon.com/images/M/MV5BNDdhMzMxOTctNDMyNS00NTZmLTljNWEtNTc4MDBmZTYxY2NmXkEyXkFqcGdeQXVyNjU0OTQ0OTY@._V1_UX67_CR0,0,67,98_AL_.jpg",8.169506356521012
64,354,The Sting,1973,8.3,241513,129,"Comedy, Crime, Drama",U,354,"https://m.media-amazon.com/images/M/MV5BNGU3NjQ4YTMtZGJjOS00YTQ3LThmNmItMTI5MDE2ODI3NzY3XkEyXkFqcGdeQXVyMjUzOTY1NTc@._V1_UX67_CR0,0,67,98_AL_.jpg",8.168988126515632
65,309,The French Connection,1971,7.7,110075,104,"Action, Crime, Drama",A,309,"https://m.media-amazon.com/images/M/MV5BOTZhY2E3NmItMGIwNi00OTA2LThkYmEtODFiZTM0NGI0ZWU5XkEyXkFqcGdeQXVyNTc1NTQxODI@._V1_UY98_CR1,0,67,98_AL_.jpg",8.16398528851795
66,226,Once Upon a Time in America,1984,8.4,311365,229,"Crime, Drama",A,226,"https://m.media-amazon.com/images/M/MV5BMGFkNWI4MTMtNGQ0OC00MWVmLTk3MTktOGYxN2Y2YWVkZWE2XkEyXkFqcGdeQXVyNjU0OTQ0OTY@._V1_UX67_CR0,0,67,98_AL_.jpg",8.163376381386216
67,234,Patton,1970,7.9,93741,172,"Biography, Drama, War",U,234,"https://m.media-amazon.com/images/M/MV5BMmNhZmJhMmYtNjlkMC00MjhjLTk1NzMtMTNlMzYzNjZlMjNiXkEyXkFqcGdeQXVyMTQxNzMzNDI@._V1_UX67_CR0,0,67,98_AL_.jpg",8.16168860299387
68,289,The 39 Steps,1935,7.6,51853,86,"Crime, Mystery, Thriller",,289,"https://m.media-amazon.com/images/M/MV5BMTY5ODAzMTcwOF5BMl5BanBnXkFtZTcwMzYxNDYyNA@@._V1_UX67_CR0,0,67,98_AL_.jpg",8.156114966451485
69,328,The Ladykillers,1955,7.7,26464,91,"Comedy, Crime",,328,"https://m.media-amazon.com/images/M/MV5BYTVlM2JmOGQtNWEwYy00NDQzLWIyZmEtOGZhMzgxZGRjZDA0XkEyXkFqcGdeQXVyMDI2NDg0NQ@@._V1_UX67_CR0,0,67,98_AL_.jpg",8.149503491165273
70,52,Bringing Up Baby,1938,7.8,55163,102,"Comedy, Family, Romance",Passed,52,"https://m.media-amazon.com/images/M/MV5BMmVkOTRiYmItZjE4NS00MWNjLWE0ZmMtYzg5YzFjMjMyY2RkXkEyXkFqcGdeQXVyNjc1NTYyMjg@._V1_UX67_CR0,0,67,98_AL_.jpg",8.147742712807784
71,349,The Right Stuff,1983,7.8,56235,193,"Adventure, Biography, Drama",PG,349,"https://m.media-amazon.com/images/M/MV5BOTUwMDA3MTYtZjhjMi00ODFmLTg5ZTAtYzgwN2NlODgzMmUwXkEyXkFqcGdeQXVyNjc1NTYyMjg@._V1_UX67_CR0,0,67,98_AL_.jpg",8.147377452935846
72,160,King Kong,1933,7.9,78991,100,"Adventure, Horror, Sci-Fi",Passed,160,"https://m.media-amazon.com/images/M/MV5BZTY3YjYxZGQtMTM2YS00ZmYwLWFlM2QtOWFlMTU1NTAyZDQ2XkEyXkFqcGdeQXVyNTgyNTA4MjM@._V1_UX67_CR0,0,67,98_AL_.jpg",8.142830019626437
73,380,Un prophète,2009,7.9,93560,155,"Crime, Drama",A,380,"https://m.media-amazon.com/images/M/MV5BMTUyMjQ1MTY5OV5BMl5BanBnXkFtZTcwNzY5NjExMw@@._V1_UY98_CR1,0,67,98_AL_.jpg",8.141701917423697
74,154,Kaguyahime no monogatari,2013,8.0,38746,137,"Animation, Adventure, Drama",U,154,"https://m.media-amazon.com/images/M/MV5BNThmMWMyMWMtOWRiNy00MGY0LTg1OTUtNjYzODg2MjdlZGU5XkEyXkFqcGdeQXVyMTMxODk2OTU@._V1_UY98_CR1,0,67,98_AL_.jpg",8.139571792377922
75,161,Kis Uykusu,2014,8.1,46547,196,Drama,,161,"https://m.media-amazon.com/images/M/MV5BYzE2MjEwMTQtOTQ2Mi00ZWExLTkyMjUtNmJjMjBlYWFjZDdlXkEyXkFqcGdeQXVyMTI3ODAyMzE2._V1_UY98_CR0,0,67,98_AL_.jpg",8.135869965737244
76,20,Almost Famous,2000,7.9,252586,122,"Adventure, Comedy, Drama",A,20,"https://m.media-amazon.com/images/M/MV5BMzY1ZjMwMGEtYTY1ZS00ZDllLTk0ZmUtYzA3ZTA4NmYwNGNkXkEyXkFqcGdeQXVyNDk3NzU2MTQ@._V1_UX67_CR0,0,67,98_AL_.jpg",8.134097992394986
77,145,It Happened One Night,1934,8.1,94016,105,"Comedy, Romance",Approved,145,"https://m.media-amazon.com/images/M/MV5BYzJmMWE5NjAtNWMyZS00NmFiLWIwMDgtZDE2NzczYWFhNzIzXkEyXkFqcGdeQXVyNjc1NTYyMjg@._V1_UX67_CR0,0,67,98_AL_.jpg",8.132608882638541
78,46,Blade Runner,1982,8.1,693827,117,"Action, Sci-Fi, Thriller",UA,46,"https://m.media-amazon.com/images/M/MV5BNzQzMzJhZTEtOWM4NS00MTdhLTg0YjgtMjM4MDRkZjUwZDBlXkEyXkFqcGdeQXVyNjU0OTQ0OTY@._V1_UX67_CR0,0,67,98_AL_.jpg",8.131169598449189
79,156,Kaze no tani no Naushika,1984,8.1,150924,117,"Animation, Adventure, Fantasy",U,156,"https://m.media-amazon.com/images/M/MV5BZWFkN2ZhODAtYTNkZS00Y2NjLWIzNDYtNzJjNDNlMzAyNTIyXkEyXkFqcGdeQXVyODEzNjM5OTQ@._V1_UY98_CR1,0,67,98_AL_.jpg",8.126729228831456
80,188,Little Women,2019,7.8,143250,135,"Drama, Romance",U,188,"https://m.media-amazon.com/images/M/MV5BY2QzYTQyYzItMzAwYi00YjZlLThjNTUtNzMyMDdkYzJiNWM4XkEyXkFqcGdeQXVyMTkxNjUyNQ@@._V1_UX67_CR0,0,67,98_AL_.jpg",8.125309327046338
81,318,The Great Dictator,1940,8.4,203150,125,"Comedy, Drama, War",Passed,318,"https://m.media-amazon.com/images/M/MV5BMmExYWJjNTktNGUyZS00ODhmLTkxYzAtNWIzOGEyMGNiMmUwXkEyXkFqcGdeQXVyNjU0OTQ0OTY@._V1_UX67_CR0,0,67,98_AL_.jpg",8.124693003755297
82,6,A Clockwork Orange,1971,8.3,757904,136,"Crime, Drama, Sci-Fi",A,6,"https://m.media-amazon.com/images/M/MV5BMTY3MjM1Mzc4N15BMl5BanBnXkFtZTgwODM0NzAxMDE@._V1_UX67_CR0,0,67,98_AL_.jpg",8.119520262096248
83,372,Trainspotting,1996,8.1,634716,93,Drama,A,372,"https://m.media-amazon.com/images/M/MV5BMzA5Zjc3ZTMtMmU5YS00YTMwLWI4MWUtYTU0YTVmNjVmODZhXkEyXkFqcGdeQXVyNjU0OTQ0OTY@._V1_UX67_CR0,0,67,98_AL_.jpg",8.109131081237077
84,210,Mononoke-hime,1997,8.4,343171,134,"Animation, Action, Adventure",U,210,"https://m.media-amazon.com/images/M/MV5BNGIzY2IzODQtNThmMi00ZDE4LWI5YzAtNzNlZTM1ZjYyYjUyXkEyXkFqcGdeQXVyODEzNjM5OTQ@._V1_UX67_CR0,0,67,98_AL_.jpg",8.10387461790876
85,193,Love and Death,1975,7.7,36037,85,"Comedy, War",PG,193,"https://m.media-amazon.com/images/M/MV5BMTYxMDk1NTA5NF5BMl5BanBnXkFtZTcwNDkzNzA2NA@@._V1_UX67_CR0,0,67,98_AL_.jpg",8.102666006067547
86,106,Fa yeung nin wah,2000,8.1,124383,98,"Drama, Romance",U,106,"https://m.media-amazon.com/images/M/MV5BYjZjODRlMjQtMjJlYy00ZDBjLTkyYTQtZGQxZTk5NzJhYmNmXkEyXkFqcGdeQXVyMTQxNzMzNDI@._V1_UY98_CR1,0,67,98_AL_.jpg",8.100757795907118
87,280,Strangers on a Train,1951,7.9,123341,101,"Crime, Film-Noir, Thriller",A,280,"https://m.media-amazon.com/images/M/MV5BNzkwNjk4ODgtYjRmMi00ODdhLWIyNjUtNWQyMjg2N2E2NjlhXkEyXkFqcGdeQXVyNjE5MjUyOTM@._V1_UX67_CR0,0,67,98_AL_.jpg",8.099710970411527
88,323,The Innocents,1961,7.8,27007,100,Horror,A,323,"https://m.media-amazon.com/images/M/MV5BNGQyNjBjNTUtNTM1OS00YzcyLWFhNTgtNTU0MDg3NzBlMDQzXkEyXkFqcGdeQXVyNjc1NTYyMjg@._V1_UY98_CR0,0,67,98_AL_.jpg",8.098564508023367
89,91,Dog Day Afternoon,1975,8.0,235652,125,"Biography, Crime, Drama",U,91,"https://m.media-amazon.com/images/M/MV5BODExZmE2ZWItYTIzOC00MzI1LTgyNTktMDBhNmFhY2Y4OTQ3XkEyXkFqcGdeQXVyNjU0OTQ0OTY@._V1_UX67_CR0,0,67,98_AL_.jpg",8.097790970819167
90,297,The Bourne Ultimatum,2007,8.0,604694,115,"Action, Mystery, Thriller",UA,297,"https://m.media-amazon.com/images/M/MV5BNGNiNmU2YTMtZmU4OS00MjM0LTlmYWUtMjVlYjAzYjE2N2RjXkEyXkFqcGdeQXVyNDk3NzU2MTQ@._V1_UX67_CR0,0,67,98_AL_.jpg",8.087960103336652
91,139,In the Name of the Father,1993,8.1,156842,133,"Biography, Crime, Drama",UA,139,"https://m.media-amazon.com/images/M/MV5BMmYyOTgwYWItYmU3Ny00M2E2LTk0NWMtMDVlNmQ0MWZiMTMxXkEyXkFqcGdeQXVyNzkwMjQ5NzM@._V1_UX67_CR0,0,67,98_AL_.jpg",8.087940032566307
92,126,Hauru no ugoku shiro,2004,8.2,333915,119,"Animation, Adventure, Family",U,126,"https://m.media-amazon.com/images/M/MV5BNmM4YTFmMmItMGE3Yy00MmRkLTlmZGEtMzZlOTQzYjk3MzA2XkEyXkFqcGdeQXVyMTMxODk2OTU@._V1_UX67_CR0,0,67,98_AL_.jpg",8.081694487689807
93,12,Ah-ga-ssi,2016,8.1,113649,145,"Drama, Romance, Thriller",A,12,"https://m.media-amazon.com/images/M/MV5BNDJhYTk2MTctZmVmOS00OTViLTgxNjQtMzQxOTRiMDdmNGRjXkEyXkFqcGdeQXVyMTMxODk2OTU@._V1_UY98_CR0,0,67,98_AL_.jpg",8.078056921557556
94,272,Song of the Sea,2014,8.1,51679,93,"Animation, Adventure, Drama",PG,272,"https://m.media-amazon.com/images/M/MV5BMTQ2MDMwNjEwNV5BMl5BanBnXkFtZTgwOTkxMzI0MzE@._V1_UY98_CR0,0,67,98_AL_.jpg",8.077982535939451
95,358,The Thin Man,1934,8.0,26642,91,"Comedy, Crime, Mystery",TV-PG,358,"https://m.media-amazon.com/images/M/MV5BYmFlOWMwMjAtMDMyMC00N2JjLTllODUtZjY3YWU3NGRkM2I2L2ltYWdlXkEyXkFqcGdeQXVyMjUxODE0MDY@._V1_UX67_CR0,0,67,98_AL_.jpg",8.077424824084018
96,225,Once,2007,7.8,110656,86,"Drama, Music, Romance",R,225,"https://m.media-amazon.com/images/M/MV5BYWUxZjJkMDktZmMxMS00Mzg3LTk4MDItN2IwODlmN2E0MTM0XkEyXkFqcGdeQXVyMTMxODk2OTU@._V1_UX67_CR0,0,67,98_AL_.jpg",8.072133440795497
97,89,Dirty Harry,1971,7.7,143292,102,"Action, Crime, Thriller",A,89,"https://m.media-amazon.com/images/M/MV5BMzdhMTM2YTItOWU2YS00MTM0LTgyNDYtMDM1OWM3NzkzNTM2XkEyXkFqcGdeQXVyNjc1NTYyMjg@._V1_UX67_CR0,0,67,98_AL_.jpg",8.07203304118821
98,356,The Terminator,1984,8.0,799795,107,"Action, Sci-Fi",UA,356,"https://m.media-amazon.com/images/M/MV5BYTViNzMxZjEtZGEwNy00MDNiLWIzNGQtZDY2MjQ1OWViZjFmXkEyXkFqcGdeQXVyNzkwMjQ5NzM@._V1_UX67_CR0,0,67,98_AL_.jpg",8.07030657488148
99,121,Hable con ella,2002,7.9,104691,112,"Drama, Mystery, Romance",R,121,"https://m.media-amazon.com/images/M/MV5BYmVmMGQ3NzEtM2FiNi00YThhLWFkZjYtM2Y0MjZjNGE4NzM0XkEyXkFqcGdeQXVyODc0OTEyNDU@._V1_UY98_CR1,0,67,98_AL_.jpg",8.060912419689451
100,332,The Long Goodbye,1973,7.6,26337,112,"Comedy, Crime, Drama",A,332,"https://m.media-amazon.com/images/M/MV5BYzZhODNiOWYtMmNkNS00OTFhLTkzYzktYTQ4ZmNmZWMyN2ZiL2ltYWdlL2ltYWdlXkEyXkFqcGdeQXVyNjc1NTYyMjg@._V1_UX67_CR0,0,67,98_AL_.jpg",8.060341496555791
