feed_date,catalog_id,Series_Title,Released_Year,Genre,IMDB_Rating,Meta_score,No_of_Votes,RuntimeMinutes,CertificateNorm,Poster_CDN,WeightedRank,Overview,Director,Star1,Star2,Star3,Star4
2026-01-01,the-godfather-1972,The Godfather,1972,"Crime, Drama",9.2,100.0,1620367,175,A,https://m.media-amazon.com/images/M/MV5BM2MyNjYxNmUtYTAwNi00MTYxLWJmNWYtYzZlODY3ZTk3OTFlXkEyXkFqcGdeQXVyNzkwMjQ5NzM@._V1_UX342_.jpg,9.074255285705451,An organized crime dynasty's aging patriarch transfers control of his clandestine empire to his reluctant son.,Francis Ford Coppola,Marlon Brando,Al Pacino,James Caan,Diane Keaton
2026-01-01,schindler-s-list-1993,Schindler's List,1993,"Biography, Drama, History",8.9,94.0,1213505,195,A,https://m.media-amazon.com/images/M/MV5BNDE4OTMxMTctNmRhYy00NWE2LTg3YzItYTk3M2UwOTU5Njg4XkEyXkFqcGdeQXVyNjU0OTQ0OTY@._V1_UX342_.jpg,8.752458465967987,"In German-occupied Poland during World War II, industrialist Oskar Schindler gradually becomes concerned for his Jewish workforce after witnessing their persecution by the Nazis.",Steven Spielberg,Liam Neeson,Ralph Fiennes,Ben Kingsley,Caroline Goodall
2026-01-01,the-lord-of-the-rings-the-fellowship-of-the-ring-2001,The Lord of the Rings: The Fellowship of the Ring,2001,"Action, Adventure, Drama",8.8,92.0,1661481,178,U,https://m.media-amazon.com/images/M/MV5BN2EyZjM3NzUtNWUzMi00MTgxLWI0NTctMzY4M2VlOTdjZWRiXkEyXkFqcGdeQXVyNDUzOTQ5MjY@._V1_UX342_.jpg,8.704178442602371,A meek Hobbit from the Shire and eight companions set out on a journey to destroy the powerful One Ring and save Middle-earth from the Dark Lord Sauron.,Peter Jackson,Elijah Wood,Ian McKellen,Orlando Bloom,Sean Bean
2026-01-01,goodfellas-1990,Goodfellas,1990,"Biography, Crime, Drama",8.7,90.0,1020727,146,A,https://m.media-amazon.com/images/M/MV5BY2NkZjEzMDgtN2RjYy00YzM1LWI4ZmQtMjIwYjFjNmI3ZGEwXkEyXkFqcGdeQXVyNzkwMjQ5NzM@._V1_UX342_.jpg,8.552242820878984,"The story of Henry Hill and his life in the mob, covering his relationship with his wife Karen Hill and his mob partners Jimmy Conway and Tommy DeVito in the Italian-American crime syndicate.",Martin Scorsese,Robert De Niro,Ray Liotta,Joe Pesci,Lorraine Bracco
2026-01-01,saving-private-ryan-1998,Saving Private Ryan,1998,"Drama, War",8.6,91.0,1235804,169,R,https://m.media-amazon.com/images/M/MV5BZjhkMDM4MWItZTVjOC00ZDRhLThmYTAtM2I5NzBmNmNlMzI1XkEyXkFqcGdeQXVyNDYyMDk5MTU@._V1_UX342_.jpg,8.512532291914587,"Following the Normandy Landings, a group of U.S. soldiers go behind enemy lines to retrieve a paratrooper whose brothers have been killed in action.",Steven Spielberg,Tom Hanks,Matt Damon,Tom Sizemore,Edward Burns
2026-01-01,the-silence-of-the-lambs-1991,The Silence of the Lambs,1991,"Crime, Drama, Thriller",8.6,85.0,1270197,118,A,https://m.media-amazon.com/images/M/MV5BNjNhZTk0ZmEtNjJhMi00YzFlLWE1MmEtYzM1M2ZmMGMwMTU4XkEyXkFqcGdeQXVyNjU0OTQ0OTY@._V1_UX342_.jpg,8.466746370103676,"A young F.B.I. cadet must receive the help of an incarcerated and manipulative cannibal killer to help catch another serial killer, a madman who skins his victims.",Jonathan Demme,Jodie Foster,Anthony Hopkins,Lawrence A. Bonney,Kasi Lemmons
2026-01-01,interstellar-2014,Interstellar,2014,"Adventure, Drama, Sci-Fi",8.6,74.0,1512360,169,UA,https://m.media-amazon.com/images/M/MV5BZjdkOTU3MDktN2IxOS00OGEyLWFmMjktY2FiMmZkNWIyODZiXkEyXkFqcGdeQXVyMTMxODk2OTU@._V1_UX342_.jpg,8.391050397102383,A team of explorers travel through a wormhole in space in an attempt to ensure humanity's survival.,Christopher Nolan,Matthew McConaughey,Anne Hathaway,Jessica Chastain,Mackenzie Foy
2026-01-01,the-lion-king-1994,The Lion King,1994,"Animation, Adventure, Drama",8.5,88.0,942045,88,U,https://m.media-amazon.com/images/M/MV5BYTYxNGMyZTYtMjE3MS00MzNjLWFjNmYtMDk3N2FmM2JiM2M1XkEyXkFqcGdeQXVyNjY5NDU4NzI@._V1_UX342_.jpg,8.388109022796478,"Lion prince Simba and his father are targeted by his bitter uncle, who wants to ascend the throne himself.",Roger Allers,Rob Minkoff,Matthew Broderick,Jeremy Irons,James Earl Jones
2026-01-01,the-departed-2006,The Departed,2006,"Crime, Drama, Thriller",8.5,85.0,1189773,151,A,https://m.media-amazon.com/images/M/MV5BMTI1MTY2OTIxNV5BMl5BanBnXkFtZTYwNjQ4NjY3._V1_UX342_.jpg,8.387742459125889,An undercover cop and a mole in the police attempt to identify each other while infiltrating an Irish gang in South Boston.,Martin Scorsese,Leonardo DiCaprio,Matt Damon,Jack Nicholson,Mark Wahlberg
2026-01-01,cidade-de-deus-2002,Cidade de Deus,2002,"Crime, Drama",8.6,79.0,699256,130,A,https://m.media-amazon.com/images/M/MV5BOTMwYjc5ZmItYTFjZC00ZGQ3LTlkNTMtMjZiNTZlMWQzNzI5XkEyXkFqcGdeQXVyNzkwMjQ5NzM@._V1_UX342_.jpg,8.353322814277895,"In the slums of Rio, two kids' paths diverge as one struggles to become a photographer and the other a kingpin.",Fernando Meirelles,Kátia Lund,Alexandre Rodrigues,Leandro Firmino,Matheus Nachtergaele
2026-01-01,it-s-a-wonderful-life-1946,It's a Wonderful Life,1946,"Drama, Family, Fantasy",8.6,89.0,405801,130,PG,https://m.media-amazon.com/images/M/MV5BZjc4NDZhZWMtNGEzYS00ZWU2LThlM2ItNTA0YzQ0OTExMTE2XkEyXkFqcGdeQXVyNjUwMzI2NzU@._V1_UX342_.jpg,8.337155175638816,An angel is sent from Heaven to help a desperately frustrated businessman by showing him what life would have been like if he had never existed.,Frank Capra,James Stewart,Donna Reed,Lionel Barrymore,Thomas Mitchell
2026-01-01,alien-1979,Alien,1979,"Horror, Sci-Fi",8.4,89.0,787806,117,R,https://m.media-amazon.com/images/M/MV5BMmQ2MmU3NzktZjAxOC00ZDZhLTk4YzEtMDMyMzcxY2IwMDAyXkEyXkFqcGdeQXVyNzkwMjQ5NzM@._V1_UX342_.jpg,8.309406864234944,"After a space merchant vessel receives an unknown transmission as a distress call, one of the crew is attacked by a mysterious life form and they soon realize that its life cycle has merely begun.",Ridley Scott,Sigourney Weaver,Tom Skerritt,John Hurt,Veronica Cartwright
2026-01-01,terminator-2-judgment-day-1991,Terminator 2: Judgment Day,1991,"Action, Sci-Fi",8.5,75.0,995506,137,U,https://m.media-amazon.com/images/M/MV5BMGU2NzRmZjUtOGUxYS00ZjdjLWEwZWItY2NlM2JhNjkxNTFmXkEyXkFqcGdeQXVyNjU0OTQ0OTY@._V1_UX342_.jpg,8.29341545753034,"A cyborg, identical to the one who failed to kill Sarah Connor, must now protect her teenage son, John Connor, from a more advanced and powerful cyborg.",James Cameron,Arnold Schwarzenegger,Linda Hamilton,Edward Furlong,Robert Patrick
2026-01-01,raiders-of-the-lost-ark-1981,Raiders of the Lost Ark,1981,"Action, Adventure",8.4,85.0,884112,115,A,https://m.media-amazon.com/images/M/MV5BMjA0ODEzMTc1Nl5BMl5BanBnXkFtZTcwODM2MjAxNA@@._V1_UX342_.jpg,8.290835629643867,"In 1936, archaeologist and adventurer Indiana Jones is hired by the U.S. government to find the Ark of the Covenant before Adolf Hitler's Nazis can obtain its awesome powers.",Steven Spielberg,Harrison Ford,Karen Allen,Paul Freeman,John Rhys-Davies
2026-01-01,the-dark-knight-rises-2012,The Dark Knight Rises,2012,"Action, Adventure",8.4,78.0,1516346,164,UA,https://m.media-amazon.com/images/M/MV5BMTk4ODQzNDY3Ml5BMl5BanBnXkFtZTcwODA0NTM4Nw@@._V1_UX342_.jpg,8.273792230990864,"Eight years after the Joker's reign of anarchy, Batman, with the help of the enigmatic Catwoman, is forced from his exile to save Gotham City from the brutal guerrilla terrorist Bane.",Christopher Nolan,Christian Bale,Tom Hardy,Anne Hathaway,Gary Oldman
2026-01-01,the-green-mile-1999,The Green Mile,1999,"Crime, Drama, Fantasy",8.6,61.0,1147794,189,A,https://m.media-amazon.com/images/M/MV5BMTUxMzQyNjA5MF5BMl5BanBnXkFtZTYwOTU2NTY3._V1_UX342_.jpg,8.264810773243077,"The lives of guards on Death Row are affected by one of their charges: a black man accused of child murder and rape, yet who has a mysterious gift.",Frank Darabont,Tom Hanks,Michael Clarke Duncan,David Morse,Bonnie Hunt
2026-01-01,the-prestige-2006,The Prestige,2006,"Drama, Mystery, Sci-Fi",8.5,66.0,1190259,130,U,https://m.media-amazon.com/images/M/MV5BMjA4NDI0MTIxNF5BMl5BanBnXkFtZTYwNTM0MzY2._V1_UX342_.jpg,8.235112508738794,"After a tragic accident, two stage magicians engage in a battle to create the ultimate illusion while sacrificing everything they have to outwit each other.",Christopher Nolan,Christian Bale,Hugh Jackman,Scarlett Johansson,Michael Caine
2026-01-01,pan-s-labyrinth-2006,Pan's Labyrinth,2006,"Drama, Fantasy, War",8.2,98.0,618623,118,UA,https://m.media-amazon.com/images/M/MV5BMTU3ODg2NjQ5NF5BMl5BanBnXkFtZTcwMDEwODgzMQ@@._V1_UX342_.jpg,8.222056147585945,"In the Falangist Spain of 1944, the bookish young stepdaughter of a sadistic army officer escapes into an eerie but captivating fantasy world.",Guillermo del Toro,Ivana Baquero,Ariadna Gil,Sergi López,Maribel Verdú
2026-01-01,modern-times-1936,Modern Times,1936,"Comedy, Drama, Family",8.5,96.0,217881,87,G,https://m.media-amazon.com/images/M/MV5BYjJiZjMzYzktNjU0NS00OTkxLWEwYzItYzdhYWJjN2QzMTRlL2ltYWdlL2ltYWdlXkEyXkFqcGdeQXVyNjU0OTQ0OTY@._V1_UX342_.jpg,8.220465325064898,The Tramp struggles to live in modern industrial society with the help of a young homeless woman.,Charles Chaplin,Charles Chaplin,Paulette Goddard,Henry Bergman,Tiny Sandford
2026-01-01,la-vita-bella-1997,La vita è bella,1997,"Comedy, Drama, Romance",8.6,59.0,623629,116,U,https://m.media-amazon.com/images/M/MV5BYmJmM2Q4NmMtYThmNC00ZjRlLWEyZmItZTIwOTBlZDQ3NTQ1XkEyXkFqcGdeQXVyMTQxNzMzNDI@._V1_UX342_.jpg,8.202357437900652,"When an open-minded Jewish librarian and his son become victims of the Holocaust, he uses a perfect mixture of will, humor, and imagination to protect his son from the dangers around their camp.",Roberto Benigni,Roberto Benigni,Nicoletta Braschi,Giorgio Cantarini,Giustino Durano
2026-01-01,toy-story-3-2010,Toy Story 3,2010,"Animation, Adventure, Comedy",8.2,92.0,757032,103,U,https://m.media-amazon.com/images/M/MV5BMTgxOTY4Mjc0MF5BMl5BanBnXkFtZTcwNTA4MDQyMw@@._V1_UX342_.jpg,8.196935181551623,"The toys are mistakenly delivered to a day-care center instead of the attic right before Andy leaves for college, and it's up to Woody to convince the other toys that they weren't abandoned and to return home.",Lee Unkrich,Tom Hanks,Tim Allen,Joan Cusack,Ned Beatty
2026-01-01,once-upon-a-time-in-the-west-1968,Once Upon a Time in the West,1968,Western,8.5,80.0,302844,165,U,https://m.media-amazon.com/images/M/MV5BZGI5MjBmYzYtMzJhZi00NGI1LTk3MzItYjBjMzcxM2U3MDdiXkEyXkFqcGdeQXVyNzkwMjQ5NzM@._V1_UX342_.jpg,8.194604521412819,A mysterious stranger with a harmonica joins forces with a notorious desperado to protect a beautiful widow from a ruthless assassin working for the railroad.,Sergio Leone,Henry Fonda,Charles Bronson,Claudia Cardinale,Jason Robards
2026-01-01,there-will-be-blood-2007,There Will Be Blood,2007,Drama,8.2,93.0,517359,158,A,https://m.media-amazon.com/images/M/MV5BMjAxODQ4MDU5NV5BMl5BanBnXkFtZTcwMDU4MjU1MQ@@._V1_UX342_.jpg,8.172779261412554,"A story of family, religion, hatred, oil and madness, focusing on a turn-of-the-century prospector in the early days of the business.",Paul Thomas Anderson,Daniel Day-Lewis,Paul Dano,Ciarán Hinds,Martin Stringer
2026-01-01,once-upon-a-time-in-america-1984,Once Upon a Time in America,1984,"Crime, Drama",8.4,,311365,229,A,https://m.media-amazon.com/images/M/MV5BMGFkNWI4MTMtNGQ0OC00MWVmLTk3MTktOGYxN2Y2YWVkZWE2XkEyXkFqcGdeQXVyNjU0OTQ0OTY@._V1_UX342_.jpg,8.17237457011717,"A former Prohibition-era Jewish gangster returns to the Lower East Side of Manhattan over thirty years later, where he once again must confront the ghosts and regrets of his old life.",Sergio Leone,Robert De Niro,James Woods,Elizabeth McGovern,Treat Williams
2026-01-01,monty-python-and-the-holy-grail-1975,Monty Python and the Holy Grail,1975,"Adventure, Comedy, Fantasy",8.2,91.0,500875,91,PG,https://m.media-amazon.com/images/M/MV5BN2IyNTE4YzUtZWU0Mi00MGIwLTgyMmQtMzQ4YzQxYWNlYWE2XkEyXkFqcGdeQXVyNjU0OTQ0OTY@._V1_UX342_.jpg,8.157273766241097,"King Arthur and his Knights of the Round Table embark on a surreal, low-budget search for the Holy Grail, encountering many, very silly obstacles.",Terry Gilliam,Terry Jones,Graham Chapman,John Cleese,Eric Idle
2026-01-01,a-clockwork-orange-1971,A Clockwork Orange,1971,"Crime, Drama, Sci-Fi",8.3,77.0,757904,136,A,https://m.media-amazon.com/images/M/MV5BMTY3MjM1Mzc4N15BMl5BanBnXkFtZTgwODM0NzAxMDE@._V1_UX342_.jpg,8.153669557635837,"In the future, a sadistic gang leader is imprisoned and volunteers for a conduct-aversion experiment, but it doesn't go as planned.",Stanley Kubrick,Malcolm McDowell,Patrick Magee,Michael Bates,Warren Clarke
2026-01-01,12-years-a-slave-2013,12 Years a Slave,2013,"Biography, Drama, History",8.1,96.0,640533,134,A,https://m.media-amazon.com/images/M/MV5BMjExMTEzODkyN15BMl5BanBnXkFtZTcwNTU4NTc4OQ@@._V1_UX342_.jpg,8.149668525056258,"In the antebellum United States, Solomon Northup, a free black man from upstate New York, is abducted and sold into slavery.",Steve McQueen,Chiwetel Ejiofor,Michael Kenneth Williams,Michael Fassbender,Brad Pitt
2026-01-01,mononoke-hime-1997,Mononoke-hime,1997,"Animation, Action, Adventure",8.4,76.0,343171,134,U,https://m.media-amazon.com/images/M/MV5BNGIzY2IzODQtNThmMi00ZDE4LWI5YzAtNzNlZTM1ZjYyYjUyXkEyXkFqcGdeQXVyODEzNjM5OTQ@._V1_UX342_.jpg,8.140503508582588,"On a journey to find the cure for a Tatarigami's curse, Ashitaka finds himself in the middle of a war between the forest gods and Tatara, a mining colony. In this quest he also meets San, the Mononoke Hime.",Hayao Miyazaki,Yôji Matsuda,Yuriko Ishida,Yûko Tanaka,Billy Crudup
2026-01-01,inside-out-2015,Inside Out,2015,"Animation, Adventure, Comedy",8.1,94.0,616228,95,U,https://m.media-amazon.com/images/M/MV5BOTgxMDQwMDk0OF5BMl5BanBnXkFtZTgwNjU5OTg2NDE@._V1_UX342_.jpg,8.133396945242483,"After young Riley is uprooted from her Midwest life and moved to San Francisco, her emotions - Joy, Fear, Anger, Disgust and Sadness - conflict on how best to navigate a new city, house, and school.",Pete Docter,Ronnie Del Carmen,Amy Poehler,Bill Hader,Lewis Black
2026-01-01,some-like-it-hot-1959,Some Like It Hot,1959,"Comedy, Music, Romance",8.2,98.0,243943,121,U,https://m.media-amazon.com/images/M/MV5BNzAyOGIxYjAtMGY2NC00ZTgyLWIwMWEtYzY0OWQ4NDFjOTc5XkEyXkFqcGdeQXVyNjU0OTQ0OTY@._V1_UX342_.jpg,8.125450773359955,"After two male musicians witness a mob hit, they flee the state in an all-female band disguised as women, but further complications set in.",Billy Wilder,Marilyn Monroe,Tony Curtis,Jack Lemmon,George Raft
2026-01-01,the-great-dictator-1940,The Great Dictator,1940,"Comedy, Drama, War",8.4,,203150,125,Not Rated,https://m.media-amazon.com/images/M/MV5BMmExYWJjNTktNGUyZS00ODhmLTkxYzAtNWIzOGEyMGNiMmUwXkEyXkFqcGdeQXVyNjU0OTQ0OTY@._V1_UX342_.jpg,8.122533091917592,Dictator Adenoid Hynkel tries to expand his empire while a poor Jewish barber tries to avoid persecution from Hynkel's regime.,Charles Chaplin,Charles Chaplin,Paulette Goddard,Jack Oakie,Reginald Gardiner
2026-01-01,inglourious-basterds-2009,Inglourious Basterds,2009,"Adventure, Drama, War",8.3,69.0,1267869,153,A,https://m.media-amazon.com/images/M/MV5BOTJiNDEzOWYtMTVjOC00ZjlmLWE0NGMtZmE1OWVmZDQ2OWJhXkEyXkFqcGdeQXVyNTIzOTk5ODM@._V1_UX342_.jpg,8.116846987184717,"In Nazi-occupied France during World War II, a plan to assassinate Nazi leaders by a group of Jewish U.S. soldiers coincides with a theatre owner's vengeful plans for the same.",Quentin Tarantino,Brad Pitt,Diane Kruger,Eli Roth,Mélanie Laurent
2026-01-01,metropolis-1927,Metropolis,1927,"Drama, Sci-Fi",8.3,98.0,159992,153,Not Rated,https://m.media-amazon.com/images/M/MV5BMTg5YWIyMWUtZDY5My00Zjc1LTljOTctYmI0MWRmY2M2NmRkXkEyXkFqcGdeQXVyMTMxODk2OTU@._V1_UX342_.jpg,8.113719787351355,"In a futuristic city sharply divided between the working class and the city planners, the son of the city's mastermind falls in love with a working-class prophet who predicts the coming of a savior to mediate their differences.",Fritz Lang,Brigitte Helm,Alfred Abel,Gustav Fröhlich,Rudolf Klein-Rogge
2026-01-01,the-grand-budapest-hotel-2014,The Grand Budapest Hotel,2014,"Adventure, Comedy, Crime",8.1,88.0,707630,99,UA,https://m.media-amazon.com/images/M/MV5BMzM5NjUxOTEyMl5BMl5BanBnXkFtZTgwNjEyMDM0MDE@._V1_UX342_.jpg,8.099724969600377,"A writer encounters the owner of an aging high-class hotel, who tells him of his early years serving as a lobby boy in the hotel's glorious years under an exceptional concierge.",Wes Anderson,Ralph Fiennes,F. Murray Abraham,Mathieu Amalric,Adrien Brody
2026-01-01,unforgiven-1992,Unforgiven,1992,"Drama, Western",8.2,85.0,375935,130,A,https://m.media-amazon.com/images/M/MV5BODM3YWY4NmQtN2Y3Ni00OTg0LWFhZGQtZWE3ZWY4MTJlOWU4XkEyXkFqcGdeQXVyNjU0OTQ0OTY@._V1_UX342_.jpg,8.098594873048281,"Retired Old West gunslinger William Munny reluctantly takes on one last job, with the help of his old partner Ned Logan and a young man, The ""Schofield Kid.""",Clint Eastwood,Clint Eastwood,Gene Hackman,Morgan Freeman,Richard Harris
2026-01-01,the-sting-1973,The Sting,1973,"Comedy, Crime, Drama",8.3,83.0,241513,129,U,https://m.media-amazon.com/images/M/MV5BNGU3NjQ4YTMtZGJjOS00YTQ3LThmNmItMTI5MDE2ODI3NzY3XkEyXkFqcGdeQXVyMjUzOTY1NTc@._V1_UX342_.jpg,8.09717193087193,Two grifters team up to pull off the ultimate con.,George Roy Hill,Paul Newman,Robert Redford,Robert Shaw,Charles Durning
2026-01-01,3-idiots-2009,3 Idiots,2009,"Comedy, Drama",8.4,67.0,344445,170,UA,https://m.media-amazon.com/images/M/MV5BNTkyOGVjMGEtNmQzZi00NzFlLTlhOWQtODYyMDc2ZGJmYzFhXkEyXkFqcGdeQXVyNjU0OTQ0OTY@._V1_UX342_.jpg,8.092083666254087,"Two friends are searching for their long lost companion. They revisit their college days and recall the memories of their friend who inspired them to think differently, even as the rest of the world called them ""idiots"".",Rajkumar Hirani,Aamir Khan,Madhavan,Mona Singh,Sharman Joshi
2026-01-01,double-indemnity-1944,Double Indemnity,1944,"Crime, Drama, Film-Noir",8.3,95.0,143525,107,Not Rated,https://m.media-amazon.com/images/M/MV5BOTdlNjgyZGUtOTczYi00MDdhLTljZmMtYTEwZmRiOWFkYjRhXkEyXkFqcGdeQXVyNDY2MTk1ODk@._V1_UX342_.jpg,8.091070301577389,An insurance representative lets himself be talked by a seductive housewife into a murder/insurance fraud scheme that arouses the suspicion of an insurance investigator.,Billy Wilder,Fred MacMurray,Barbara Stanwyck,Edward G. Robinson,Byron Barr
2026-01-01,ratatouille-2007,Ratatouille,2007,"Animation, Adventure, Comedy",8.0,96.0,641645,111,U,https://m.media-amazon.com/images/M/MV5BMTMzODU0NTkxMF5BMl5BanBnXkFtZTcwMjQ4MzMzMw@@._V1_UX342_.jpg,8.087873988138456,A rat who can cook makes an unusual alliance with a young kitchen worker at a famous restaurant.,Brad Bird,Jan Pinkava,Brad Garrett,Lou Romano,Patton Oswalt
2026-01-01,tonari-no-totoro-1988,Tonari no Totoro,1988,"Animation, Family, Fantasy",8.2,86.0,291180,86,U,https://m.media-amazon.com/images/M/MV5BYzJjMTYyMjQtZDI0My00ZjE2LTkyNGYtOTllNGQxNDMyZjE0XkEyXkFqcGdeQXVyMTMxODk2OTU@._V1_UX342_.jpg,8.084467797793923,"When two girls move to the country to be near their ailing mother, they have adventures with the wondrous forest spirits who live nearby.",Hayao Miyazaki,Hitoshi Takagi,Noriko Hidaka,Chika Sakamoto,Shigesato Itoi
2026-01-01,million-dollar-baby-2004,Million Dollar Baby,2004,"Drama, Sport",8.1,86.0,635975,132,UA,https://m.media-amazon.com/images/M/MV5BMTkxNzA1NDQxOV5BMl5BanBnXkFtZTcwNTkyMTIzMw@@._V1_UX342_.jpg,8.080572584957354,A determined woman works with a hardened boxing trainer to become a professional.,Clint Eastwood,Hilary Swank,Clint Eastwood,Morgan Freeman,Jay Baruchel
2026-01-01,blade-runner-1982,Blade Runner,1982,"Action, Sci-Fi, Thriller",8.1,84.0,693827,117,UA,https://m.media-amazon.com/images/M/MV5BNzQzMzJhZTEtOWM4NS00MTdhLTg0YjgtMjM4MDRkZjUwZDBlXkEyXkFqcGdeQXVyNjU0OTQ0OTY@._V1_UX342_.jpg,8.070561325685334,"A blade runner must pursue and terminate four replicants who stole a ship in space, and have returned to Earth to find their creator.",Ridley Scott,Harrison Ford,Rutger Hauer,Sean Young,Edward James Olmos
2026-01-01,heat-1995,Heat,1995,"Crime, Drama, Thriller",8.2,76.0,577113,1,A,https://m.media-amazon.com/images/M/MV5BNGMwNzUwNjYtZWM5NS00YzMyLWI4NjAtNjM0ZDBiMzE1YWExXkEyXkFqcGdeQXVyNDk3NzU2MTQ@._V1_UX342_.jpg,8.06921806049693,A group of professional bank robbers start to feel the heat from police when they unknowingly leave a clue at their latest heist.,Michael Mann,Al Pacino,Robert De Niro,Val Kilmer,Jon Voight
2026-01-01,hauru-no-ugoku-shiro-2004,Hauru no ugoku shiro,2004,"Animation, Adventure, Family",8.2,80.0,333915,119,U,https://m.media-amazon.com/images/M/MV5BNmM4YTFmMmItMGE3Yy00MmRkLTlmZGEtMzZlOTQzYjk3MzA2XkEyXkFqcGdeQXVyMTMxODk2OTU@._V1_UX342_.jpg,8.06304599699415,"When an unconfident young woman is cursed with an old body by a spiteful witch, her only chance of breaking the spell lies with a self-indulgent yet insecure young wizard and his companions in his legged, walking castle.",Hayao Miyazaki,Chieko Baishô,Takuya Kimura,Tatsuya Gashûin,Akihiro Miwa
2026-01-01,la-la-land-2016,La La Land,2016,"Comedy, Drama, Music",8.0,94.0,505918,128,A,https://m.media-amazon.com/images/M/MV5BMzUzNDM2NzM2MV5BMl5BanBnXkFtZTgwNTM3NTg4OTE@._V1_UX342_.jpg,8.062895077364104,"While navigating their careers in Los Angeles, a pianist and an actress fall in love while attempting to reconcile their aspirations for the future.",Damien Chazelle,Ryan Gosling,Emma Stone,Rosemarie DeWitt,J.K. Simmons
2026-01-01,trainspotting-1996,Trainspotting,1996,Drama,8.1,83.0,634716,93,A,https://m.media-amazon.com/images/M/MV5BMzA5Zjc3ZTMtMmU5YS00YTMwLWI4MWUtYTU0YTVmNjVmODZhXkEyXkFqcGdeQXVyNjU0OTQ0OTY@._V1_UX342_.jpg,8.059910186338564,"Renton, deeply immersed in the Edinburgh drug scene, tries to clean up and get out, despite the allure of the drugs and influence of friends.",Danny Boyle,Ewan McGregor,Ewen Bremner,Jonny Lee Miller,Kevin McKidd
2026-01-01,beauty-and-the-beast-1991,Beauty and the Beast,1991,"Animation, Family, Fantasy",8.0,95.0,417178,84,G,https://m.media-amazon.com/images/M/MV5BMzE5MDM1NDktY2I0OC00YWI5LTk2NzUtYjczNDczOWQxYjM0XkEyXkFqcGdeQXVyMTQxNzMzNDI@._V1_UX342_.jpg,8.059124472075045,A prince cursed to spend his days as a hideous monster sets out to regain his humanity by earning a young woman's love.,Gary Trousdale,Kirk Wise,Paige O'Hara,Robby Benson,Jesse Corti
2026-01-01,witness-for-the-prosecution-1957,Witness for the Prosecution,1957,"Crime, Drama, Mystery",8.4,,108862,116,U,https://m.media-amazon.com/images/M/MV5BNDQwODU5OWYtNDcyNi00MDQ1LThiOGMtZDkwNWJiM2Y3MDg0XkEyXkFqcGdeQXVyMDI2NDg0NQ@@._V1_UX342_.jpg,8.057116915556927,A veteran British barrister must defend his client in a murder trial that has surprise after surprise.,Billy Wilder,Tyrone Power,Marlene Dietrich,Charles Laughton,Elsa Lanchester
2026-01-01,all-about-eve-1950,All About Eve,1950,Drama,8.2,98.0,120539,138,Not Rated,https://m.media-amazon.com/images/M/MV5BMTY2MTAzODI5NV5BMl5BanBnXkFtZTgwMjM4NzQ0MjE@._V1_UX342_.jpg,8.055130270518672,A seemingly timid but secretly ruthless ingénue insinuates herself into the lives of an aging Broadway star and her circle of theater friends.,Joseph L. Mankiewicz,Bette Davis,Anne Baxter,George Sanders,Celeste Holm
2026-01-01,die-hard-1988,Die Hard,1988,"Action, Thriller",8.2,72.0,793164,132,A,https://m.media-amazon.com/images/M/MV5BZjRlNDUxZjAtOGQ4OC00OTNlLTgxNmQtYTBmMDgwZmNmNjkxXkEyXkFqcGdeQXVyNzkwMjQ5NzM@._V1_UX342_.jpg,8.054060721100289,An NYPD officer tries to save his wife and several others taken hostage by German terrorists during a Christmas party at the Nakatomi Plaza in Los Angeles.,John McTiernan,Bruce Willis,Alan Rickman,Bonnie Bedelia,Reginald VelJohnson
2026-01-01,per-qualche-dollaro-in-pi-1965,Per qualche dollaro in più,1965,Western,8.3,74.0,232772,132,U,https://m.media-amazon.com/images/M/MV5BNWM1NmYyM2ItMTFhNy00NDU0LThlYWUtYjQyYTJmOTY0ZmM0XkEyXkFqcGdeQXVyNjU0OTQ0OTY@._V1_UX342_.jpg,8.053795211110828,Two bounty hunters with the same intentions team up to track down a Western outlaw.,Sergio Leone,Clint Eastwood,Lee Van Cleef,Gian Maria Volontè,Mara Krupp
2026-01-01,batman-begins-2005,Batman Begins,2005,"Action, Adventure",8.2,70.0,1308302,140,UA,https://m.media-amazon.com/images/M/MV5BOTY4YjI2N2MtYmFlMC00ZjcyLTg3YjEtMDQyM2ZjYzQ5YWFkXkEyXkFqcGdeQXVyMTQxNzMzNDI@._V1_UX342_.jpg,8.052496996674186,"After training with his mentor, Batman begins his fight to free crime-ridden Gotham City from corruption.",Christopher Nolan,Christian Bale,Michael Caine,Ken Watanabe,Liam Neeson
2026-01-01,the-deer-hunter-1978,The Deer Hunter,1978,"Drama, War",8.1,86.0,311361,183,A,https://m.media-amazon.com/images/M/MV5BNDhmNTA0ZDMtYjhkNS00NzEzLWIzYTItOGNkMTVmYjE2YmI3XkEyXkFqcGdeQXVyNzkwMjQ5NzM@._V1_UX342_.jpg,8.043162096283437,An in-depth examination of the ways in which the U.S. Vietnam War impacts and disrupts the lives of people in a small industrial town in Pennsylvania.,Michael Cimino,Robert De Niro,Christopher Walken,John Cazale,John Savage
2026-01-01,gone-girl-2014,Gone Girl,2014,"Drama, Mystery, Thriller",8.1,79.0,859695,149,A,https://m.media-amazon.com/images/M/MV5BMTk0MDQ3MzAzOV5BMl5BanBnXkFtZTgwNzU1NzE3MjE@._V1_UX342_.jpg,8.041775366917875,"With his wife's disappearance having become the focus of an intense media circus, a man sees the spotlight turned on him when it's suspected that he may not be innocent.",David Fincher,Ben Affleck,Rosamund Pike,Neil Patrick Harris,Tyler Perry
2026-01-01,ben-hur-1959,Ben-Hur,1959,"Adventure, Drama, History",8.1,90.0,219466,212,U,https://m.media-amazon.com/images/M/MV5BNjgxY2JiZDYtZmMwOC00ZmJjLWJmODUtMTNmNWNmYWI5ODkwL2ltYWdlL2ltYWdlXkEyXkFqcGdeQXVyNjc1NTYyMjg@._V1_UX342_.jpg,8.041126517826678,"After a Jewish prince is betrayed and sent into slavery by a Roman friend, he regains his freedom and comes back for revenge.",William Wyler,Charlton Heston,Jack Hawkins,Stephen Boyd,Haya Harareet
2026-01-01,the-wizard-of-oz-1939,The Wizard of Oz,1939,"Adventure, Family, Fantasy",8.0,92.0,371379,102,U,https://m.media-amazon.com/images/M/MV5BNjUyMTc4MDExMV5BMl5BanBnXkFtZTgwNDg0NDIwMjE@._V1_UX342_.jpg,8.036023136201674,Dorothy Gale is swept away from a farm in Kansas to a magical land of Oz in a tornado and embarks on a quest with her new friends to see the Wizard who can help her return home to Kansas and help her friends as well.,Victor Fleming,George Cukor,Mervyn LeRoy,Norman Taurog,Richard Thorpe
2026-01-01,soorarai-pottru-2020,Soorarai Pottru,2020,Drama,8.6,,54995,153,U,https://m.media-amazon.com/images/M/MV5BOTc2ZTlmYmItMDBhYS00YmMzLWI4ZjAtMTI5YTBjOTFiMGEwXkEyXkFqcGdeQXVyODE5NzE3OTE@._V1_UX342_.jpg,8.035528033376139,"Nedumaaran Rajangam ""Maara"" sets out to make the common man fly and in the process takes on the world's most capital intensive industry and several enemies who stand in his way.",Sudha Kongara,Suriya,Madhavan,Paresh Rawal,Aparna Balamurali
2026-01-01,the-kid-1921,The Kid,1921,"Comedy, Drama, Family",8.3,,113314,68,Not Rated,https://m.media-amazon.com/images/M/MV5BZjhhMThhNDItNTY2MC00MmU1LTliNDEtNDdhZjdlNTY5ZDQ1XkEyXkFqcGdeQXVyNjc1NTYyMjg@._V1_UX342_.jpg,8.032870241735138,"The Tramp cares for an abandoned child, but events put that relationship in jeopardy.",Charles Chaplin,Charles Chaplin,Edna Purviance,Jackie Coogan,Carl Miller
2026-01-01,cool-hand-luke-1967,Cool Hand Luke,1967,"Crime, Drama",8.1,92.0,161984,127,A,https://m.media-amazon.com/images/M/MV5BOWFlNzZhYmYtYTI5YS00MDQyLWIyNTUtNTRjMWUwNTEzNjA0XkEyXkFqcGdeQXVyNjUwNzk3NDc@._V1_UX342_.jpg,8.029388611503881,"A laid back Southern man is sentenced to two years in a rural prison, but refuses to conform.",Stuart Rosenberg,Paul Newman,George Kennedy,Strother Martin,J.D. Cannon
2026-01-01,el-secreto-de-sus-ojos-2009,El secreto de sus ojos,2009,"Drama, Mystery, Romance",8.2,80.0,193217,129,R,https://m.media-amazon.com/images/M/MV5BY2FhZGI5M2QtZWFiZS00NjkwLWE4NWQtMzg3ZDZjNjdkYTJiXkEyXkFqcGdeQXVyMTMxODk2OTU@._V1_UX342_.jpg,8.029067571305326,A retired legal counselor writes a novel hoping to find closure for one of his past unresolved homicide cases and for his unreciprocated love with his superior - both of which still haunt him decades later.,Juan José Campanella,Ricardo Darín,Soledad Villamil,Pablo Rago,Carla Quevedo
2026-01-01,warrior-2011,Warrior,2011,"Action, Drama, Sport",8.2,71.0,435950,140,UA,https://m.media-amazon.com/images/M/MV5BMTk4ODk5MTMyNV5BMl5BanBnXkFtZTcwMDMyNTg0Ng@@._V1_UX342_.jpg,8.0254923863843,"The youngest son of an alcoholic former boxer returns home, where he's trained by his father for competition in a mixed martial arts tournament - a path that puts the fighter on a collision course with his estranged, older brother.",Gavin O'Connor,Tom Hardy,Nick Nolte,Joel Edgerton,Jennifer Morrison
2026-01-01,star-wars-episode-vi-return-of-the-jedi-1983,Star Wars: Episode VI - Return of the Jedi,1983,"Action, Adventure, Fantasy",8.3,58.0,950470,131,U,https://m.media-amazon.com/images/M/MV5BOWZlMjFiYzgtMTUzNC00Y2IzLTk1NTMtZmNhMTczNTk0ODk1XkEyXkFqcGdeQXVyNTAyODkwOQ@@._V1_UX342_.jpg,8.02160338090315,"After a daring mission to rescue Han Solo from Jabba the Hutt, the Rebels dispatch to Endor to destroy the second Death Star. Meanwhile, Luke struggles to help Darth Vader back from the dark side without falling into the Emperor's trap.",Richard Marquand,Mark Hamill,Harrison Ford,Carrie Fisher,Billy Dee Williams
2026-01-01,rosemary-s-baby-1968,Rosemary's Baby,1968,"Drama, Horror",8.0,96.0,193674,137,A,https://m.media-amazon.com/images/M/MV5BZmEwZGU2NzctYzlmNi00MGJkLWE3N2MtYjBlN2ZhMGJkZTZiXkEyXkFqcGdeQXVyMTQxNzMzNDI@._V1_UX342_.jpg,8.02121903565536,A young couple trying for a baby move into a fancy apartment surrounded by peculiar neighbors.,Roman Polanski,Mia Farrow,John Cassavetes,Ruth Gordon,Sidney Blackmer
2026-01-01,dead-poets-society-1989,Dead Poets Society,1989,"Comedy, Drama",8.1,79.0,425457,12,U,https://m.media-amazon.com/images/M/MV5BOGYwYWNjMzgtNGU4ZC00NWQ2LWEwZjUtMzE1Zjc3NjY3YTU1XkEyXkFqcGdeQXVyMTQxNzMzNDI@._V1_UX342_.jpg,8.018609921675992,Maverick teacher John Keating uses poetry to embolden his boarding school students to new heights of self-expression.,Peter Weir,Robin Williams,Robert Sean Leonard,Ethan Hawke,Josh Charles
2026-01-01,barry-lyndon-1975,Barry Lyndon,1975,"Adventure, Drama, History",8.1,89.0,149843,185,PG,https://m.media-amazon.com/images/M/MV5BNmY0MWY2NDctZDdmMi00MjA1LTk0ZTQtZDMyZTQ1NTNlYzVjXkEyXkFqcGdeQXVyMjUzOTY1NTc@._V1_UX342_.jpg,8.014219758596774,An Irish rogue wins the heart of a rich widow and assumes her dead husband's aristocratic position in 18th-century England.,Stanley Kubrick,Ryan O'Neal,Marisa Berenson,Patrick Magee,Hardy Krüger
2026-01-01,catch-me-if-you-can-2002,Catch Me If You Can,2002,"Biography, Crime, Drama",8.1,75.0,832846,141,A,https://m.media-amazon.com/images/M/MV5BMTY5MzYzNjc5NV5BMl5BanBnXkFtZTYwNTUyNTc2._V1_UX342_.jpg,8.011221271186923,"Barely 21 yet, Frank is a skilled forger who has passed as a doctor, lawyer and pilot. FBI agent Carl becomes obsessed with tracking down the con man, who only revels in the pursuit.",Steven Spielberg,Leonardo DiCaprio,Tom Hanks,Christopher Walken,Martin Sheen
2026-01-01,the-bourne-ultimatum-2007,The Bourne Ultimatum,2007,"Action, Mystery, Thriller",8.0,85.0,604694,115,UA,https://m.media-amazon.com/images/M/MV5BNGNiNmU2YTMtZmU4OS00MjM0LTlmYWUtMjVlYjAzYjE2N2RjXkEyXkFqcGdeQXVyNDk3NzU2MTQ@._V1_UX342_.jpg,8.01064189257152,Jason Bourne dodges a ruthless C.I.A. official and his Agents from a new assassination program while searching for the origins of his life as a trained killer.,Paul Greengrass,Matt Damon,Edgar Ramírez,Joan Allen,Julia Stiles
2026-01-01,the-terminator-1984,The Terminator,1984,"Action, Sci-Fi",8.0,84.0,799795,107,UA,https://m.media-amazon.com/images/M/MV5BYTViNzMxZjEtZGEwNy00MDNiLWIzNGQtZDY2MjQ1OWViZjFmXkEyXkFqcGdeQXVyNzkwMjQ5NzM@._V1_UX342_.jpg,8.010349331276306,"A human soldier is sent from 2029 to 1984 to stop an almost indestructible cyborg killing machine, sent from the same year, which has been programmed to execute a young woman whose unborn son is the key to humanity's future salvation.",James Cameron,Arnold Schwarzenegger,Linda Hamilton,Michael Biehn,Paul Winfield
2026-01-01,hotel-rwanda-2004,Hotel Rwanda,2004,"Biography, Drama, History",8.1,79.0,334320,121,PG-13,https://m.media-amazon.com/images/M/MV5BZGJjYmIzZmQtNWE4Yy00ZGVmLWJkZGEtMzUzNmQ4ZWFlMjRhXkEyXkFqcGdeQXVyMTMxODk2OTU@._V1_UX342_.jpg,8.009663603401481,"Paul Rusesabagina, a hotel manager, houses over a thousand Tutsi refugees during their struggle against the Hutu militia in Rwanda, Africa.",Terry George,Don Cheadle,Sophie Okonedo,Joaquin Phoenix,Xolani Mali
2026-01-01,green-book-2018,Green Book,2018,"Biography, Comedy, Drama",8.2,69.0,377884,130,UA,https://m.media-amazon.com/images/M/MV5BYzIzYmJlYTYtNGNiYy00N2EwLTk4ZjItMGYyZTJiOTVkM2RlXkEyXkFqcGdeQXVyODY1NDk1NjE@._V1_UX342_.jpg,8.00859520579696,A working-class Italian-American bouncer becomes the driver of an African-American classical pianist on a tour of venues through the 1960s American South.,Peter Farrelly,Viggo Mortensen,Mahershala Ali,Linda Cardellini,Sebastian Maniscalco
2026-01-01,the-maltese-falcon-1941,The Maltese Falcon,1941,"Film-Noir, Mystery",8.0,96.0,148928,100,Not Rated,https://m.media-amazon.com/images/M/MV5BZjIwNGM1ZTUtOThjYS00NDdiLTk2ZDYtNGY5YjJkNzliM2JjL2ltYWdlL2ltYWdlXkEyXkFqcGdeQXVyMDI2NDg0NQ@@._V1_UX342_.jpg,8.007105469192123,"A private detective takes on a case that involves him with three eccentric criminals, a gorgeous liar, and their quest for a priceless statuette.",John Huston,Humphrey Bogart,Mary Astor,Gladys George,Peter Lorre
2026-01-01,stalker-1979,Stalker,1979,"Drama, Sci-Fi",8.2,,116945,162,U,https://m.media-amazon.com/images/M/MV5BMDgwODNmMGItMDcwYi00OWZjLTgyZjAtMGYwMmI4N2Q0NmJmXkEyXkFqcGdeQXVyNzY1MTU0Njk@._V1_UX342_.jpg,8.00658532275798,A guide leads two men through an area known as the Zone to find a room that grants wishes.,Andrei Tarkovsky,Alisa Freyndlikh,Aleksandr Kaydanovskiy,Anatoliy Solonitsyn,Nikolay Grinko
2026-01-01,how-to-train-your-dragon-2010,How to Train Your Dragon,2010,"Animation, Action, Adventure",8.1,75.0,666773,98,U,https://m.media-amazon.com/images/M/MV5BMjA5NDQyMjc2NF5BMl5BanBnXkFtZTcwMjg5ODcyMw@@._V1_UX342_.jpg,8.006231531954828,"A hapless young Viking who aspires to hunt dragons becomes the unlikely friend of a young dragon himself, and learns there may be more to the creatures than he assumed.",Dean DeBlois,Chris Sanders,Jay Baruchel,Gerard Butler,Christopher Mintz-Plasse
2026-01-01,kaze-no-tani-no-naushika-1984,Kaze no tani no Naushika,1984,"Animation, Adventure, Fantasy",8.1,86.0,150924,117,U,https://m.media-amazon.com/images/M/MV5BZWFkN2ZhODAtYTNkZS00Y2NjLWIzNDYtNzJjNDNlMzAyNTIyXkEyXkFqcGdeQXVyODEzNjM5OTQ@._V1_UX342_.jpg,8.00438128791653,Warrior and pacifist Princess Nausicaä desperately struggles to prevent two warring nations from destroying themselves and their dying planet.,Hayao Miyazaki,Sumi Shimamoto,Mahito Tsujimura,Hisako Kyôda,Gorô Naya
2026-01-01,gangs-of-wasseypur-2012,Gangs of Wasseypur,2012,"Action, Comedy, Crime",8.2,89.0,82365,321,A,https://m.media-amazon.com/images/M/MV5BMTc5NjY4MjUwNF5BMl5BanBnXkFtZTgwODM3NzM5MzE@._V1_UX342_.jpg,8.00411437616688,"A clash between Sultan and Shahid Khan leads to the expulsion of Khan from Wasseypur, and ignites a deadly blood feud spanning three generations.",Anurag Kashyap,Manoj Bajpayee,Richa Chadha,Nawazuddin Siddiqui,Tigmanshu Dhulia
2026-01-01,andhadhun-2018,Andhadhun,2018,"Crime, Drama, Music",8.3,,71875,139,UA,https://m.media-amazon.com/images/M/MV5BZWZhMjhhZmYtOTIzOC00MGYzLWI1OGYtM2ZkN2IxNTI4ZWI3XkEyXkFqcGdeQXVyNDAzNDk0MTQ@._V1_UX342_.jpg,8.002370596467863,"A series of mysterious events change the life of a blind pianist, who must now report a crime that he should technically know nothing of.",Sriram Raghavan,Ayushmann Khurrana,Tabu,Radhika Apte,Anil Dhawan
2026-01-01,kill-bill-vol-2-2004,Kill Bill: Vol. 2,2004,"Action, Crime, Thriller",8.0,83.0,683900,137,A,https://m.media-amazon.com/images/M/MV5BNmFiYmJmN2QtNWQwMi00MzliLThiOWMtZjQxNGRhZTQ1MjgyXkEyXkFqcGdeQXVyNzQ1ODk3MTQ@._V1_UX342_.jpg,7.9998101351112965,"The Bride continues her quest of vengeance against her former boss and lover Bill, the reclusive bouncer Budd, and the treacherous, one-eyed Elle.",Quentin Tarantino,Uma Thurman,David Carradine,Michael Madsen,Daryl Hannah
2026-01-01,in-the-name-of-the-father-1993,In the Name of the Father,1993,"Biography, Crime, Drama",8.1,84.0,156842,133,UA,https://m.media-amazon.com/images/M/MV5BMmYyOTgwYWItYmU3Ny00M2E2LTk0NWMtMDVlNmQ0MWZiMTMxXkEyXkFqcGdeQXVyNzkwMjQ5NzM@._V1_UX342_.jpg,7.999301973829036,A man's coerced confession to an I.R.A. bombing he did not commit results in the imprisonment of his father as well. An English lawyer fights to free them.,Jim Sheridan,Daniel Day-Lewis,Pete Postlethwaite,Alison Crosbie,Philip King
2026-01-01,the-gold-rush-1925,The Gold Rush,1925,"Adventure, Comedy, Drama",8.2,,101053,95,Not Rated,https://m.media-amazon.com/images/M/MV5BZjEyOTE4MzMtNmMzMy00Mzc3LWJlOTQtOGJiNDE0ZmJiOTU4L2ltYWdlXkEyXkFqcGdeQXVyNTAyODkwOQ@@._V1_UX342_.jpg,7.998746525486101,A prospector goes to the Klondike in search of gold and finds it and more.,Charles Chaplin,Charles Chaplin,Mack Swain,Tom Murray,Henry Bergman
2026-01-01,capharna-m-2018,Capharnaüm,2018,Drama,8.4,75.0,62635,126,A,https://m.media-amazon.com/images/M/MV5BMmExNzU2ZWMtYzUwYi00YmM2LTkxZTQtNmVhNjY0NTMyMWI2XkEyXkFqcGdeQXVyMTMxODk2OTU@._V1_UX342_.jpg,7.996366253573635,"While serving a five-year sentence for a violent crime, a 12-year-old boy sues his parents for neglect.",Nadine Labaki,Zain Al Rafeea,Yordanos Shiferaw,Boluwatife Treasure Bankole,Kawsar Al Haddad
2026-01-01,snatch-2000,Snatch,2000,"Comedy, Crime",8.3,55.0,782001,104,UA,https://m.media-amazon.com/images/M/MV5BMTA2NDYxOGYtYjU1Mi00Y2QzLTgxMTQtMWI1MGI0ZGQ5MmU4XkEyXkFqcGdeQXVyNDk3NzU2MTQ@._V1_UX342_.jpg,7.9952825973638575,"Unscrupulous boxing promoters, violent bookmakers, a Russian gangster, incompetent amateur robbers and supposedly Jewish jewelers fight to track down a priceless stolen diamond.",Guy Ritchie,Jason Statham,Brad Pitt,Benicio Del Toro,Dennis Farina
2026-01-01,touch-of-evil-1958,Touch of Evil,1958,"Crime, Drama, Film-Noir",8.0,99.0,98431,95,PG-13,https://m.media-amazon.com/images/M/MV5BOTA1MjA3M2EtMmJjZS00OWViLTkwMTEtM2E5ZDk0NTAyNGJiXkEyXkFqcGdeQXVyNzkwMjQ5NzM@._V1_UX342_.jpg,7.994864610398112,"A stark, perverse story of murder, kidnapping, and police corruption in a Mexican border town.",Orson Welles,Charlton Heston,Orson Welles,Janet Leigh,Joseph Calleia
2026-01-01,shutter-island-2010,Shutter Island,2010,"Mystery, Thriller",8.2,63.0,1129894,138,A,https://m.media-amazon.com/images/M/MV5BYzhiNDkyNzktNTZmYS00ZTBkLTk2MDAtM2U0YjU1MzgxZjgzXkEyXkFqcGdeQXVyMTMxODk2OTU@._V1_UX342_.jpg,7.993382524522495,"In 1954, a U.S. Marshal investigates the disappearance of a murderer who escaped from a hospital for the criminally insane.",Martin Scorsese,Leonardo DiCaprio,Emily Mortimer,Mark Ruffalo,Ben Kingsley
2026-01-01,fa-yeung-nin-wah-2000,Fa yeung nin wah,2000,"Drama, Romance",8.1,85.0,124383,98,U,https://m.media-amazon.com/images/M/MV5BYjZjODRlMjQtMjJlYy00ZDBjLTkyYTQtZGQxZTk5NzJhYmNmXkEyXkFqcGdeQXVyMTQxNzMzNDI@._V1_UX342_.jpg,7.992084498516787,"Two neighbors, a woman and a man, form a strong bond after both suspect extramarital activities of their spouses. However, they agree to keep their bond platonic so as not to commit similar wrongs.",Kar-Wai Wong,Tony Chiu-Wai Leung,Maggie Cheung,Ping Lam Siu,Tung Cho 'Joe' Cheung
2026-01-01,idi-i-smotri-1985,Idi i smotri,1985,"Drama, Thriller, War",8.3,,59056,142,A,https://m.media-amazon.com/images/M/MV5BODM4Njg0NTAtYjI5Ny00ZjAxLTkwNmItZTMxMWU5M2U3M2RjXkEyXkFqcGdeQXVyNzkwMjQ5NzM@._V1_UX342_.jpg,7.991473524059858,"After finding an old rifle, a young boy joins the Soviet resistance movement against ruthless German forces and experiences the horrors of World War II.",Elem Klimov,Aleksey Kravchenko,Olga Mironova,Liubomiras Laucevicius,Vladas Bagdonas
2026-01-01,mary-and-max-2009,Mary and Max,2009,"Animation, Comedy, Drama",8.1,,164462,92,Not Rated,https://m.media-amazon.com/images/M/MV5BMDgzYjQwMDMtNGUzYi00MTRmLWIyMGMtNjE1OGZkNzY2YWIzL2ltYWdlXkEyXkFqcGdeQXVyNjU0OTQ0OTY@._V1_UX342_.jpg,7.990657201490753,"A tale of friendship between two unlikely pen pals: Mary, a lonely, eight-year-old girl living in the suburbs of Melbourne, and Max, a forty-four-year old, severely obese man living in New York.",Adam Elliot,Toni Collette,Philip Seymour Hoffman,Eric Bana,Barry Humphries
2026-01-01,the-elephant-man-1980,The Elephant Man,1980,"Biography, Drama",8.1,78.0,220078,124,UA,https://m.media-amazon.com/images/M/MV5BMDVjNjIwOGItNDE3Ny00OThjLWE0NzQtZTU3YjMzZTZjMzhkXkEyXkFqcGdeQXVyMTQxNzMzNDI@._V1_UX342_.jpg,7.989637664322386,"A Victorian surgeon rescues a heavily disfigured man who is mistreated while scraping a living as a side-show freak. Behind his monstrous façade, there is revealed a person of kindness, intelligence and sophistication.",David Lynch,Anthony Hopkins,John Hurt,Anne Bancroft,John Gielgud
2026-01-01,into-the-wild-2007,Into the Wild,2007,"Adventure, Biography, Drama",8.1,73.0,572921,148,R,https://m.media-amazon.com/images/M/MV5BMTAwNDEyODU1MjheQTJeQWpwZ15BbWU2MDc3NDQwNw@@._V1_UX342_.jpg,7.9893011289456,"After graduating from Emory University, top student and athlete Christopher McCandless abandons his possessions, gives his entire $24,000 savings account to charity and hitchhikes to Alaska to live in the wilderness. Along the way, Christopher encounters a series of characters that shape his life.",Sean Penn,Emile Hirsch,Vince Vaughn,Catherine Keener,Marcia Gay Harden
2026-01-01,dog-day-afternoon-1975,Dog Day Afternoon,1975,"Biography, Crime, Drama",8.0,86.0,235652,125,U,https://m.media-amazon.com/images/M/MV5BODExZmE2ZWItYTIzOC00MzI1LTgyNTktMDBhNmFhY2Y4OTQ3XkEyXkFqcGdeQXVyNjU0OTQ0OTY@._V1_UX342_.jpg,7.987539851592483,"Three amateur bank robbers plan to hold up a bank. A nice simple robbery: Walk in, take the money, and run. Unfortunately, the supposedly uncomplicated heist suddenly becomes a bizarre nightmare as everything that could go wrong does.",Sidney Lumet,Al Pacino,John Cazale,Penelope Allen,Sully Boyar
2026-01-01,the-man-who-shot-liberty-valance-1962,The Man Who Shot Liberty Valance,1962,"Drama, Western",8.1,94.0,68827,123,Not Rated,https://m.media-amazon.com/images/M/MV5BMGEyNzhkYzktMGMyZS00YzRiLWJlYjktZjJkOTU5ZDY0ZGI4XkEyXkFqcGdeQXVyNjUwNzk3NDc@._V1_UX342_.jpg,7.986462938143385,A senator returns to a western town for the funeral of an old friend and tells the story of his origins.,John Ford,James Stewart,John Wayne,Vera Miles,Lee Marvin
2026-01-01,bacheha-ye-aseman-1997,Bacheha-Ye aseman,1997,"Drama, Family, Sport",8.3,77.0,65341,89,PG,https://m.media-amazon.com/images/M/MV5BZTYwZWQ4ZTQtZWU0MS00N2YwLWEzMDItZWFkZWY0MWVjODVhXkEyXkFqcGdeQXVyNjU0OTQ0OTY@._V1_UX342_.jpg,7.985914239974121,"After a boy loses his sister's pair of shoes, he goes on a series of adventures in order to find them. When he can't, he tries a new way to ""win"" a new pair.",Majid Majidi,Mohammad Amir Naji,Amir Farrokh Hashemian,Bahare Seddiqi,Nafise Jafar-Mohammadi
2026-01-01,ah-ga-ssi-2016,Ah-ga-ssi,2016,"Drama, Romance, Thriller",8.1,84.0,113649,145,A,https://m.media-amazon.com/images/M/MV5BNDJhYTk2MTctZmVmOS00OTViLTgxNjQtMzQxOTRiMDdmNGRjXkEyXkFqcGdeQXVyMTMxODk2OTU@._V1_UX342_.jpg,7.985353314957466,"A woman is hired as a handmaiden to a Japanese heiress, but secretly she is involved in a plot to defraud her.",Chan-wook Park,Kim Min-hee,Jung-woo Ha,Cho Jin-woong,Moon So-Ri
2026-01-01,it-happened-one-night-1934,It Happened One Night,1934,"Comedy, Romance",8.1,87.0,94016,105,Not Rated,https://m.media-amazon.com/images/M/MV5BYzJmMWE5NjAtNWMyZS00NmFiLWIwMDgtZDE2NzczYWFhNzIzXkEyXkFqcGdeQXVyNjc1NTYyMjg@._V1_UX342_.jpg,7.98530301830049,"A renegade reporter and a crazy young heiress meet on a bus heading for New York, and end up stuck with each other when the bus leaves them behind at one of the stops.",Frank Capra,Clark Gable,Claudette Colbert,Walter Connolly,Roscoe Karns
2026-01-01,contratiempo-2016,Contratiempo,2016,"Crime, Drama, Mystery",8.1,,141516,106,TV-MA,https://m.media-amazon.com/images/M/MV5BMDk0YzAwYjktMWFiZi00Y2FmLWJmMmMtMzUyZDZmMmU5MjkzXkEyXkFqcGdeQXVyMTMxODk2OTU@._V1_UX342_.jpg,7.9848571997001265,A successful entrepreneur accused of murder and a witness preparation expert have less than three hours to come up with an impregnable defense.,Oriol Paulo,Mario Casas,Ana Wagener,Jose Coronado,Bárbara Lennie
2026-01-01,marriage-story-2019,Marriage Story,2019,"Comedy, Drama, Romance",7.9,94.0,246644,137,U,https://m.media-amazon.com/images/M/MV5BZGVmY2RjNDgtMTc3Yy00YmY0LTgwODItYzBjNWJhNTRlYjdkXkEyXkFqcGdeQXVyMjM4NTM5NDY@._V1_UX342_.jpg,7.9844341697467005,Noah Baumbach's incisive and compassionate look at a marriage breaking up and a family staying together.,Noah Baumbach,Adam Driver,Scarlett Johansson,Julia Greer,Azhy Robertson
2026-01-01,v-for-vendetta-2005,V for Vendetta,2005,"Action, Drama, Sci-Fi",8.2,62.0,1032749,132,A,https://m.media-amazon.com/images/M/MV5BOTI5ODc3NzExNV5BMl5BanBnXkFtZTcwNzYxNzQzMw@@._V1_UX342_.jpg,7.984361785791767,"In a future British tyranny, a shadowy freedom fighter, known only by the alias of ""V"", plots to overthrow it with the help of a young woman.",James McTeigue,Hugo Weaving,Natalie Portman,Rupert Graves,Stephen Rea
2026-01-01,drishyam-2015,Drishyam,2015,"Crime, Drama, Mystery",8.2,,70367,163,UA,https://m.media-amazon.com/images/M/MV5BYmJhZmJlYTItZmZlNy00MGY0LTg0ZGMtNWFkYWU5NTA1YTNhXkEyXkFqcGdeQXVyODE5NzE3OTE@._V1_UX342_.jpg,7.981659945492063,"Desperate measures are taken by a man who tries to save his family from the dark side of the law, after they commit an unexpected crime.",Nishikant Kamat,Ajay Devgn,Shriya Saran,Tabu,Rajat Kapoor
2026-01-01,the-big-lebowski-1998,The Big Lebowski,1998,"Comedy, Crime, Sport",8.1,71.0,732620,117,R,https://m.media-amazon.com/images/M/MV5BMTQ0NjUzMDMyOF5BMl5BanBnXkFtZTgwODA1OTU0MDE@._V1_UX342_.jpg,7.979776904450054,"Jeff ""The Dude"" Lebowski, mistaken for a millionaire of the same name, seeks restitution for his ruined rug and enlists his bowling buddies to help get it.",Joel Coen,Ethan Coen,Jeff Bridges,John Goodman,Julianne Moore
2026-01-01,le-scaphandre-et-le-papillon-2007,Le scaphandre et le papillon,2007,"Biography, Drama",8.0,92.0,103284,112,PG-13,https://m.media-amazon.com/images/M/MV5BMTc3MjkzMDkxN15BMl5BanBnXkFtZTcwODAyMTU1MQ@@._V1_UX342_.jpg,7.978932371536903,The true story of Elle editor Jean-Dominique Bauby who suffers a stroke and has to live with an almost totally paralyzed body; only his left eye isn't paralyzed.,Julian Schnabel,Laura Obiols,Mathieu Amalric,Emmanuelle Seigner,Marie-Josée Croze
2026-01-01,tengoku-to-jigoku-1963,Tengoku to jigoku,1963,"Crime, Drama, Mystery",8.4,,34357,143,Not Rated,https://m.media-amazon.com/images/M/MV5BOTI4NTNhZDMtMWNkZi00MTRmLWJmZDQtMmJkMGVmZTEzODlhXkEyXkFqcGdeQXVyNjc1NTYyMjg@._V1_UX342_.jpg,7.978614605932084,An executive of a shoe company becomes a victim of extortion when his chauffeur's son is kidnapped and held for ransom.,Akira Kurosawa,Toshirô Mifune,Yutaka Sada,Tatsuya Nakadai,Kyôko Kagawa
2026-01-01,eskiya-1996,Eskiya,1996,"Crime, Drama, Thriller",8.2,,64118,128,Not Rated,https://m.media-amazon.com/images/M/MV5BOGQ4ZjFmYjktOGNkNS00OWYyLWIyZjgtMGJjM2U1ZTA0ZTlhXkEyXkFqcGdeQXVyNTA4NzY1MzY@._V1_UX342_.jpg,7.977818543019602,"Baran the Bandit, released from prison after 35 years, searches for vengeance and his lover.",Yavuz Turgul,Sener Sen,Ugur Yücel,Sermin Hürmeriç,Yesim Salkim
2026-01-01,queen-2013,Queen,2013,"Adventure, Comedy, Drama",8.2,,60701,146,UA,https://m.media-amazon.com/images/M/MV5BNWYyOWRlOWItZWM5MS00ZjJkLWI0MTUtYTE3NTI5MDAwYjgyXkEyXkFqcGdeQXVyODE5NzE3OTE@._V1_UX342_.jpg,7.975660316854082,A Delhi girl from a traditional family sets out on a solo honeymoon after her marriage gets cancelled.,Vikas Bahl,Kangana Ranaut,Rajkummar Rao,Lisa Haydon,Jeffrey Ho
2026-01-01,hacksaw-ridge-2016,Hacksaw Ridge,2016,"Biography, Drama, History",8.1,71.0,435928,139,A,https://m.media-amazon.com/images/M/MV5BMjQ1NjM3MTUxNV5BMl5BanBnXkFtZTgwMDc5MTY5OTE@._V1_UX342_.jpg,7.971523706056414,"World War II American Army Medic Desmond T. Doss, who served during the Battle of Okinawa, refuses to kill people, and becomes the first man in American history to receive the Medal of Honor without firing a shot.",Mel Gibson,Andrew Garfield,Sam Worthington,Luke Bracey,Teresa Palmer
2026-01-01,vikram-vedha-2017,Vikram Vedha,2017,"Action, Crime, Drama",8.4,,28401,147,UA,https://m.media-amazon.com/images/M/MV5BY2FiMTFmMzMtZDI2ZC00NDQyLWExYTUtOWNmZWM1ZDg5YjVjXkEyXkFqcGdeQXVyODIwMDI1NjM@._V1_UX342_.jpg,7.970758499688232,"Vikram, a no-nonsense police officer, accompanied by Simon, his partner, is on the hunt to capture Vedha, a smuggler and a murderer. Vedha tries to change Vikram's life, which leads to a conflict.",Gayatri,Pushkar,Madhavan,Vijay Sethupathi,Shraddha Srinath
2026-01-01,t-ky-monogatari-1953,Tôkyô monogatari,1953,Drama,8.2,,53153,136,U,https://m.media-amazon.com/images/M/MV5BYWQ4ZTRiODktNjAzZC00Nzg1LTk1YWQtNDFmNDI0NmZiNGIwXkEyXkFqcGdeQXVyNzkwMjQ5NzM@._V1_UX342_.jpg,7.9707410271669605,"An old couple visit their children and grandchildren in the city, but receive little attention.",Yasujirô Ozu,Chishû Ryû,Chieko Higashiyama,Sô Yamamura,Setsuko Hara
2026-01-01,prisoners-2013,Prisoners,2013,"Crime, Drama, Mystery",8.1,70.0,601149,153,A,https://m.media-amazon.com/images/M/MV5BMTg0NTIzMjQ1NV5BMl5BanBnXkFtZTcwNDc3MzM5OQ@@._V1_UX342_.jpg,7.970059252578636,"When Keller Dover's daughter and her friend go missing, he takes matters into his own hands as the police pursue multiple leads and the pressure mounts.",Denis Villeneuve,Hugh Jackman,Jake Gyllenhaal,Viola Davis,Melissa Leo
2026-01-01,the-killing-1956,The Killing,1956,"Crime, Drama, Film-Noir",8.0,91.0,81702,84,Not Rated,https://m.media-amazon.com/images/M/MV5BMDE5ZjAwY2YtOWM5Yi00ZWNlLWE5ODQtYjA4NzA1NGFkZDU5XkEyXkFqcGdeQXVyNjc1NTYyMjg@._V1_UX342_.jpg,7.968573286685091,Crook Johnny Clay assembles a five man team to plan and execute a daring race-track robbery.,Stanley Kubrick,Sterling Hayden,Coleen Gray,Vince Edwards,Jay C. Flippen
2026-01-01,before-midnight-2013,Before Midnight,2013,"Drama, Romance",7.9,94.0,141457,109,R,https://m.media-amazon.com/images/M/MV5BMjA5NzgxODE2NF5BMl5BanBnXkFtZTcwNTI1NTI0OQ@@._V1_UX342_.jpg,7.968488975110262,We meet Jesse and Celine nine years on in Greece. Almost two decades have passed since their first meeting on that train bound for Vienna.,Richard Linklater,Ethan Hawke,Julie Delpy,Seamus Davey-Fitzpatrick,Ariane Labed
2026-01-01,andaz-apna-apna-1994,Andaz Apna Apna,1994,"Action, Comedy, Romance",8.2,,49300,160,U,https://m.media-amazon.com/images/M/MV5BZTIwYzRjMGYtZWQ0Ni00NDZhLThhZDYtOGViZGJiZTkwMzk2XkEyXkFqcGdeQXVyODE5NzE3OTE@._V1_UX342_.jpg,7.9681457818569745,Two slackers competing for the affections of an heiress inadvertently become her protectors from an evil criminal.,Rajkumar Santoshi,Aamir Khan,Salman Khan,Raveena Tandon,Karisma Kapoor
2026-01-01,rocky-1976,Rocky,1976,"Drama, Sport",8.1,70.0,518546,120,U,https://m.media-amazon.com/images/M/MV5BMTY5MDMzODUyOF5BMl5BanBnXkFtZTcwMTQ3NTMyNA@@._V1_UX342_.jpg,7.968024741802438,A small-time boxer gets a supremely rare chance to fight a heavy-weight champion in a bout in which he strives to go the distance for his self-respect.,John G. Avildsen,Sylvester Stallone,Talia Shire,Burt Young,Carl Weathers
2026-01-01,almost-famous-2000,Almost Famous,2000,"Adventure, Comedy, Drama",7.9,90.0,252586,122,A,https://m.media-amazon.com/images/M/MV5BMzY1ZjMwMGEtYTY1ZS00ZDllLTk0ZmUtYzA3ZTA4NmYwNGNkXkEyXkFqcGdeQXVyNDk3NzU2MTQ@._V1_UX342_.jpg,7.966566421415074,A high-school boy is given the chance to write a story for Rolling Stone Magazine about an up-and-coming rock band as he accompanies them on their concert tour.,Cameron Crowe,Billy Crudup,Patrick Fugit,Kate Hudson,Frances McDormand
2026-01-01,bronenosets-potemkin-1925,Bronenosets Potemkin,1925,"Drama, History, Thriller",8.0,97.0,53054,75,Not Rated,https://m.media-amazon.com/images/M/MV5BMTEyMTQzMjQ0MTJeQTJeQWpwZ15BbWU4MDcyMjg4OTEx._V1_UX342_.jpg,7.966049890866748,"In the midst of the Russian Revolution of 1905, the crew of the battleship Potemkin mutiny against the brutal, tyrannical regime of the vessel's officers. The resulting street demonstration in Odessa brings on a police massacre.",Sergei M. Eisenstein,Aleksandr Antonov,Vladimir Barskiy,Grigoriy Aleksandrov,Ivan Bobrov
2026-01-01,the-message-1976,The Message,1976,"Biography, Drama, History",8.2,,43885,177,PG,https://m.media-amazon.com/images/M/MV5BMjk3YjJmYTctMTAzZC00MzE4LWFlZGMtNDM5OTMyMDEzZWIxXkEyXkFqcGdeQXVyNTI4MjkwNjA@._V1_UX342_.jpg,7.964397507207012,This epic historical drama chronicles the life and times of Prophet Muhammad and serves as an introduction to early Islamic history.,Moustapha Akkad,Anthony Quinn,Irene Papas,Michael Ansara,Johnny Sekka
2026-01-01,drishyam-2013,Drishyam,2013,"Crime, Drama, Thriller",8.3,,30722,160,U,https://m.media-amazon.com/images/M/MV5BYmY3MzYwMGUtOWMxYS00OGVhLWFjNmUtYzlkNGVmY2ZkMjA3XkEyXkFqcGdeQXVyMTExNDQ2MTI@._V1_UX342_.jpg,7.964307275257733,A man goes to extreme lengths to save his family from punishment after the family commits an accidental crime.,Jeethu Joseph,Mohanlal,Meena,Asha Sharath,Ansiba
2026-01-01,uri-the-surgical-strike-2018,Uri: The Surgical Strike,2018,"Action, Drama, War",8.2,,43444,138,UA,https://m.media-amazon.com/images/M/MV5BMWU4ZjNlNTQtOGE2MS00NDI0LWFlYjMtMmY3ZWVkMjJkNGRmXkEyXkFqcGdeQXVyNjE1OTQ0NjA@._V1_UX342_.jpg,7.964086902104149,"Indian army special forces execute a covert operation, avenging the killing of fellow army men at their base by a terrorist group.",Aditya Dhar,Vicky Kaushal,Paresh Rawal,Mohit Raina,Yami Gautam
2026-01-01,udaan-2010,Udaan,2010,Drama,8.2,,42341,134,UA,https://m.media-amazon.com/images/M/MV5BNzgxMzExMzUwNV5BMl5BanBnXkFtZTcwMDc2MjUwNA@@._V1_UX342_.jpg,7.9633064395502675,"Expelled from his school, a 16-year old boy returns home to his abusive and oppressive father.",Vikramaditya Motwane,Rajat Barmecha,Ronit Roy,Manjot Singh,Ram Kapoor
2026-01-01,paris-texas-1984,"Paris, Texas",1984,Drama,8.1,78.0,91188,145,U,https://m.media-amazon.com/images/M/MV5BM2RjMmU3ZWItYzBlMy00ZmJkLWE5YzgtNTVkODdhOWM3NGZhXkEyXkFqcGdeQXVyNDA5Mjg5MjA@._V1_UX342_.jpg,7.962540798920406,"Travis Henderson, an aimless drifter who has been missing for four years, wanders out of the desert and must reconnect with society, himself, his life, and his family.",Wim Wenders,Harry Dean Stanton,Nastassja Kinski,Dean Stockwell,Aurore Clément
2026-01-01,kis-uykusu-2014,Kis Uykusu,2014,Drama,8.1,88.0,46547,196,Not Rated,https://m.media-amazon.com/images/M/MV5BYzE2MjEwMTQtOTQ2Mi00ZWExLTkyMjUtNmJjMjBlYWFjZDdlXkEyXkFqcGdeQXVyMTI3ODAyMzE2._V1_UX342_.jpg,7.962119055852609,A hotel owner and landlord in a remote Turkish village deals with conflicts within his family and a tenant behind on his rent.,Nuri Bilge Ceylan,Haluk Bilginer,Melisa Sözen,Demet Akbag,Ayberk Pekcan
2026-01-01,the-best-years-of-our-lives-1946,The Best Years of Our Lives,1946,"Drama, Romance, War",8.0,93.0,57259,170,Not Rated,https://m.media-amazon.com/images/M/MV5BY2RmNTRjYzctODI4Ni00MzQyLWEyNTAtNjU0N2JkMTNhNjJkXkEyXkFqcGdeQXVyNjU0OTQ0OTY@._V1_UX342_.jpg,7.961936642253685,Three World War II veterans return home to small-town America to discover that they and their families have been irreparably changed.,William Wyler,Myrna Loy,Dana Andrews,Fredric March,Teresa Wright
2026-01-01,dil-chahta-hai-2001,Dil Chahta Hai,2001,"Comedy, Drama, Romance",8.1,,66803,183,Not Rated,https://m.media-amazon.com/images/M/MV5BMjRjMTYwMTYtMmRkNi00MmVkLWE0MjQtNmM3YjI0NWFhZDNmXkEyXkFqcGdeQXVyODE5NzE3OTE@._V1_UX342_.jpg,7.960818655943394,"Three inseparable childhood friends are just out of college. Nothing comes between them - until they each fall in love, and their wildly different approaches to relationships creates tension.",Farhan Akhtar,Aamir Khan,Saif Ali Khan,Akshaye Khanna,Preity Zinta
2026-01-01,song-of-the-sea-2014,Song of the Sea,2014,"Animation, Adventure, Drama",8.1,85.0,51679,93,PG,https://m.media-amazon.com/images/M/MV5BMTQ2MDMwNjEwNV5BMl5BanBnXkFtZTgwOTkxMzI0MzE@._V1_UX342_.jpg,7.960708315657445,"Ben, a young Irish boy, and his little sister Saoirse, a girl who can turn into a seal, go on an adventure to free the fairies and save the spirit world.",Tomm Moore,David Rawle,Brendan Gleeson,Lisa Hannigan,Fionnula Flanagan
2026-01-01,zootopia-2016,Zootopia,2016,"Animation, Adventure, Comedy",8.0,78.0,434143,108,U,https://m.media-amazon.com/images/M/MV5BOTMyMjEyNzIzMV5BMl5BanBnXkFtZTgwNzIyNjU0NzE@._V1_UX342_.jpg,7.959480718505381,"In a city of anthropomorphic animals, a rookie bunny cop and a cynical con artist fox must work together to uncover a conspiracy.",Byron Howard,Rich Moore,Jared Bush,Ginnifer Goodwin,Jason Bateman
2026-01-01,k-g-f-chapter-1-2018,K.G.F: Chapter 1,2018,"Action, Drama",8.2,,36680,156,UA,https://m.media-amazon.com/images/M/MV5BZDNlNzBjMGUtYTA0Yy00OTI2LWJmZjMtODliYmUyYTI0OGFmXkEyXkFqcGdeQXVyODIwMDI1NjM@._V1_UX342_.jpg,7.959218152301199,"In the 1970s, a fierce rebel rises against brutal oppression and becomes the symbol of hope to legions of downtrodden people.",Prashanth Neel,Yash,Srinidhi Shetty,Ramachandra Raju,Archana Jois
2026-01-01,all-quiet-on-the-western-front-1930,All Quiet on the Western Front,1930,"Drama, War",8.0,91.0,57318,152,U,https://m.media-amazon.com/images/M/MV5BMzg2MWQ4MDEtOGZlNi00MTg0LWIwMjQtYWY5NTQwYmUzMWNmXkEyXkFqcGdeQXVyMzg2MzE2OTE@._V1_UX342_.jpg,7.958674602938821,"A German youth eagerly enters World War I, but his enthusiasm wanes as he gets a firsthand view of the horror.",Lewis Milestone,Lew Ayres,Louis Wolheim,John Wray,Arnold Lucy
2026-01-01,das-cabinet-des-dr-caligari-1920,Das Cabinet des Dr. Caligari,1920,"Fantasy, Horror, Mystery",8.1,,57428,76,Not Rated,https://m.media-amazon.com/images/M/MV5BNWJiNGJiMTEtMGM3OC00ZWNlLTgwZTgtMzdhNTRiZjk5MTQ1XkEyXkFqcGdeQXVyMTMxODk2OTU@._V1_UX342_.jpg,7.957074479991943,"Hypnotist Dr. Caligari uses a somnambulist, Cesare, to commit murders.",Robert Wiene,Werner Krauss,Conrad Veidt,Friedrich Feher,Lil Dagover
2026-01-01,underground-1995,Underground,1995,"Comedy, Drama, War",8.1,,55220,170,Not Rated,https://m.media-amazon.com/images/M/MV5BNzI4YTVmMWEtMWQ3MS00OGE1LWE5YjMtNjc4NWJmYjRmZTQyXkEyXkFqcGdeQXVyNTA4NzY1MzY@._V1_UX342_.jpg,7.956163155244818,"A group of Serbian socialists prepares for the war in a surreal underground filled by parties, tragedies, love and hate.",Emir Kusturica,Predrag 'Miki' Manojlovic,Lazar Ristovski,Mirjana Jokovic,Slavko Stimac
2026-01-01,omg-oh-my-god-2012,OMG: Oh My God!,2012,"Comedy, Drama, Fantasy",8.1,,51739,125,U,https://m.media-amazon.com/images/M/MV5BMGNhYjUwNmYtNDQxNi00NDdmLTljMDAtZWM1NDQyZTk3ZDYwXkEyXkFqcGdeQXVyODE5NzE3OTE@._V1_UX342_.jpg,7.954702572172101,A shopkeeper takes God to court when his shop is destroyed by an earthquake.,Umesh Shukla,Paresh Rawal,Akshay Kumar,Mithun Chakraborty,Mahesh Manjrekar
2026-01-01,akira-1988,Akira,1988,"Animation, Action, Sci-Fi",8.0,,164918,124,UA,https://m.media-amazon.com/images/M/MV5BM2ZiZTk1ODgtMTZkNS00NTYxLWIxZTUtNWExZGYwZTRjODViXkEyXkFqcGdeQXVyMTE2MzA3MDM@._V1_UX342_.jpg,7.9545990984673605,A secret military project endangers Neo-Tokyo when it turns a biker gang member into a rampaging psychic psychopath who can only be stopped by two teenagers and a group of psychics.,Katsuhiro Ôtomo,Mitsuo Iwata,Nozomu Sasaki,Mami Koyama,Tesshô Genda
2026-01-01,sling-blade-1996,Sling Blade,1996,Drama,8.0,84.0,86838,135,R,https://m.media-amazon.com/images/M/MV5BNGY5NWIxMjAtODBjNC00MmZhLTk1ZTAtNGRhYThlOTNjMTQwXkEyXkFqcGdeQXVyNTc1NTQxODI@._V1_UX342_.jpg,7.9544102084891275,"Karl Childers, a simple man hospitalized since his childhood murder of his mother and her lover, is released to start a new life in a small town.",Billy Bob Thornton,Billy Bob Thornton,Dwight Yoakam,J.T. Walsh,John Ritter
2026-01-01,the-philadelphia-story-1940,The Philadelphia Story,1940,"Comedy, Romance",7.9,96.0,63550,112,Not Rated,https://m.media-amazon.com/images/M/MV5BYjQ4ZDA4NGMtMTkwYi00NThiLThhZDUtZTEzNTAxOWYyY2E4XkEyXkFqcGdeQXVyMjUxODE0MDY@._V1_UX342_.jpg,7.954165676606792,"When a rich woman's ex-husband and a tabloid-type reporter turn up just before her planned remarriage, she begins to learn the truth about herself.",George Cukor,Cary Grant,Katharine Hepburn,James Stewart,Ruth Hussey
2026-01-01,4-luni-3-saptam-ni-si-2-zile-2007,"4 luni, 3 saptamâni si 2 zile",2007,Drama,7.9,97.0,56625,113,Not Rated,https://m.media-amazon.com/images/M/MV5BYzU1YWUzNjYtNmVhZi00ODUyLTg4M2ItMTFlMmU1Mzc5OTE5XkEyXkFqcGdeQXVyMTMxODk2OTU@._V1_UX342_.jpg,7.953487194039201,A woman assists her friend in arranging an illegal abortion in 1980s Romania.,Cristian Mungiu,Anamaria Marinca,Laura Vasiliu,Vlad Ivanov,Alexandru Potocean
2026-01-01,mr-smith-goes-to-washington-1939,Mr. Smith Goes to Washington,1939,"Comedy, Drama",8.1,73.0,107017,129,Not Rated,https://m.media-amazon.com/images/M/MV5BZTYwYjYxYzgtMDE1Ni00NzU4LWJlMTEtODQ5YmJmMGJhZjI5L2ltYWdlXkEyXkFqcGdeQXVyMDI2NDg0NQ@@._V1_UX342_.jpg,7.953372176284077,"A naive man is appointed to fill a vacancy in the United States Senate. His plans promptly collide with political corruption, but he doesn't back down.",Frank Capra,James Stewart,Jean Arthur,Claude Rains,Edward Arnold
2026-01-01,la-passion-de-jeanne-d-arc-1928,La passion de Jeanne d'Arc,1928,"Biography, Drama, History",8.1,,47676,110,Not Rated,https://m.media-amazon.com/images/M/MV5BNjBjNDJiYTUtOWY0OS00OGVmLTg2YzctMTE0NzVhODM1ZWJmXkEyXkFqcGdeQXVyNjU0OTQ0OTY@._V1_UX342_.jpg,7.952959822812366,"In 1431, Jeanne d'Arc is placed on trial on charges of heresy. The ecclesiastical jurists attempt to force Jeanne to recant her claims of holy visions.",Carl Theodor Dreyer,Maria Falconetti,Eugene Silvain,André Berley,Maurice Schutz
2026-01-01,sweet-smell-of-success-1957,Sweet Smell of Success,1957,"Drama, Film-Noir",8.0,100.0,28137,96,Not Rated,https://m.media-amazon.com/images/M/MV5BMjE5NTU3YWYtOWIxNi00YWZhLTg2NzktYzVjZWY5MDQ4NzVlXkEyXkFqcGdeQXVyNjc1NTYyMjg@._V1_UX342_.jpg,7.952773991505736,Powerful but unethical Broadway columnist J.J. Hunsecker coerces unscrupulous press agent Sidney Falco into breaking up his sister's romance with a jazz musician.,Alexander Mackendrick,Burt Lancaster,Tony Curtis,Susan Harrison,Martin Milner
2026-01-01,the-manchurian-candidate-1962,The Manchurian Candidate,1962,"Drama, Thriller",7.9,94.0,71122,126,PG-13,https://m.media-amazon.com/images/M/MV5BOTY0ZTA1ZjUtN2MyNi00ZGRmLWExYmMtOTkyNzI1NGQ2Y2RlXkEyXkFqcGdeQXVyNjc1NTYyMjg@._V1_UX342_.jpg,7.952659990057667,A former prisoner of war is brainwashed as an unwitting assassin for an international Communist conspiracy.,John Frankenheimer,Frank Sinatra,Laurence Harvey,Janet Leigh,Angela Lansbury
2026-01-01,andrei-rublev-1966,Andrei Rublev,1966,"Biography, Drama, History",8.1,,46947,205,R,https://m.media-amazon.com/images/M/MV5BNjM2MjMwNzUzN15BMl5BanBnXkFtZTgwMjEzMzE5MTE@._V1_UX342_.jpg,7.952642698622186,"The life, times and afflictions of the fifteenth-century Russian iconographer St. Andrei Rublev.",Andrei Tarkovsky,Anatoliy Solonitsyn,Ivan Lapikov,Nikolay Grinko,Nikolay Sergeev
2026-01-01,sunrise-a-song-of-two-humans-1927,Sunrise: A Song of Two Humans,1927,"Drama, Romance",8.1,,46865,94,Not Rated,https://m.media-amazon.com/images/M/MV5BNDVkYmYwM2ItNzRiMy00NWQ4LTlhMjMtNDI1ZDYyOGVmMzJjXkEyXkFqcGdeQXVyNTgzMzU5MDI@._V1_UX342_.jpg,7.95260694198175,An allegorical tale about a man fighting the good and evil within him. Both sides are made flesh - one a sophisticated woman he is attracted to and the other his wife.,F.W. Murnau,George O'Brien,Janet Gaynor,Margaret Livingston,Bodil Rosing
2026-01-01,kumonosu-j-1957,Kumonosu-jô,1957,"Drama, History",8.1,,46678,110,Not Rated,https://m.media-amazon.com/images/M/MV5BNGYxZjA2M2ItYTRmNS00NzRmLWJkYzgtYTdiNGFlZDI5ZjNmXkEyXkFqcGdeQXVyNDE5MTU2MDE@._V1_UX342_.jpg,7.952525334453905,"A war-hardened general, egged on by his ambitious wife, works to fulfill a prophecy that he would become lord of Spider's Web Castle.",Akira Kurosawa,Toshirô Mifune,Minoru Chiaki,Isuzu Yamada,Takashi Shimura
2026-01-01,the-princess-bride-1987,The Princess Bride,1987,"Adventure, Family, Fantasy",8.0,77.0,393899,98,U,https://m.media-amazon.com/images/M/MV5BMGM4M2Q5N2MtNThkZS00NTc1LTk1NTItNWEyZjJjNDRmNDk5XkEyXkFqcGdeQXVyMjA0MDQ0Mjc@._V1_UX342_.jpg,7.952524503529812,"While home sick in bed, a young boy's grandfather reads him the story of a farmboy-turned-pirate who encounters numerous obstacles, enemies and allies in his quest to be reunited with his true love.",Rob Reiner,Cary Elwes,Mandy Patinkin,Robin Wright,Chris Sarandon
2026-01-01,young-frankenstein-1974,Young Frankenstein,1974,Comedy,8.0,80.0,143359,106,A,https://m.media-amazon.com/images/M/MV5BMTEwNjg2MjM2ODFeQTJeQWpwZ15BbWU4MDQ1MDU5OTEx._V1_UX342_.jpg,7.952346012930638,"An American grandson of the infamous scientist, struggling to prove that his grandfather was not as insane as people believe, is invited to Transylvania, where he discovers the process that reanimates a dead body.",Mel Brooks,Gene Wilder,Madeline Kahn,Marty Feldman,Peter Boyle
2026-01-01,manchester-by-the-sea-2016,Manchester by the Sea,2016,Drama,7.8,96.0,246963,137,UA,https://m.media-amazon.com/images/M/MV5BMTYxMjk0NDg4Ml5BMl5BanBnXkFtZTgwODcyNjA5OTE@._V1_UX342_.jpg,7.952342079459941,A depressed uncle is asked to take care of his teenage nephew after the boy's father dies.,Kenneth Lonergan,Casey Affleck,Michelle Williams,Kyle Chandler,Lucas Hedges
2026-01-01,le-samoura-1967,Le samouraï,1967,"Crime, Drama, Mystery",8.1,,45434,105,Not Rated,https://m.media-amazon.com/images/M/MV5BMWFjZjRiM2QtZmRkOC00MDUxLTlhYmQtYmY5ZTNiMTI5Nzc2L2ltYWdlXkEyXkFqcGdeQXVyNTAyODkwOQ@@._V1_UX342_.jpg,7.9519801393370475,After professional hitman Jef Costello is seen by witnesses his efforts to provide himself an alibi drive him further into a corner.,Jean-Pierre Melville,Alain Delon,François Périer,Nathalie Delon,Cathy Rosier
2026-01-01,il-conformista-1970,Il conformista,1970,Drama,8.0,100.0,27067,113,UA,https://m.media-amazon.com/images/M/MV5BODFlYzU4YTItN2EwYi00ODI3LTkwNTQtMDdkNjM3YjMyMTgyXkEyXkFqcGdeQXVyNjc1NTYyMjg@._V1_UX342_.jpg,7.951942479747503,"A weak-willed Italian man becomes a fascist flunky who goes abroad to arrange the assassination of his old teacher, now a political dissident.",Bernardo Bertolucci,Jean-Louis Trintignant,Stefania Sandrelli,Gastone Moschin,Enzo Tarascio
2026-01-01,dom-za-vesanje-1988,Dom za vesanje,1988,"Comedy, Crime, Drama",8.2,,26402,142,R,https://m.media-amazon.com/images/M/MV5BODI2ZjVlMGQtMWE5ZS00MjJiLWIyMWYtMGU5NmIxNDc0OTMyXkEyXkFqcGdeQXVyMTQ3Njg3MQ@@._V1_UX342_.jpg,7.951422874813446,"In this luminous tale set in the area around Sarajevo and in Italy, Perhan, an engaging young Romany (gypsy) with telekinetic powers, is seduced by the quick-cash world of petty crime, which threatens to destroy him and those he loves.",Emir Kusturica,Davor Dujmovic,Bora Todorovic,Ljubica Adzovic,Husnija Hasimovic
2026-01-01,patton-1970,Patton,1970,"Biography, Drama, War",7.9,91.0,93741,172,U,https://m.media-amazon.com/images/M/MV5BMmNhZmJhMmYtNjlkMC00MjhjLTk1NzMtMTNlMzYzNjZlMjNiXkEyXkFqcGdeQXVyMTQxNzMzNDI@._V1_UX342_.jpg,7.951073492506385,The World War II phase of the career of controversial American general George S. Patton.,Franklin J. Schaffner,George C. Scott,Karl Malden,Stephen Young,Michael Strong
2026-01-01,mandariinid-2013,Mandariinid,2013,"Drama, War",8.2,73.0,40382,87,Not Rated,https://m.media-amazon.com/images/M/MV5BMTgwNzA3MDQzOV5BMl5BanBnXkFtZTgwNTE5MDE5NDE@._V1_UX342_.jpg,7.950942342417497,"In 1992, war rages in Abkhazia, a breakaway region of Georgia. An Estonian man Ivo has decided to stay behind and harvest his crops of tangerines. In a bloody conflict at his door, a wounded man is left behind, and Ivo takes him in.",Zaza Urushadze,Lembit Ulfsak,Elmo Nüganen,Giorgi Nakashidze,Misha Meskhi
2026-01-01,le-notti-di-cabiria-1957,Le notti di Cabiria,1957,Drama,8.1,,42940,110,Not Rated,https://m.media-amazon.com/images/M/MV5BOTdhNmUxZmQtNmMwNC00MzE3LWE1MTUtZDgxZTYwYjEzZjcwXkEyXkFqcGdeQXVyNTA1NjYyMDk@._V1_UX342_.jpg,7.95087488712798,A waifish prostitute wanders the streets of Rome looking for true love but finds only heartbreak.,Federico Fellini,Giulietta Masina,François Périer,Franca Marzi,Dorian Gray
2026-01-01,the-adventures-of-robin-hood-1938,The Adventures of Robin Hood,1938,"Action, Adventure, Romance",7.9,97.0,47175,102,PG,https://m.media-amazon.com/images/M/MV5BYjZjOTU3MTMtYTM5YS00YjZmLThmNmMtODcwOTM1NmRiMWM2XkEyXkFqcGdeQXVyNjc1NTYyMjg@._V1_UX342_.jpg,7.94995260214888,"When Prince John and the Norman Lords begin oppressing the Saxon masses in King Richard's absence, a Saxon lord fights back as the outlaw leader of a rebel guerrilla army.",Michael Curtiz,William Keighley,Errol Flynn,Olivia de Havilland,Basil Rathbone
2026-01-01,zerkalo-1975,Zerkalo,1975,"Biography, Drama",8.1,,40081,107,G,https://m.media-amazon.com/images/M/MV5BMTg1MDg3OTk3M15BMl5BanBnXkFtZTgwMDEzMzE5MTE@._V1_UX342_.jpg,7.94958739871586,"A dying man in his forties remembers his past. His childhood, his mother, the war, personal moments and things that tell of the recent history of all the Russian nation.",Andrei Tarkovsky,Margarita Terekhova,Filipp Yankovskiy,Ignat Daniltsev,Oleg Yankovskiy
2026-01-01,pink-2016,Pink,2016,"Drama, Thriller",8.1,,39216,136,UA,https://m.media-amazon.com/images/M/MV5BNGI1MTI1YTQtY2QwYi00YzUzLTg3NWYtNzExZDlhOTZmZWU0XkEyXkFqcGdeQXVyMDkwNTkwNg@@._V1_UX342_.jpg,7.949193472726085,"When three young women are implicated in a crime, a retired lawyer steps forward to help them clear their names.",Aniruddha Roy Chowdhury,Taapsee Pannu,Amitabh Bachchan,Kirti Kulhari,Andrea Tariang
2026-01-01,short-term-12-2013,Short Term 12,2013,Drama,8.0,82.0,81770,96,R,https://m.media-amazon.com/images/M/MV5BMTEwNjE2OTM4NDZeQTJeQWpwZ15BbWU3MDE2MTE4OTk@._V1_UX342_.jpg,7.948860407146187,A 20-something supervising staff member of a residential treatment facility navigates the troubled waters of that world alongside her co-worker and longtime boyfriend.,Destin Daniel Cretton,Brie Larson,Frantz Turner,John Gallagher Jr.,Kaitlyn Dever
2026-01-01,un-proph-te-2009,Un prophète,2009,"Crime, Drama",7.9,90.0,93560,155,A,https://m.media-amazon.com/images/M/MV5BMTUyMjQ1MTY5OV5BMl5BanBnXkFtZTcwNzY5NjExMw@@._V1_UX342_.jpg,7.94860856756917,A young Arab man is sent to a French prison.,Jacques Audiard,Tahar Rahim,Niels Arestrup,Adel Bencherif,Reda Kateb
2026-01-01,manbiki-kazoku-2018,Manbiki kazoku,2018,"Crime, Drama",7.9,93.0,62754,121,A,https://m.media-amazon.com/images/M/MV5BYWZmOTY0MDAtMGRlMS00YjFlLWFkZTUtYmJhYWNlN2JjMmZkXkEyXkFqcGdeQXVyODAzODU1NDQ@._V1_UX342_.jpg,7.948584248839666,A family of small-time crooks take in a child they find outside in the cold.,Hirokazu Koreeda,Lily Franky,Sakura Andô,Kirin Kiki,Mayu Matsuoka
2026-01-01,festen-1998,Festen,1998,Drama,8.0,82.0,78341,105,R,https://m.media-amazon.com/images/M/MV5BYTg3Yjc4N2QtZDdlNC00NmU2LWFiYjktYjI3NTMwMjk4M2FmXkEyXkFqcGdeQXVyMjgyNjk3MzE@._V1_UX342_.jpg,7.948200058891588,"At Helge's 60th birthday party, some unpleasant family truths are revealed.",Thomas Vinterberg,Ulrich Thomsen,Henning Moritzen,Thomas Bo Larsen,Paprika Steen
2026-01-01,kaguyahime-no-monogatari-2013,Kaguyahime no monogatari,2013,"Animation, Adventure, Drama",8.0,89.0,38746,137,U,https://m.media-amazon.com/images/M/MV5BNThmMWMyMWMtOWRiNy00MGY0LTg1OTUtNjYzODg2MjdlZGU5XkEyXkFqcGdeQXVyMTMxODk2OTU@._V1_UX342_.jpg,7.947803777281401,"Found inside a shining stalk of bamboo by an old bamboo cutter and his wife, a tiny girl grows rapidly into an exquisite young lady. The mysterious young princess enthralls all who encounter her, but ultimately she must confront her fate, the punishment for her crime.",Isao Takahata,Chloë Grace Moretz,James Caan,Mary Steenburgen,James Marsden
2026-01-01,being-there-1979,Being There,1979,"Comedy, Drama",8.0,83.0,65625,130,PG,https://m.media-amazon.com/images/M/MV5BNjAzNzJjYzQtMGFmNS00ZjAzLTkwMjgtMWIzYzFkMzM4Njg3XkEyXkFqcGdeQXVyMTY5Nzc4MDY@._V1_UX342_.jpg,7.9474802268262,"A simpleminded, sheltered gardener becomes an unlikely trusted advisor to a powerful businessman and an insider in Washington politics.",Hal Ashby,Peter Sellers,Shirley MacLaine,Melvyn Douglas,Jack Warden
2026-01-01,strangers-on-a-train-1951,Strangers on a Train,1951,"Crime, Film-Noir, Thriller",7.9,88.0,123341,101,A,https://m.media-amazon.com/images/M/MV5BNzkwNjk4ODgtYjRmMi00ODdhLWIyNjUtNWQyMjg2N2E2NjlhXkEyXkFqcGdeQXVyNjE5MjUyOTM@._V1_UX342_.jpg,7.947067761486518,A psychopath forces a tennis star to comply with his theory that two strangers can get away with murder.,Alfred Hitchcock,Farley Granger,Robert Walker,Ruth Roman,Leo G. Carroll
2026-01-01,la-grande-illusion-1937,La Grande Illusion,1937,"Drama, War",8.1,,33829,113,Not Rated,https://m.media-amazon.com/images/M/MV5BMTg3MTI5NTk0N15BMl5BanBnXkFtZTgwMjU1MDM5MTE@._V1_UX342_.jpg,7.94669299330308,"During WWI, two French soldiers are captured and imprisoned in a German P.O.W. camp. Several escape attempts follow until they are eventually sent to a seemingly inescapable fortress.",Jean Renoir,Jean Gabin,Dita Parlo,Pierre Fresnay,Erich von Stroheim
2026-01-01,tenk-no-shiro-rapyuta-1986,Tenkû no shiro Rapyuta,1986,"Animation, Adventure, Drama",8.0,78.0,150140,125,U,https://m.media-amazon.com/images/M/MV5BNTg0NmI1ZGQtZTUxNC00NTgxLThjMDUtZmRlYmEzM2MwOWYwXkEyXkFqcGdeQXVyMzM4MjM0Nzg@._V1_UX342_.jpg,7.946272535530974,A young boy and a girl with a magic crystal must race against pirates and foreign agents in a search for a legendary floating castle.,Hayao Miyazaki,Mayumi Tanaka,Keiko Yokozawa,Kotoe Hatsui,Minori Terada
2026-01-01,king-kong-1933,King Kong,1933,"Adventure, Horror, Sci-Fi",7.9,90.0,78991,100,Not Rated,https://m.media-amazon.com/images/M/MV5BZTY3YjYxZGQtMTM2YS00ZmYwLWFlM2QtOWFlMTU1NTAyZDQ2XkEyXkFqcGdeQXVyNTgyNTA4MjM@._V1_UX342_.jpg,7.94619161469728,A film crew goes to a tropical island for an exotic location shoot and discovers a colossal ape who takes a shine to their female blonde star. He is then captured and brought back to New York City for public exhibition.,Merian C. Cooper,Ernest B. Schoedsack,Fay Wray,Robert Armstrong,Bruce Cabot
2026-01-01,ivanovo-detstvo-1962,Ivanovo detstvo,1962,"Drama, War",8.1,,31728,95,Not Rated,https://m.media-amazon.com/images/M/MV5BYTYzYzBhYjQtNDQxYS00MmUwLTkyZjgtZWVkOWFjNzE5OTI2XkEyXkFqcGdeQXVyNjMxMjkwMjI@._V1_UX342_.jpg,7.945695151266471,"In WW2, twelve year old Soviet orphan Ivan Bondarev works for the Soviet army as a scout behind the German lines and strikes a friendship with three sympathetic Soviet officers.",Andrei Tarkovsky,Eduard Abalov,Nikolay Burlyaev,Valentin Zubkov,Evgeniy Zharikov
2026-01-01,mulholland-dr-2001,Mulholland Dr.,2001,"Drama, Mystery, Thriller",7.9,85.0,322031,147,R,https://m.media-amazon.com/images/M/MV5BYjBhZmViNTItMGExMy00MGNmLTkwZDItMDVlMTQ4ODVkYTMwXkEyXkFqcGdeQXVyNzM0MTUwNTY@._V1_UX342_.jpg,7.945223481669151,"After a car wreck on the winding Mulholland Drive renders a woman amnesiac, she and a perky Hollywood-hopeful search for clues and answers across Los Angeles in a twisting venture beyond dreams and reality.",David Lynch,Naomi Watts,Laura Harring,Justin Theroux,Jeanne Bates
2026-01-01,white-heat-1949,White Heat,1949,"Action, Crime, Drama",8.1,,29807,114,Not Rated,https://m.media-amazon.com/images/M/MV5BZmI5NTA3MjItYzdhMi00MWMxLTg3OWMtYWQyYjg5MTFmM2U0L2ltYWdlL2ltYWdlXkEyXkFqcGdeQXVyNjc1NTYyMjg@._V1_UX342_.jpg,7.944771361916344,A psychopathic criminal with a mother complex makes a daring break from prison and leads his old gang in a chemical plant payroll heist.,Raoul Walsh,James Cagney,Virginia Mayo,Edmond O'Brien,Margaret Wycherly
2026-01-01,wo-hu-cang-long-2000,Wo hu cang long,2000,"Action, Adventure, Fantasy",7.8,94.0,253228,120,UA,https://m.media-amazon.com/images/M/MV5BNDdhMzMxOTctNDMyNS00NTZmLTljNWEtNTc4MDBmZTYxY2NmXkEyXkFqcGdeQXVyNjU0OTQ0OTY@._V1_UX342_.jpg,7.943355616746887,A young Chinese warrior steals a sword from a famed swordsman and then escapes into a world of romantic adventure with a mysterious man in the frontier of the nation.,Ang Lee,Yun-Fat Chow,Michelle Yeoh,Ziyi Zhang,Chen Chang
2026-01-01,jungfruk-llan-1960,Jungfrukällan,1960,Drama,8.1,,26697,8,A,https://m.media-amazon.com/images/M/MV5BZjgyMzZkMGUtNTBhZC00OTkzLWI4ZmMtYzcwMzc5MjQ0YTM3XkEyXkFqcGdeQXVyMTMxMTY0OTQ@._V1_UX342_.jpg,7.9432521159597895,"An innocent yet pampered young virgin and her family's pregnant and jealous servant set out to deliver candles to church, but only one returns from events that transpire in the woods along the way.",Ingmar Bergman,Max von Sydow,Birgitta Valberg,Gunnel Lindblom,Birgitta Pettersson
2026-01-01,bajrangi-bhaijaan-2015,Bajrangi Bhaijaan,2015,"Action, Adventure, Comedy",8.0,,72245,163,UA,https://m.media-amazon.com/images/M/MV5BMjE1NjQ5ODc2NV5BMl5BanBnXkFtZTgwOTM5ODIxNjE@._V1_UX342_.jpg,7.943018301851634,An Indian man with a magnanimous heart takes a young mute Pakistani girl back to her homeland to reunite her with her family.,Kabir Khan,Salman Khan,Harshaali Malhotra,Nawazuddin Siddiqui,Kareena Kapoor
2026-01-01,ba-wang-bie-ji-1993,Ba wang bie ji,1993,"Drama, Music, Romance",8.1,,25088,17,R,https://m.media-amazon.com/images/M/MV5BYmFhZmM3Y2MtNDA1Ny00NjkzLWJkM2EtYWU1ZjEwYmNjZDQ0XkEyXkFqcGdeQXVyMTMxMTY0OTQ@._V1_UX342_.jpg,7.942454381732862,Two boys meet at an opera training school in Peking in 1924. Their resulting friendship will span nearly 70 years and will endure some of the most troublesome times in China's history.,Kaige Chen,Leslie Cheung,Fengyi Zhang,Gong Li,You Ge
2026-01-01,crna-macka-beli-macor-1998,"Crna macka, beli macor",1998,"Comedy, Crime, Romance",8.1,73.0,50862,127,R,https://m.media-amazon.com/images/M/MV5BMmExZTZhN2QtMzg5Mi00Y2M5LTlmMWYtNTUzMzUwMGM2OGQ3XkEyXkFqcGdeQXVyNTA4NzY1MzY@._V1_UX342_.jpg,7.942429875930239,Matko and his son Zare live on the banks of the Danube river and get by through hustling and basically doing anything to make a living. In order to pay off a business debt Matko agrees to marry off Zare to the sister of a local gangster.,Emir Kusturica,Bajram Severdzan,Srdjan 'Zika' Todorovic,Branka Katic,Florijan Ajdini
2026-01-01,le-charme-discret-de-la-bourgeoisie-1972,Le charme discret de la bourgeoisie,1972,Comedy,7.9,93.0,38737,102,PG,https://m.media-amazon.com/images/M/MV5BYzQ5NjJiYWQtYjAzMC00NGU0LWFlMDYtNGFiYjFlMWI1NWM0XkEyXkFqcGdeQXVyODQ0OTczOQ@@._V1_UX342_.jpg,7.9419271593002625,"A surreal, virtually plotless series of dreams centered around six middle-class people and their consistently interrupted attempts to have a meal together.",Luis Buñuel,Fernando Rey,Delphine Seyrig,Paul Frankeur,Bulle Ogier
2026-01-01,children-of-men-2006,Children of Men,2006,"Adventure, Drama, Sci-Fi",7.9,84.0,465113,10,A,https://m.media-amazon.com/images/M/MV5BMTQ5NTI2NTI4NF5BMl5BanBnXkFtZTcwNjk2NDA2OQ@@._V1_UX342_.jpg,7.941868622315386,"In 2027, in a chaotic world in which women have become somehow infertile, a former activist agrees to help transport a miraculously pregnant woman to a sanctuary at sea.",Alfonso Cuarón,Julianne Moore,Clive Owen,Chiwetel Ejiofor,Michael Caine
2026-01-01,mystic-river-2003,Mystic River,2003,"Crime, Drama, Mystery",7.9,84.0,419420,138,A,https://m.media-amazon.com/images/M/MV5BMTIzNDUyMjA4MV5BMl5BanBnXkFtZTYwNDc4ODM3._V1_UX342_.jpg,7.9413456750275095,The lives of three men who were childhood friends are shattered when one of them has a family tragedy.,Clint Eastwood,Sean Penn,Tim Robbins,Kevin Bacon,Emmy Rossum
2026-01-01,les-diaboliques-1955,Les diaboliques,1955,"Crime, Drama, Horror",8.0,,61503,117,Not Rated,https://m.media-amazon.com/images/M/MV5BMGJmNmU5OTAtOTQyYy00MmM3LTk4MzUtMGFiZDYzODdmMmU4XkEyXkFqcGdeQXVyNjU0OTQ0OTY@._V1_UX342_.jpg,7.941282198110671,The wife and mistress of a loathed school principal plan to murder him with what they believe is the perfect alibi.,Henri-Georges Clouzot,Simone Signoret,Véra Clouzot,Paul Meurisse,Charles Vanel
2026-01-01,der-himmel-ber-berlin-1987,Der Himmel über Berlin,1987,"Drama, Fantasy, Romance",8.0,79.0,64722,128,U,https://m.media-amazon.com/images/M/MV5BMzMxZjUzOGQtOTFlOS00MzliLWJhNTUtOTgyNzYzMWQ2YzhmXkEyXkFqcGdeQXVyNjQ2MjQ5NzM@._V1_UX342_.jpg,7.939994333924696,An angel tires of overseeing human activity and wishes to become human when he falls in love with a mortal.,Wim Wenders,Bruno Ganz,Solveig Dommartin,Otto Sander,Curt Bois
2026-01-01,the-thin-man-1934,The Thin Man,1934,"Comedy, Crime, Mystery",8.0,86.0,26642,91,Not Rated,https://m.media-amazon.com/images/M/MV5BYmFlOWMwMjAtMDMyMC00N2JjLTllODUtZjY3YWU3NGRkM2I2L2ltYWdlXkEyXkFqcGdeQXVyMjUxODE0MDY@._V1_UX342_.jpg,7.939870711951141,"Former detective Nick Charles and his wealthy wife Nora investigate a murder case, mostly for the fun of it.",W.S. Van Dyke,William Powell,Myrna Loy,Maureen O'Sullivan,Nat Pendleton
2026-01-01,airlift-2016,Airlift,2016,"Drama, History",8.0,,52897,130,UA,https://m.media-amazon.com/images/M/MV5BMGE1ZTkyOTMtMTdiZS00YzI2LTlmYWQtOTE5YWY0NWVlNjlmXkEyXkFqcGdeQXVyNjQ3ODkxMjE@._V1_UX342_.jpg,7.939813073461844,"When Iraq invades Kuwait in August 1990, a callous Indian businessman becomes the spokesperson for more than 170,000 stranded countrymen.",Raja Menon,Akshay Kumar,Nimrat Kaur,Kumud Mishra,Prakash Belawadi
2026-01-01,baby-2015,Baby,2015,"Action, Crime, Thriller",8.0,,52848,159,UA,https://m.media-amazon.com/images/M/MV5BYTdhNjBjZDctYTlkYy00ZGIxLWFjYTktODk5ZjNlMzI4NjI3XkEyXkFqcGdeQXVyMjY1MjkzMjE@._V1_UX342_.jpg,7.939804498195192,"An elite counter-intelligence unit learns of a plot, masterminded by a maniacal madman. With the clock ticking, it's up to them to track the terrorists' international tentacles and prevent them from striking at the heart of India.",Neeraj Pandey,Akshay Kumar,Danny Denzongpa,Rana Daggubati,Taapsee Pannu
2026-01-01,hable-con-ella-2002,Hable con ella,2002,"Drama, Mystery, Romance",7.9,86.0,104691,112,R,https://m.media-amazon.com/images/M/MV5BYmVmMGQ3NzEtM2FiNi00YThhLWFkZjYtM2Y0MjZjNGE4NzM0XkEyXkFqcGdeQXVyODc0OTEyNDU@._V1_UX342_.jpg,7.9397539253194385,Two men share an odd friendship while they care for two women who are both in deep comas.,Pedro Almodóvar,Rosario Flores,Javier Cámara,Darío Grandinetti,Leonor Watling
2026-01-01,the-lady-vanishes-1938,The Lady Vanishes,1938,"Mystery, Thriller",7.8,98.0,47400,96,Not Rated,https://m.media-amazon.com/images/M/MV5BNjk3YzFjYTktOGY0ZS00Y2EwLTk2NTctYTI1Nzc2OWNiN2I4XkEyXkFqcGdeQXVyNzM0MTUwNTY@._V1_UX342_.jpg,7.938835583998539,"While travelling in continental Europe, a rich young playgirl realizes that an elderly lady seems to have disappeared from the train.",Alfred Hitchcock,Margaret Lockwood,Michael Redgrave,Paul Lukas,May Whitty
2026-01-01,judgment-at-nuremberg-1961,Judgment at Nuremberg,1961,"Drama, War",8.2,60.0,69458,179,A,https://m.media-amazon.com/images/M/MV5BNDc2ODQ5NTE2MV5BMl5BanBnXkFtZTcwODExMjUyNA@@._V1_UX342_.jpg,7.938724647569127,"In 1948, an American court in occupied Germany tries four Nazis judged for war crimes.",Stanley Kramer,Spencer Tracy,Burt Lancaster,Richard Widmark,Marlene Dietrich
2026-01-01,sleuth-1972,Sleuth,1972,"Mystery, Thriller",8.0,,44748,138,PG,https://m.media-amazon.com/images/M/MV5BM2EzZmFmMmItODY3Zi00NjdjLWE0MTYtZWQ3MGIyM2M4YjZhXkEyXkFqcGdeQXVyMzg2MzE2OTE@._V1_UX342_.jpg,7.938352555472574,"A man who loves games and theater invites his wife's lover to meet him, setting up a battle of wits with potentially deadly results.",Joseph L. Mankiewicz,Laurence Olivier,Michael Caine,Alec Cawthorne,John Matthews
2026-01-01,kami-kodomo-no-ame-to-yuki-2012,Ôkami kodomo no Ame to Yuki,2012,"Animation, Drama, Fantasy",8.1,71.0,38803,117,U,https://m.media-amazon.com/images/M/MV5BYzQxNDZhNDUtNDUwOC00NjQyLTg2OWUtZWVlYThjYjYyMTc2XkEyXkFqcGdeQXVyNTAyODkwOQ@@._V1_UX342_.jpg,7.937241528394857,"After her werewolf lover unexpectedly dies in an accident while hunting for food for their children, a young woman must find ways to raise the werewolf son and daughter that she had with him while keeping their trait hidden from society.",Mamoru Hosoda,Aoi Miyazaki,Takao Osawa,Haru Kuroki,Yukito Nishii
2026-01-01,twelve-monkeys-1995,Twelve Monkeys,1995,"Mystery, Sci-Fi, Thriller",8.0,74.0,578443,129,A,https://m.media-amazon.com/images/M/MV5BN2Y2OWU4MWMtNmIyMy00YzMyLWI0Y2ItMTcyZDc3MTdmZDU4XkEyXkFqcGdeQXVyMTQxNzMzNDI@._V1_UX342_.jpg,7.936275928494638,"In a future world devastated by disease, a convict is sent back in time to gather information about the man-made virus that wiped out most of the human population on the planet.",Terry Gilliam,Bruce Willis,Madeleine Stowe,Brad Pitt,Joseph Melito
2026-01-01,vizontele-2001,Vizontele,2001,"Comedy, Drama",8.0,,33592,110,Not Rated,https://m.media-amazon.com/images/M/MV5BMjA2MzM4NjkyMF5BMl5BanBnXkFtZTYwMTQ2ODc5._V1_UX342_.jpg,7.9362342105676555,Lives of residents in a small Anatolian village change when television is introduced to them,Yilmaz Erdogan,Ömer Faruk Sorak,Yilmaz Erdogan,Demet Akbag,Altan Erkekli
2026-01-01,out-of-the-past-1947,Out of the Past,1947,"Crime, Drama, Film-Noir",8.0,,32784,97,Not Rated,https://m.media-amazon.com/images/M/MV5BMDE0MjYxYmMtM2VhMC00MjhiLTg5NjItMDkzZGM5MGVlYjMxL2ltYWdlL2ltYWdlXkEyXkFqcGdeQXVyNjc1NTYyMjg@._V1_UX342_.jpg,7.936075116349947,"A private eye escapes his past to run a gas station in a small town, but his past catches up with him. Now he must return to the big city world of danger, corruption, double crosses and duplicitous dames.",Jacques Tourneur,Robert Mitchum,Jane Greer,Kirk Douglas,Rhonda Fleming
2026-01-01,jules-et-jim-1962,Jules et Jim,1962,"Drama, Romance",7.8,97.0,37605,105,Not Rated,https://m.media-amazon.com/images/M/MV5BZTM1MTRiNDctMTFiMC00NGM1LTkyMWQtNTY1M2JjZDczOWQ3XkEyXkFqcGdeQXVyMDI3OTIzOA@@._V1_UX342_.jpg,7.93586862410686,Decades of a love triangle concerning two friends and an impulsive woman.,François Truffaut,Jeanne Moreau,Oskar Werner,Henri Serre,Vanna Urbino
2026-01-01,badhaai-ho-2018,Badhaai ho,2018,"Comedy, Drama",8.0,,27978,12,UA,https://m.media-amazon.com/images/M/MV5BNjZlMDdmN2YtYThmZi00NGQzLTk0ZTQtNTUyZDFmODExOGNiXkEyXkFqcGdeQXVyODE5NzE3OTE@._V1_UX342_.jpg,7.935112169505455,A man is embarrassed when he finds out his mother is pregnant.,Amit Ravindernath Sharma,Ayushmann Khurrana,Neena Gupta,Gajraj Rao,Sanya Malhotra
2026-01-01,knockin-on-heaven-s-door-1997,Knockin' on Heaven's Door,1997,"Action, Crime, Comedy",8.0,,27721,87,Not Rated,https://m.media-amazon.com/images/M/MV5BMTk2MjcxNjMzN15BMl5BanBnXkFtZTgwMTE3OTEwNjE@._V1_UX342_.jpg,7.935059858272405,"Two terminally ill patients escape from a hospital, steal a car and rush towards the sea.",Thomas Jahn,Til Schweiger,Jan Josef Liefers,Thierry van Werveke,Moritz Bleibtreu
2026-01-01,all-the-president-s-men-1976,All the President's Men,1976,"Biography, Drama, History",7.9,84.0,103031,138,U,https://m.media-amazon.com/images/M/MV5BOWI2YWQxM2MtY2U4Yi00YjgzLTgwNzktN2ExNTgzNTIzMmUzXkEyXkFqcGdeQXVyMTAwMzUyOTc@._V1_UX342_.jpg,7.934397819410726,"""The Washington Post"" reporters Bob Woodward and Carl Bernstein uncover the details of the Watergate scandal that leads to President Richard Nixon's resignation.",Alan J. Pakula,Dustin Hoffman,Robert Redford,Jack Warden,Martin Balsam
2026-01-01,shadow-of-a-doubt-1943,Shadow of a Doubt,1943,"Film-Noir, Thriller",7.8,94.0,59556,108,PG,https://m.media-amazon.com/images/M/MV5BM2I1YWM4NTYtYjA0Ny00ZDEwLTg3NTgtNzBjMzZhZTk1YTA1XkEyXkFqcGdeQXVyMTY5Nzc4MDY@._V1_UX342_.jpg,7.934161825492709,"A young girl, overjoyed when her favorite uncle comes to visit the family, slowly begins to suspect that he is in fact the ""Merry Widow"" killer sought by the authorities.",Alfred Hitchcock,Teresa Wright,Joseph Cotten,Macdonald Carey,Henry Travers
2026-01-01,fantastic-mr-fox-2009,Fantastic Mr. Fox,2009,"Animation, Adventure, Comedy",7.9,83.0,199696,87,PG,https://m.media-amazon.com/images/M/MV5BOGUwYTU4NGEtNDM4MS00NDRjLTkwNmQtOTkwMWMyMjhmMjdlXkEyXkFqcGdeQXVyMTMxODk2OTU@._V1_UX342_.jpg,7.933401868999391,An urbane fox cannot resist returning to his farm raiding ways and then must help his community survive the farmers' retaliation.,Wes Anderson,George Clooney,Meryl Streep,Bill Murray,Jason Schwartzman
2026-01-01,badlands-1973,Badlands,1973,"Action, Crime, Drama",7.8,93.0,66009,94,PG,https://m.media-amazon.com/images/M/MV5BMDcxNjhiOTEtMzQ0YS00OTBhLTkxM2QtN2UyZDMzNzIzNWFlXkEyXkFqcGdeQXVyMTQxNzMzNDI@._V1_UX342_.jpg,7.932780167771195,An impressionable teenage girl from a dead-end town and her older greaser boyfriend embark on a killing spree in the South Dakota badlands.,Terrence Malick,Martin Sheen,Sissy Spacek,Warren Oates,Ramon Bieri
2026-01-01,manhattan-1979,Manhattan,1979,"Comedy, Drama, Romance",7.9,83.0,131436,96,R,https://m.media-amazon.com/images/M/MV5BMzdmY2I3MmEtOGFiZi00MTg1LWIxY2QtNWUwM2NmNWNlY2U5XkEyXkFqcGdeQXVyNDk3NzU2MTQ@._V1_UX342_.jpg,7.932335867459751,The life of a divorced television writer dating a teenage girl is further complicated when he falls in love with his best friend's mistress.,Woody Allen,Woody Allen,Diane Keaton,Mariel Hemingway,Michael Murphy
2026-01-01,duck-soup-1933,Duck Soup,1933,"Comedy, Musical, War",7.8,93.0,55581,69,Not Rated,https://m.media-amazon.com/images/M/MV5BYmYxZGU2NWYtNzQxZS00NmEyLWIzN2YtMDk5MWM0ODc5ZTE4XkEyXkFqcGdeQXVyNTA4NzY1MzY@._V1_UX342_.jpg,7.932262153480942,Rufus T. Firefly is named president/dictator of bankrupt Freedonia and declares war on neighboring Sylvania over the love of wealthy Mrs. Teasdale.,Leo McCarey,Groucho Marx,Harpo Marx,Chico Marx,Zeppo Marx
2026-01-01,days-of-heaven-1978,Days of Heaven,1978,"Drama, Romance",7.8,93.0,52852,94,PG,https://m.media-amazon.com/images/M/MV5BZjMyZmU4OGYtNjBiYS00YTIxLWJjMDUtZjczZmQwMTM4YjQxXkEyXkFqcGdeQXVyNTI4MjkwNjA@._V1_UX342_.jpg,7.932121403364052,A hot-tempered farm laborer convinces the woman he loves to marry their rich but dying boss so that they can have a claim to his fortune.,Terrence Malick,Richard Gere,Brooke Adams,Sam Shepard,Linda Manz
2026-01-01,charade-1963,Charade,1963,"Comedy, Mystery, Romance",7.9,83.0,68689,113,U,https://m.media-amazon.com/images/M/MV5BMTA0Y2UyMDUtZGZiOS00ZmVkLTg3NmItODQyNTY1ZjU1MWE4L2ltYWdlL2ltYWdlXkEyXkFqcGdeQXVyNjc1NTYyMjg@._V1_UX342_.jpg,7.930999122946246,Romance and suspense ensue in Paris as a woman is pursued by several men who want a fortune her murdered husband had stolen. Whom can she trust?,Stanley Donen,Cary Grant,Audrey Hepburn,Walter Matthau,James Coburn
2026-01-01,the-imitation-game-2014,The Imitation Game,2014,"Biography, Drama, Thriller",8.0,73.0,685201,114,UA,https://m.media-amazon.com/images/M/MV5BOTgwMzFiMWYtZDhlNS00ODNkLWJiODAtZDVhNzgyNzJhYjQ4L2ltYWdlXkEyXkFqcGdeQXVyNzEzOTYxNTQ@._V1_UX342_.jpg,7.929664589990491,"During World War II, the English mathematical genius Alan Turing tries to crack the German Enigma code with help from fellow mathematicians.",Morten Tyldum,Benedict Cumberbatch,Keira Knightley,Matthew Goode,Allen Leech
2026-01-01,little-women-2019,Little Women,2019,"Drama, Romance",7.8,91.0,143250,135,U,https://m.media-amazon.com/images/M/MV5BY2QzYTQyYzItMzAwYi00YjZlLThjNTUtNzMyMDdkYzJiNWM4XkEyXkFqcGdeQXVyMTkxNjUyNQ@@._V1_UX342_.jpg,7.929246057081402,"Jo March reflects back and forth on her life, telling the beloved story of the March sisters - four young women, each determined to live life on her own terms.",Greta Gerwig,Saoirse Ronan,Emma Watson,Florence Pugh,Eliza Scanlen
2026-01-01,isle-of-dogs-2018,Isle of Dogs,2018,"Animation, Adventure, Comedy",7.9,82.0,139114,101,U,https://m.media-amazon.com/images/M/MV5BZDQwOWQ2NmUtZThjZi00MGM0LTkzNDctMzcyMjcyOGI1OGRkXkEyXkFqcGdeQXVyMTA3MDk2NDg2._V1_UX342_.jpg,7.929238808247048,"Set in Japan, Isle of Dogs follows a boy's odyssey in search of his lost dog.",Wes Anderson,Bryan Cranston,Koyu Rankin,Edward Norton,Bob Balaban
2026-01-01,rope-1948,Rope,1948,"Crime, Drama, Mystery",8.0,73.0,129783,80,A,https://m.media-amazon.com/images/M/MV5BYWFjMDNlYzItY2VlMS00ZTRkLWJjYTEtYjI5NmFlMGE3MzQ2XkEyXkFqcGdeQXVyNjc1NTYyMjg@._V1_UX342_.jpg,7.9292219312433705,Two men attempt to prove they committed the perfect crime by hosting a dinner party after strangling their former classmate to death.,Alfred Hitchcock,James Stewart,John Dall,Farley Granger,Dick Hogan
2026-01-01,the-right-stuff-1983,The Right Stuff,1983,"Adventure, Biography, Drama",7.8,91.0,56235,193,PG,https://m.media-amazon.com/images/M/MV5BOTUwMDA3MTYtZjhjMi00ODFmLTg5ZTAtYzgwN2NlODgzMmUwXkEyXkFqcGdeQXVyNjc1NTYyMjg@._V1_UX342_.jpg,7.929057159756823,"The story of the original Mercury 7 astronauts and their macho, seat-of-the-pants approach to the space program.",Philip Kaufman,Sam Shepard,Scott Glenn,Ed Harris,Dennis Quaid
