id,season,city,date,match_type,player_of_match,venue,team1,team2,toss_winner,toss_decision,winner,result,result_margin,target_runs,target_overs,super_over,method,umpire1,umpire2
550,2014,Kolkata,2014-05-22,League,RV Uthappa,Eden Gardens,Kolkata Knight Riders,Royal Challengers Bangalore,Royal Challengers Bangalore,field,Kolkata Knight Riders,runs,30.0,196.0,20.0,N,,AK Chaudhary,CK Nandan
551,2022,Mumbai,2022-04-01,League,UT Yadav,"Wankhede Stadium, Mumbai",Punjab Kings,Kolkata Knight Riders,Kolkata Knight Riders,field,Kolkata Knight Riders,wickets,6.0,138.0,20.0,N,,AK Chaudhary,HAS Khalid
552,2021,Mumbai,2021-04-21,League,F du Plessis,"Wankhede Stadium, Mumbai",Chennai Super Kings,Kolkata Knight Riders,Kolkata Knight Riders,field,Chennai Super Kings,runs,18.0,221.0,20.0,N,,AY Dandekar,PR Reiffel
553,2011,Jaipur,2011-05-01,League,LRPL Taylor,Sawai Mansingh Stadium,Rajasthan Royals,Pune Warriors,Rajasthan Royals,field,Rajasthan Royals,wickets,6.0,144.0,20.0,N,,SK Tarapore,SJA Taufel
554,2013,Bangalore,2013-04-09,League,V Kohli,M Chinnaswamy Stadium,Royal Challengers Bangalore,Sunrisers Hyderabad,Sunrisers Hyderabad,bat,Royal Challengers Bangalore,wickets,7.0,162.0,20.0,N,,S Ravi,SJA Taufel
555,2014,Mumbai,2014-05-28,Eliminator,SK Raina,Brabourne Stadium,Chennai Super Kings,Mumbai Indians,Chennai Super Kings,field,Chennai Super Kings,wickets,7.0,174.0,20.0,N,,VA Kulkarni,BNJ Oxenford
556,2016,Hyderabad,2016-04-30,League,DA Warner,"Rajiv Gandhi International Stadium, Uppal",Sunrisers Hyderabad,Royal Challengers Bangalore,Royal Challengers Bangalore,field,Sunrisers Hyderabad,runs,15.0,195.0,20.0,N,,AK Chaudhary,HDPK Dharmasena
557,2022,Mumbai,2022-05-21,League,JJ Bumrah,"Wankhede Stadium, Mumbai",Delhi Capitals,Mumbai Indians,Mumbai Indians,field,Mumbai Indians,wickets,5.0,160.0,20.0,N,,Nitin Menon,Tapan Sharma
558,2011,Dharamsala,2011-05-15,League,PP Chawla,Himachal Pradesh Cricket Association Stadium,Kings XI Punjab,Delhi Daredevils,Delhi Daredevils,field,Kings XI Punjab,runs,29.0,171.0,20.0,N,,Asad Rauf,SL Shastri
559,2012,Cuttack,2012-04-22,League,B Lee,Barabati Stadium,Deccan Chargers,Kolkata Knight Riders,Kolkata Knight Riders,field,Kolkata Knight Riders,wickets,5.0,127.0,20.0,N,,BF Bowden,SK Tarapore
560,2024,Bengaluru,2024-05-12,League,C Green,"M Chinnaswamy Stadium, Bengaluru",Royal Challengers Bengaluru,Delhi Capitals,Delhi Capitals,field,Royal Challengers Bengaluru,runs,47.0,188.0,20.0,N,,A Nand Kishore,VA Kulkarni
561,2011,Indore,2011-05-13,League,KD Karthik,Holkar Cricket Stadium,Kochi Tuskers Kerala,Kings XI Punjab,Kings XI Punjab,field,Kings XI Punjab,wickets,6.0,179.0,20.0,N,,S Asnani,RJ Tucker
562,2009,Johannesburg,2009-05-10,League,A Mishra,New Wanderers Stadium,Delhi Daredevils,Kolkata Knight Riders,Delhi Daredevils,field,Delhi Daredevils,wickets,7.0,124.0,20.0,N,,SL Shastri,RB Tiffin
563,2011,Bangalore,2011-05-08,League,CH Gayle,M Chinnaswamy Stadium,Royal Challengers Bangalore,Kochi Tuskers Kerala,Kochi Tuskers Kerala,bat,Royal Challengers Bangalore,wickets,9.0,126.0,20.0,N,,Aleem Dar,SS Hazare
564,2015,Mumbai,2015-04-25,League,SL Malinga,Wankhede Stadium,Mumbai Indians,Sunrisers Hyderabad,Mumbai Indians,bat,Mumbai Indians,runs,20.0,158.0,20.0,N,,HDPK Dharmasena,CB Gaffaney
565,2015,Chandigarh,2015-04-27,League,TA Boult,"Punjab Cricket Association Stadium, Mohali",Kings XI Punjab,Sunrisers Hyderabad,Kings XI Punjab,field,Sunrisers Hyderabad,runs,20.0,151.0,20.0,N,,HDPK Dharmasena,CB Gaffaney
566,2016,Visakhapatnam,2016-05-13,League,MP Stoinis,Dr. Y.S. Rajasekhara Reddy ACA-VDCA Cricket Stadium,Mumbai Indians,Kings XI Punjab,Mumbai Indians,bat,Kings XI Punjab,wickets,7.0,125.0,20.0,N,,HDPK Dharmasena,CK Nandan
567,2018,Indore,2018-05-14,League,UT Yadav,Holkar Cricket Stadium,Kings XI Punjab,Royal Challengers Bangalore,Royal Challengers Bangalore,field,Royal Challengers Bangalore,wickets,10.0,89.0,20.0,N,,BNJ Oxenford,VK Sharma
568,2015,Mumbai,2015-04-17,League,A Nehra,Wankhede Stadium,Mumbai Indians,Chennai Super Kings,Mumbai Indians,bat,Chennai Super Kings,wickets,6.0,184.0,20.0,N,,AK Chaudhary,M Erasmus
569,2024,Chennai,2024-05-01,League,Harpreet Brar,"MA Chidambaram Stadium, Chepauk, Chennai",Chennai Super Kings,Punjab Kings,Punjab Kings,field,Punjab Kings,wickets,7.0,163.0,20.0,N,,HAS Khalid,VK Sharma
570,2013,Pune,2013-05-02,League,AB de Villiers,Subrata Roy Sahara Stadium,Pune Warriors,Royal Challengers Bangalore,Royal Challengers Bangalore,bat,Royal Challengers Bangalore,runs,17.0,188.0,20.0,N,,Aleem Dar,C Shamshuddin
571,2023,Mumbai,2023-05-09,League,SA Yadav,"Wankhede Stadium, Mumbai",Royal Challengers Bangalore,Mumbai Indians,Mumbai Indians,field,Mumbai Indians,wickets,6.0,200.0,20.0,N,,HAS Khalid,VK Sharma
572,2022,Mumbai,2022-04-17,League,Umran Malik,"Dr DY Patil Sports Academy, Mumbai",Punjab Kings,Sunrisers Hyderabad,Sunrisers Hyderabad,field,Sunrisers Hyderabad,wickets,7.0,152.0,20.0,N,,PG Pathak,R Pandit
573,2016,Hyderabad,2016-04-16,League,G Gambhir,"Rajiv Gandhi International Stadium, Uppal",Sunrisers Hyderabad,Kolkata Knight Riders,Sunrisers Hyderabad,bat,Kolkata Knight Riders,wickets,8.0,143.0,20.0,N,,AK Chaudhary,CK Nandan
574,2023,Lucknow,2023-04-07,League,KH Pandya,"Bharat Ratna Shri Atal Bihari Vajpayee Ekana Cricket Stadium, Lucknow",Sunrisers Hyderabad,Lucknow Super Giants,Sunrisers Hyderabad,bat,Lucknow Super Giants,wickets,5.0,122.0,20.0,N,,J Madanagopal,YC Barde
575,2012,Chennai,2012-04-28,League,Mandeep Singh,"MA Chidambaram Stadium, Chepauk",Chennai Super Kings,Kings XI Punjab,Kings XI Punjab,bat,Kings XI Punjab,runs,7.0,157.0,20.0,N,,BF Bowden,SK Tarapore
576,2023,Bengaluru,2023-04-23,League,GJ Maxwell,"M Chinnaswamy Stadium, Bengaluru",Royal Challengers Bangalore,Rajasthan Royals,Rajasthan Royals,field,Royal Challengers Bangalore,runs,7.0,190.0,20.0,N,,MA Gough,MV Saidharshan Kumar
577,2022,Mumbai,2022-05-01,League,Mohsin Khan,"Wankhede Stadium, Mumbai",Lucknow Super Giants,Delhi Capitals,Lucknow Super Giants,bat,Lucknow Super Giants,runs,6.0,196.0,20.0,N,,Chirra Ravikanthreddy,CB Gaffaney
578,2022,Mumbai,2022-05-13,League,JM Bairstow,"Brabourne Stadium, Mumbai",Punjab Kings,Royal Challengers Bangalore,Royal Challengers Bangalore,field,Punjab Kings,runs,54.0,210.0,20.0,N,,J Madanagopal,N Pandit
579,2011,Jaipur,2011-04-24,League,SK Warne,Sawai Mansingh Stadium,Rajasthan Royals,Kochi Tuskers Kerala,Rajasthan Royals,field,Rajasthan Royals,wickets,8.0,110.0,20.0,N,,BR Doctrove,SK Tarapore
580,2021,Mumbai,2021-04-10,League,S Dhawan,"Wankhede Stadium, Mumbai",Chennai Super Kings,Delhi Capitals,Delhi Capitals,field,Delhi Capitals,wickets,7.0,189.0,20.0,N,,AK Chaudhary,VK Sharma
581,2014,,2014-04-27,League,M Vijay,Sharjah Cricket Stadium,Delhi Daredevils,Mumbai Indians,Mumbai Indians,bat,Delhi Daredevils,wickets,6.0,126.0,20.0,N,,Aleem Dar,VA Kulkarni
582,2011,Chennai,2011-04-16,League,MEK Hussey,"MA Chidambaram Stadium, Chepauk",Chennai Super Kings,Royal Challengers Bangalore,Chennai Super Kings,bat,Chennai Super Kings,runs,21.0,184.0,20.0,N,,HDPK Dharmasena,AL Hill
583,2019,Hyderabad,2019-04-14,League,KMA Paul,Rajiv Gandhi International Stadium,Delhi Capitals,Sunrisers Hyderabad,Sunrisers Hyderabad,field,Delhi Capitals,runs,39.0,156.0,20.0,N,,AK Chaudhary,BNJ Oxenford
584,2024,Kolkata,2024-03-23,League,AD Russell,"Eden Gardens, Kolkata",Kolkata Knight Riders,Sunrisers Hyderabad,Sunrisers Hyderabad,field,Kolkata Knight Riders,runs,4.0,209.0,20.0,N,,R Pandit,YC Barde
585,2023,Bengaluru,2023-04-15,League,V Kohli,"M Chinnaswamy Stadium, Bengaluru",Royal Challengers Bangalore,Delhi Capitals,Delhi Capitals,field,Royal Challengers Bangalore,runs,23.0,175.0,20.0,N,,KN Ananthapadmanabhan,MV Saidharshan Kumar
586,2019,Bengaluru,2019-04-05,League,AD Russell,M.Chinnaswamy Stadium,Royal Challengers Bangalore,Kolkata Knight Riders,Kolkata Knight Riders,field,Kolkata Knight Riders,wickets,5.0,206.0,20.0,N,,AK Chaudhary,CB Gaffaney
587,2011,Mumbai,2011-05-25,Elimination Final,MM Patel,Wankhede Stadium,Mumbai Indians,Kolkata Knight Riders,Mumbai Indians,field,Mumbai Indians,wickets,4.0,148.0,20.0,N,,Asad Rauf,SJA Taufel
588,2022,Kolkata,2022-05-25,Eliminator,RM Patidar,"Eden Gardens, Kolkata",Royal Challengers Bangalore,Lucknow Super Giants,Lucknow Super Giants,field,Royal Challengers Bangalore,runs,14.0,208.0,20.0,N,,J Madanagopal,MA Gough
589,2009,Cape Town,2009-04-18,League,R Dravid,Newlands,Royal Challengers Bangalore,Rajasthan Royals,Royal Challengers Bangalore,bat,Royal Challengers Bangalore,runs,75.0,134.0,20.0,N,,BR Doctrove,RB Tiffin
590,2019,Chandigarh,2019-04-08,League,KL Rahul,Punjab Cricket Association IS Bindra Stadium,Sunrisers Hyderabad,Kings XI Punjab,Kings XI Punjab,field,Kings XI Punjab,wickets,6.0,151.0,20.0,N,,AY Dandekar,M Erasmus
591,2018,Delhi,2018-04-23,League,AS Rajpoot,Arun Jaitley Stadium,Kings XI Punjab,Delhi Daredevils,Delhi Daredevils,field,Kings XI Punjab,runs,4.0,144.0,20.0,N,,A Nand Kishore,CK Nandan
592,2014,Cuttack,2014-05-07,League,GJ Maxwell,Barabati Stadium,Kings XI Punjab,Chennai Super Kings,Chennai Super Kings,field,Kings XI Punjab,runs,44.0,232.0,20.0,N,,HDPK Dharmasena,PG Pathak
593,2019,Hyderabad,2019-03-29,League,Rashid Khan,Rajiv Gandhi International Stadium,Rajasthan Royals,Sunrisers Hyderabad,Rajasthan Royals,bat,Sunrisers Hyderabad,wickets,5.0,199.0,20.0,N,,BNJ Oxenford,C Shamshuddin
594,2016,Hyderabad,2016-04-18,League,DA Warner,"Rajiv Gandhi International Stadium, Uppal",Sunrisers Hyderabad,Mumbai Indians,Sunrisers Hyderabad,field,Sunrisers Hyderabad,wickets,7.0,143.0,20.0,N,,HDPK Dharmasena,VK Sharma
595,2012,Bangalore,2012-05-02,League,Azhar Mahmood,M Chinnaswamy Stadium,Royal Challengers Bangalore,Kings XI Punjab,Kings XI Punjab,field,Kings XI Punjab,wickets,4.0,159.0,20.0,N,,BF Bowden,C Shamshuddin
596,2016,Rajkot,2016-04-24,League,V Kohli,Saurashtra Cricket Association Stadium,Gujarat Lions,Royal Challengers Bangalore,Royal Challengers Bangalore,bat,Gujarat Lions,wickets,6.0,181.0,20.0,N,,K Bharatan,BNJ Oxenford
597,2022,Pune,2022-05-04,League,HV Patel,"Maharashtra Cricket Association Stadium, Pune",Royal Challengers Bangalore,Chennai Super Kings,Chennai Super Kings,field,Royal Challengers Bangalore,runs,13.0,174.0,20.0,N,,KN Ananthapadmanabhan,MA Gough
598,2017,Pune,2017-04-06,League,SPD Smith,Maharashtra Cricket Association Stadium,Rising Pune Supergiant,Mumbai Indians,Rising Pune Supergiant,field,Rising Pune Supergiant,wickets,7.0,185.0,20.0,N,,A Nand Kishore,S Ravi
599,2024,Jaipur,2024-03-28,League,R Parag,"Sawai Mansingh Stadium, Jaipur",Rajasthan Royals,Delhi Capitals,Delhi Capitals,field,Rajasthan Royals,runs,12.0,186.0,20.0,N,,A Nand Kishore,Nitin Menon
600,2016,Pune,2016-04-29,League,DR Smith,Maharashtra Cricket Association Stadium,Rising Pune Supergiants,Gujarat Lions,Gujarat Lions,field,Gujarat Lions,wickets,3.0,196.0,20.0,N,,CB Gaffaney,BNJ Oxenford
601,2014,Hyderabad,2014-05-12,League,AT Rayudu,"Rajiv Gandhi International Stadium, Uppal",Sunrisers Hyderabad,Mumbai Indians,Sunrisers Hyderabad,bat,Mumbai Indians,wickets,7.0,158.0,20.0,N,,HDPK Dharmasena,VA Kulkarni
602,2015,Kolkata,2015-05-04,League,UT Yadav,Eden Gardens,Kolkata Knight Riders,Sunrisers Hyderabad,Sunrisers Hyderabad,field,Kolkata Knight Riders,runs,35.0,168.0,20.0,N,,AK Chaudhary,M Erasmus
603,2018,Hyderabad,2018-04-12,League,Rashid Khan,Rajiv Gandhi International Stadium,Mumbai Indians,Sunrisers Hyderabad,Sunrisers Hyderabad,field,Sunrisers Hyderabad,wickets,1.0,148.0,20.0,N,,CK Nandan,NJ Llong
604,2023,Ahmedabad,2023-04-16,League,SO Hetmyer,"Narendra Modi Stadium, Ahmedabad",Gujarat Titans,Rajasthan Royals,Rajasthan Royals,field,Rajasthan Royals,wickets,3.0,178.0,20.0,N,,AK Chaudhary,CB Gaffaney
605,2016,Visakhapatnam,2016-05-10,League,A Zampa,Dr. Y.S. Rajasekhara Reddy ACA-VDCA Cricket Stadium,Rising Pune Supergiants,Sunrisers Hyderabad,Sunrisers Hyderabad,bat,Sunrisers Hyderabad,runs,4.0,138.0,20.0,N,,CB Gaffaney,VK Sharma
606,2021,Abu Dhabi,2021-09-23,League,SP Narine,"Zayed Cricket Stadium, Abu Dhabi",Mumbai Indians,Kolkata Knight Riders,Kolkata Knight Riders,field,Kolkata Knight Riders,wickets,7.0,156.0,20.0,N,,S Ravi,VK Sharma
607,2012,Bangalore,2012-04-17,League,CH Gayle,M Chinnaswamy Stadium,Royal Challengers Bangalore,Pune Warriors,Pune Warriors,bat,Royal Challengers Bangalore,wickets,6.0,183.0,20.0,N,,S Asnani,S Das
608,2024,Chennai,2024-05-26,Final,MA Starc,"MA Chidambaram Stadium, Chepauk, Chennai",Sunrisers Hyderabad,Kolkata Knight Riders,Sunrisers Hyderabad,bat,Kolkata Knight Riders,wickets,8.0,114.0,20.0,N,,J Madanagopal,Nitin Menon
609,2018,Hyderabad,2018-05-07,League,KS Williamson,Rajiv Gandhi International Stadium,Sunrisers Hyderabad,Royal Challengers Bangalore,Royal Challengers Bangalore,field,Sunrisers Hyderabad,runs,5.0,147.0,20.0,N,,BNJ Oxenford,VK Sharma
610,2022,Pune,2022-04-26,League,R Parag,"Maharashtra Cricket Association Stadium, Pune",Rajasthan Royals,Royal Challengers Bangalore,Royal Challengers Bangalore,field,Rajasthan Royals,runs,29.0,145.0,20.0,N,,BNJ Oxenford,KN Ananthapadmanabhan
611,2016,Bangalore,2016-04-17,League,Q de Kock,M Chinnaswamy Stadium,Royal Challengers Bangalore,Delhi Daredevils,Delhi Daredevils,field,Delhi Daredevils,wickets,7.0,192.0,20.0,N,,VA Kulkarni,A Nand Kishore
612,2012,Chandigarh,2012-04-12,League,AD Mascarenhas,"Punjab Cricket Association Stadium, Mohali",Kings XI Punjab,Pune Warriors,Kings XI Punjab,field,Kings XI Punjab,wickets,7.0,116.0,20.0,N,,VA Kulkarni,SK Tarapore
613,2018,Mumbai,2018-04-14,League,JJ Roy,Wankhede Stadium,Mumbai Indians,Delhi Daredevils,Delhi Daredevils,field,Delhi Daredevils,wickets,7.0,195.0,20.0,N,,KN Ananthapadmanabhan,Nitin Menon
614,2023,Bengaluru,2023-04-10,League,N Pooran,"M Chinnaswamy Stadium, Bengaluru",Royal Challengers Bangalore,Lucknow Super Giants,Lucknow Super Giants,field,Lucknow Super Giants,wickets,1.0,213.0,20.0,N,,AK Chaudhary,A Nand Kishore
615,2024,Bengaluru,2024-05-18,League,F du Plessis,"M Chinnaswamy Stadium, Bengaluru",Royal Challengers Bengaluru,Chennai Super Kings,Chennai Super Kings,field,Royal Challengers Bengaluru,runs,27.0,219.0,20.0,N,,A Totre,KN Ananthapadmanabhan
616,2022,Mumbai,2022-05-12,League,DR Sams,"Wankhede Stadium, Mumbai",Chennai Super Kings,Mumbai Indians,Mumbai Indians,field,Mumbai Indians,wickets,5.0,98.0,20.0,N,,Chirra Ravikanthreddy,CB Gaffaney
617,2013,Chennai,2013-04-06,League,KA Pollard,"MA Chidambaram Stadium, Chepauk",Chennai Super Kings,Mumbai Indians,Mumbai Indians,bat,Mumbai Indians,runs,9.0,149.0,20.0,N,,M Erasmus,VA Kulkarni
618,2016,Hyderabad,2016-05-12,League,CH Morris,"Rajiv Gandhi International Stadium, Uppal",Sunrisers Hyderabad,Delhi Daredevils,Delhi Daredevils,field,Delhi Daredevils,wickets,7.0,147.0,20.0,N,,K Bharatan,M Erasmus
619,2012,Kolkata,2012-04-05,League,IK Pathan,Eden Gardens,Kolkata Knight Riders,Delhi Daredevils,Delhi Daredevils,field,Delhi Daredevils,wickets,8.0,98.0,12.0,N,,S Asnani,HDPK Dharmasena
620,2015,Mumbai,2015-05-07,League,EJG Morgan,Brabourne Stadium,Rajasthan Royals,Sunrisers Hyderabad,Rajasthan Royals,field,Sunrisers Hyderabad,runs,7.0,202.0,20.0,N,,JD Cloete,C Shamshuddin
621,2012,Kolkata,2012-05-05,League,SP Narine,Eden Gardens,Kolkata Knight Riders,Pune Warriors,Kolkata Knight Riders,bat,Kolkata Knight Riders,runs,7.0,151.0,20.0,N,,BF Bowden,SK Tarapore
622,2018,Chandigarh,2018-04-19,League,CH Gayle,Punjab Cricket Association IS Bindra Stadium,Kings XI Punjab,Sunrisers Hyderabad,Kings XI Punjab,bat,Kings XI Punjab,runs,15.0,194.0,20.0,N,,AK Chaudhary,NJ Llong
623,2013,Dharamsala,2013-05-16,League,DA Miller,Himachal Pradesh Cricket Association Stadium,Kings XI Punjab,Delhi Daredevils,Delhi Daredevils,field,Kings XI Punjab,runs,7.0,172.0,20.0,N,,HDPK Dharmasena,S Ravi
624,2016,Mumbai,2016-04-16,League,AJ Finch,Wankhede Stadium,Mumbai Indians,Gujarat Lions,Gujarat Lions,field,Gujarat Lions,wickets,3.0,144.0,20.0,N,,HDPK Dharmasena,VK Sharma
625,2021,Mumbai,2021-04-19,League,MM Ali,"Wankhede Stadium, Mumbai",Chennai Super Kings,Rajasthan Royals,Rajasthan Royals,field,Chennai Super Kings,runs,45.0,189.0,20.0,N,,PR Reiffel,VK Sharma
626,2011,Delhi,2011-05-21,League,,Feroz Shah Kotla,Delhi Daredevils,Pune Warriors,Delhi Daredevils,bat,,no result,,,,N,,SS Hazare,RJ Tucker
627,2012,Visakhapatnam,2012-04-09,League,RG Sharma,Dr. Y.S. Rajasekhara Reddy ACA-VDCA Cricket Stadium,Deccan Chargers,Mumbai Indians,Deccan Chargers,bat,Mumbai Indians,wickets,5.0,139.0,20.0,N,,AK Chaudhary,JD Cloete
628,2009,Durban,2009-05-20,League,M Muralitharan,Kingsmead,Chennai Super Kings,Kings XI Punjab,Chennai Super Kings,bat,Chennai Super Kings,runs,24.0,117.0,20.0,N,,BG Jerling,SJA Taufel
629,2019,Kolkata,2019-04-28,League,AD Russell,Eden Gardens,Kolkata Knight Riders,Mumbai Indians,Mumbai Indians,field,Kolkata Knight Riders,runs,34.0,233.0,20.0,N,,IJ Gould,Nitin Menon
630,2013,Hyderabad,2013-05-19,League,PA Patel,"Rajiv Gandhi International Stadium, Uppal",Sunrisers Hyderabad,Kolkata Knight Riders,Kolkata Knight Riders,bat,Sunrisers Hyderabad,wickets,5.0,131.0,20.0,N,,Asad Rauf,S Asnani
631,2024,Kolkata,2024-04-26,League,JM Bairstow,"Eden Gardens, Kolkata",Kolkata Knight Riders,Punjab Kings,Punjab Kings,field,Punjab Kings,wickets,8.0,262.0,20.0,N,,AK Chaudhary,YC Barde
632,2015,Pune,2015-04-10,League,JP Faulkner,Maharashtra Cricket Association Stadium,Kings XI Punjab,Rajasthan Royals,Kings XI Punjab,field,Rajasthan Royals,runs,26.0,163.0,20.0,N,,SD Fry,CB Gaffaney
633,2013,Mumbai,2013-05-07,League,SR Tendulkar,Wankhede Stadium,Mumbai Indians,Kolkata Knight Riders,Mumbai Indians,bat,Mumbai Indians,runs,65.0,171.0,20.0,N,,HDPK Dharmasena,S Ravi
634,2012,Hyderabad,2012-05-10,League,DA Warner,"Rajiv Gandhi International Stadium, Uppal",Deccan Chargers,Delhi Daredevils,Deccan Chargers,bat,Delhi Daredevils,wickets,9.0,188.0,20.0,N,,JD Cloete,SJA Taufel
635,2019,Jaipur,2019-04-22,League,RR Pant,Sawai Mansingh Stadium,Rajasthan Royals,Delhi Capitals,Delhi Capitals,field,Delhi Capitals,wickets,6.0,192.0,20.0,N,,A Nand Kishore,S Ravi
636,2014,Ranchi,2014-05-02,League,RA Jadeja,JSCA International Stadium Complex,Chennai Super Kings,Kolkata Knight Riders,Chennai Super Kings,bat,Chennai Super Kings,runs,34.0,149.0,17.0,N,,AK Chaudhary,NJ Llong
637,2023,Chennai,2023-04-30,League,DP Conway,"MA Chidambaram Stadium, Chepauk, Chennai",Chennai Super Kings,Punjab Kings,Chennai Super Kings,bat,Punjab Kings,wickets,4.0,201.0,20.0,N,,RJ Tucker,UV Gandhe
638,2013,Mumbai,2013-04-27,League,DR Smith,Wankhede Stadium,Mumbai Indians,Royal Challengers Bangalore,Mumbai Indians,bat,Mumbai Indians,runs,58.0,195.0,20.0,N,,Asad Rauf,S Asnani
639,2013,Bangalore,2013-04-20,League,R Vinay Kumar,M Chinnaswamy Stadium,Royal Challengers Bangalore,Rajasthan Royals,Royal Challengers Bangalore,field,Royal Challengers Bangalore,wickets,7.0,118.0,20.0,N,,Aleem Dar,C Shamshuddin
640,2014,Kolkata,2014-05-20,League,RV Uthappa,Eden Gardens,Kolkata Knight Riders,Chennai Super Kings,Kolkata Knight Riders,field,Kolkata Knight Riders,wickets,8.0,155.0,20.0,N,,RM Deshpande,C Shamshuddin
641,2016,Bangalore,2016-05-29,Final,BCJ Cutting,M Chinnaswamy Stadium,Royal Challengers Bangalore,Sunrisers Hyderabad,Sunrisers Hyderabad,bat,Sunrisers Hyderabad,runs,8.0,209.0,20.0,N,,HDPK Dharmasena,BNJ Oxenford
642,2017,Mumbai,2017-04-09,League,N Rana,Wankhede Stadium,Mumbai Indians,Kolkata Knight Riders,Mumbai Indians,field,Mumbai Indians,wickets,4.0,179.0,20.0,N,,Nitin Menon,CK Nandan
643,2012,Delhi,2012-04-27,League,V Sehwag,Feroz Shah Kotla,Delhi Daredevils,Mumbai Indians,Mumbai Indians,field,Delhi Daredevils,runs,37.0,208.0,20.0,N,,Aleem Dar,BNJ Oxenford
644,2012,Mumbai,2012-04-29,League,DW Steyn,Wankhede Stadium,Mumbai Indians,Deccan Chargers,Mumbai Indians,field,Mumbai Indians,wickets,5.0,101.0,20.0,N,,AK Chaudhary,BNJ Oxenford
645,2012,Pune,2012-04-14,League,JD Ryder,Subrata Roy Sahara Stadium,Pune Warriors,Chennai Super Kings,Chennai Super Kings,bat,Pune Warriors,wickets,7.0,156.0,20.0,N,,Aleem Dar,BNJ Oxenford
646,2013,Hyderabad,2013-04-05,League,A Mishra,"Rajiv Gandhi International Stadium, Uppal",Sunrisers Hyderabad,Pune Warriors,Pune Warriors,field,Sunrisers Hyderabad,runs,22.0,127.0,20.0,N,,S Ravi,SJA Taufel
647,2017,Bangalore,2017-05-05,League,Sandeep Sharma,M Chinnaswamy Stadium,Royal Challengers Bangalore,Kings XI Punjab,Royal Challengers Bangalore,field,Kings XI Punjab,runs,19.0,139.0,20.0,N,,CB Gaffaney,C Shamshuddin
648,2012,Chandigarh,2012-05-13,League,DJ Hussey,"Punjab Cricket Association Stadium, Mohali",Kings XI Punjab,Deccan Chargers,Deccan Chargers,bat,Kings XI Punjab,wickets,4.0,191.0,20.0,N,,HDPK Dharmasena,BNJ Oxenford
649,2014,Delhi,2014-05-19,League,AR Patel,Feroz Shah Kotla,Delhi Daredevils,Kings XI Punjab,Kings XI Punjab,field,Kings XI Punjab,wickets,4.0,165.0,20.0,N,,HDPK Dharmasena,PG Pathak
650,2023,Bengaluru,2023-04-02,League,F du Plessis,"M Chinnaswamy Stadium, Bengaluru",Mumbai Indians,Royal Challengers Bangalore,Royal Challengers Bangalore,field,Royal Challengers Bangalore,wickets,8.0,172.0,20.0,N,,Nitin Menon,Tapan Sharma
651,2023,Delhi,2023-05-06,League,PD Salt,"Arun Jaitley Stadium, Delhi",Royal Challengers Bangalore,Delhi Capitals,Royal Challengers Bangalore,bat,Delhi Capitals,wickets,7.0,182.0,20.0,N,,RJ Tucker,YC Barde
652,2018,Kolkata,2018-05-23,Eliminator,AD Russell,Eden Gardens,Kolkata Knight Riders,Rajasthan Royals,Rajasthan Royals,field,Kolkata Knight Riders,runs,25.0,170.0,20.0,N,,AK Chaudhary,Nitin Menon
653,2011,Mumbai,2011-04-22,League,Harbhajan Singh,Wankhede Stadium,Mumbai Indians,Chennai Super Kings,Chennai Super Kings,field,Mumbai Indians,runs,8.0,165.0,20.0,N,,Asad Rauf,AM Saheba
654,2023,Ahmedabad,2023-05-26,Qualifier 2,Shubman Gill,"Narendra Modi Stadium, Ahmedabad",Gujarat Titans,Mumbai Indians,Mumbai Indians,field,Gujarat Titans,runs,62.0,234.0,20.0,N,,Nitin Menon,RJ Tucker
655,2024,Lucknow,2024-04-19,League,KL Rahul,"Bharat Ratna Shri Atal Bihari Vajpayee Ekana Cricket Stadium, Lucknow",Chennai Super Kings,Lucknow Super Giants,Lucknow Super Giants,field,Lucknow Super Giants,wickets,8.0,177.0,20.0,N,,AK Chaudhary,R Pandit
656,2023,Chandigarh,2023-04-01,League,Arshdeep Singh,"Punjab Cricket Association IS Bindra Stadium, Mohali, Chandigarh",Punjab Kings,Kolkata Knight Riders,Kolkata Knight Riders,field,Punjab Kings,runs,7.0,154.0,16.0,N,D/L,BNJ Oxenford,YC Barde
657,2013,Kolkata,2013-04-20,League,RA Jadeja,Eden Gardens,Kolkata Knight Riders,Chennai Super Kings,Kolkata Knight Riders,bat,Chennai Super Kings,wickets,4.0,120.0,20.0,N,,Asad Rauf,AK Chaudhary
658,2023,Dharamsala,2023-05-19,League,D Padikkal,"Himachal Pradesh Cricket Association Stadium, Dharamsala",Punjab Kings,Rajasthan Royals,Rajasthan Royals,field,Rajasthan Royals,wickets,4.0,188.0,20.0,N,,A Nand Kishore,RJ Tucker
659,2011,Kochi,2011-05-05,League,BJ Hodge,Nehru Stadium,Kochi Tuskers Kerala,Kolkata Knight Riders,Kolkata Knight Riders,field,Kochi Tuskers Kerala,runs,17.0,157.0,20.0,N,,S Ravi,RJ Tucker
660,2014,,2014-04-24,League,CA Lynn,Sharjah Cricket Stadium,Royal Challengers Bangalore,Kolkata Knight Riders,Royal Challengers Bangalore,field,Kolkata Knight Riders,runs,2.0,151.0,20.0,N,,Aleem Dar,VA Kulkarni
661,2016,Chandigarh,2016-05-15,League,HM Amla,"Punjab Cricket Association IS Bindra Stadium, Mohali",Kings XI Punjab,Sunrisers Hyderabad,Kings XI Punjab,bat,Sunrisers Hyderabad,wickets,7.0,180.0,20.0,N,,KN Ananthapadmanabhan,M Erasmus
662,2024,Jaipur,2024-04-10,League,Rashid Khan,"Sawai Mansingh Stadium, Jaipur",Rajasthan Royals,Gujarat Titans,Gujarat Titans,field,Gujarat Titans,wickets,3.0,197.0,20.0,N,,HDPK Dharmasena,Vinod Seshan
663,2009,Centurion,2009-05-21,League,MK Pandey,SuperSport Park,Royal Challengers Bangalore,Deccan Chargers,Royal Challengers Bangalore,bat,Royal Challengers Bangalore,runs,12.0,171.0,20.0,N,,IL Howell,S Ravi
664,2015,Chandigarh,2015-05-16,League,P Negi,"Punjab Cricket Association Stadium, Mohali",Kings XI Punjab,Chennai Super Kings,Kings XI Punjab,bat,Chennai Super Kings,wickets,7.0,131.0,20.0,N,,CK Nandan,C Shamshuddin
665,2024,Chennai,2024-04-23,League,MP Stoinis,"MA Chidambaram Stadium, Chepauk, Chennai",Chennai Super Kings,Lucknow Super Giants,Lucknow Super Giants,field,Lucknow Super Giants,wickets,6.0,211.0,20.0,N,,NA Patwardhan,Tapan Sharma
666,2024,Chennai,2024-05-24,Qualifier 2,Shahbaz Ahmed,"MA Chidambaram Stadium, Chepauk, Chennai",Sunrisers Hyderabad,Rajasthan Royals,Rajasthan Royals,field,Sunrisers Hyderabad,runs,36.0,176.0,20.0,N,,Nitin Menon,VK Sharma
667,2021,Ahmedabad,2021-05-02,League,MA Agarwal,"Narendra Modi Stadium, Ahmedabad",Punjab Kings,Delhi Capitals,Delhi Capitals,field,Delhi Capitals,wickets,7.0,167.0,20.0,N,,AK Chaudhary,AY Dandekar
668,2013,Hyderabad,2013-05-04,League,DJG Sammy,"Rajiv Gandhi International Stadium, Uppal",Sunrisers Hyderabad,Delhi Daredevils,Delhi Daredevils,bat,Sunrisers Hyderabad,wickets,6.0,81.0,20.0,N,,Asad Rauf,S Asnani
669,2017,Delhi,2017-05-04,League,RR Pant,Feroz Shah Kotla,Delhi Daredevils,Gujarat Lions,Delhi Daredevils,field,Delhi Daredevils,wickets,7.0,209.0,20.0,N,,M Erasmus,Nitin Menon
670,2017,Bangalore,2017-04-16,League,BA Stokes,M Chinnaswamy Stadium,Royal Challengers Bangalore,Rising Pune Supergiant,Royal Challengers Bangalore,field,Rising Pune Supergiant,runs,27.0,162.0,20.0,N,,KN Ananthapadmanabhan,C Shamshuddin
671,2021,Dubai,2021-09-22,League,A Nortje,Dubai International Cricket Stadium,Sunrisers Hyderabad,Delhi Capitals,Sunrisers Hyderabad,bat,Delhi Capitals,wickets,8.0,135.0,20.0,N,,KN Ananthapadmanabhan,RK Illingworth
672,2013,Hyderabad,2013-05-17,League,A Mishra,"Rajiv Gandhi International Stadium, Uppal",Sunrisers Hyderabad,Rajasthan Royals,Sunrisers Hyderabad,bat,Sunrisers Hyderabad,runs,23.0,137.0,20.0,N,,Asad Rauf,AK Chaudhary
673,2009,Port Elizabeth,2009-05-16,League,ML Hayden,St George's Park,Chennai Super Kings,Mumbai Indians,Mumbai Indians,bat,Chennai Super Kings,wickets,7.0,148.0,20.0,N,,SK Tarapore,SJA Taufel
674,2011,Bangalore,2011-05-14,League,CH Gayle,M Chinnaswamy Stadium,Royal Challengers Bangalore,Kolkata Knight Riders,Royal Challengers Bangalore,field,Royal Challengers Bangalore,wickets,4.0,102.0,13.0,N,D/L,RE Koertzen,RB Tiffin
675,2009,Port Elizabeth,2009-05-03,League,DPMD Jayawardene,St George's Park,Kings XI Punjab,Kolkata Knight Riders,Kolkata Knight Riders,bat,Kings XI Punjab,wickets,6.0,154.0,20.0,N,,S Asnani,MR Benson
676,2013,Jaipur,2013-04-08,League,SK Trivedi,Sawai Mansingh Stadium,Rajasthan Royals,Kolkata Knight Riders,Kolkata Knight Riders,field,Rajasthan Royals,runs,19.0,145.0,20.0,N,,Aleem Dar,S Das
677,2019,Kolkata,2019-04-25,League,VR Aaron,Eden Gardens,Kolkata Knight Riders,Rajasthan Royals,Rajasthan Royals,field,Rajasthan Royals,wickets,3.0,176.0,20.0,N,,AY Dandekar,IJ Gould
678,2012,Cuttack,2012-05-01,League,KC Sangakkara,Barabati Stadium,Deccan Chargers,Pune Warriors,Deccan Chargers,bat,Deccan Chargers,runs,13.0,187.0,20.0,N,,Aleem Dar,AK Chaudhary
679,2019,Jaipur,2019-04-02,League,S Gopal,Sawai Mansingh Stadium,Royal Challengers Bangalore,Rajasthan Royals,Rajasthan Royals,field,Rajasthan Royals,wickets,7.0,159.0,20.0,N,,AY Dandekar,M Erasmus
680,2024,Chennai,2024-04-28,League,RD Gaikwad,"MA Chidambaram Stadium, Chepauk, Chennai",Chennai Super Kings,Sunrisers Hyderabad,Sunrisers Hyderabad,field,Chennai Super Kings,runs,78.0,213.0,20.0,N,,R Pandit,MV Saidharshan Kumar
681,2019,Hyderabad,2019-04-06,League,AS Joseph,Rajiv Gandhi International Stadium,Mumbai Indians,Sunrisers Hyderabad,Sunrisers Hyderabad,field,Mumbai Indians,runs,40.0,137.0,20.0,N,,AY Dandekar,Nitin Menon
682,2018,Kolkata,2018-04-08,League,SP Narine,Eden Gardens,Royal Challengers Bangalore,Kolkata Knight Riders,Kolkata Knight Riders,field,Kolkata Knight Riders,wickets,4.0,177.0,20.0,N,,A Deshmukh,C Shamshuddin
683,2009,East London,2009-05-08,League,A Nehra,Buffalo Park,Delhi Daredevils,Mumbai Indians,Mumbai Indians,bat,Delhi Daredevils,wickets,7.0,117.0,20.0,N,,M Erasmus,SK Tarapore
684,2019,Delhi,2019-04-18,League,HH Pandya,Arun Jaitley Stadium,Mumbai Indians,Delhi Capitals,Mumbai Indians,bat,Mumbai Indians,runs,40.0,169.0,20.0,N,,BNJ Oxenford,NJ Llong
685,2011,Chandigarh,2011-05-10,League,BA Bhatt,"Punjab Cricket Association Stadium, Mohali",Kings XI Punjab,Mumbai Indians,Mumbai Indians,field,Kings XI Punjab,runs,76.0,164.0,20.0,N,,SK Tarapore,RJ Tucker
686,2012,Jaipur,2012-04-08,League,BJ Hodge,Sawai Mansingh Stadium,Rajasthan Royals,Kolkata Knight Riders,Kolkata Knight Riders,field,Rajasthan Royals,runs,22.0,165.0,20.0,N,,BF Bowden,VA Kulkarni
687,2014,Mumbai,2014-05-23,League,MEK Hussey,Wankhede Stadium,Mumbai Indians,Delhi Daredevils,Delhi Daredevils,field,Mumbai Indians,runs,15.0,174.0,20.0,N,,S Ravi,RJ Tucker
688,2013,Chennai,2013-04-15,League,SPD Smith,"MA Chidambaram Stadium, Chepauk",Chennai Super Kings,Pune Warriors,Pune Warriors,bat,Pune Warriors,runs,24.0,160.0,20.0,N,,Asad Rauf,AK Chaudhary
689,2009,Durban,2009-05-05,League,G Gambhir,Kingsmead,Delhi Daredevils,Kolkata Knight Riders,Kolkata Knight Riders,bat,Delhi Daredevils,wickets,9.0,155.0,20.0,N,,GAV Baxter,IL Howell
690,2014,Abu Dhabi,2014-04-21,League,SK Raina,Sheikh Zayed Stadium,Chennai Super Kings,Delhi Daredevils,Chennai Super Kings,bat,Chennai Super Kings,runs,93.0,178.0,20.0,N,,RK Illingworth,C Shamshuddin
691,2009,Johannesburg,2009-05-23,Semi Final,MK Pandey,New Wanderers Stadium,Royal Challengers Bangalore,Chennai Super Kings,Royal Challengers Bangalore,field,Royal Challengers Bangalore,wickets,6.0,147.0,20.0,N,,RE Koertzen,SJA Taufel
692,2024,Lucknow,2024-04-30,League,MP Stoinis,"Bharat Ratna Shri Atal Bihari Vajpayee Ekana Cricket Stadium, Lucknow",Mumbai Indians,Lucknow Super Giants,Lucknow Super Giants,field,Lucknow Super Giants,wickets,4.0,145.0,20.0,N,,MA Gough,UV Gandhe
693,2023,Jaipur,2023-04-27,League,YBK Jaiswal,"Sawai Mansingh Stadium, Jaipur",Rajasthan Royals,Chennai Super Kings,Rajasthan Royals,bat,Rajasthan Royals,runs,32.0,203.0,20.0,N,,A Totre,YC Barde
694,2023,Kolkata,2023-05-11,League,YBK Jaiswal,"Eden Gardens, Kolkata",Kolkata Knight Riders,Rajasthan Royals,Rajasthan Royals,field,Rajasthan Royals,wickets,9.0,150.0,20.0,N,,RJ Tucker,MV Saidharshan Kumar
695,2009,Centurion,2009-05-18,League,BJ Hodge,SuperSport Park,Chennai Super Kings,Kolkata Knight Riders,Chennai Super Kings,bat,Kolkata Knight Riders,wickets,7.0,189.0,20.0,N,,SJA Taufel,RB Tiffin
696,2023,Delhi,2023-05-13,League,P Simran Singh,"Arun Jaitley Stadium, Delhi",Punjab Kings,Delhi Capitals,Delhi Capitals,field,Punjab Kings,runs,31.0,168.0,20.0,N,,CB Gaffaney,NA Patwardhan
697,2024,Mumbai,2024-05-03,League,VR Iyer,"Wankhede Stadium, Mumbai",Kolkata Knight Riders,Mumbai Indians,Mumbai Indians,field,Kolkata Knight Riders,runs,24.0,170.0,20.0,N,,J Madanagopal,Tapan Sharma
698,2021,Chennai,2021-04-13,League,RD Chahar,"MA Chidambaram Stadium, Chepauk, Chennai",Mumbai Indians,Kolkata Knight Riders,Kolkata Knight Riders,field,Mumbai Indians,runs,10.0,153.0,20.0,N,,C Shamshuddin,CB Gaffaney
699,2018,Jaipur,2018-04-29,League,KS Williamson,Sawai Mansingh Stadium,Sunrisers Hyderabad,Rajasthan Royals,Sunrisers Hyderabad,bat,Sunrisers Hyderabad,runs,11.0,152.0,20.0,N,,BNJ Oxenford,A Nand Kishore
700,2017,Hyderabad,2017-04-17,League,B Kumar,"Rajiv Gandhi International Stadium, Uppal",Sunrisers Hyderabad,Kings XI Punjab,Kings XI Punjab,field,Sunrisers Hyderabad,runs,5.0,160.0,20.0,N,,AY Dandekar,A Deshmukh
701,2018,Pune,2018-04-30,League,SR Watson,Maharashtra Cricket Association Stadium,Chennai Super Kings,Delhi Daredevils,Delhi Daredevils,field,Chennai Super Kings,runs,13.0,212.0,20.0,N,,AY Dandekar,C Shamshuddin
702,2011,Jaipur,2011-04-12,League,SK Warne,Sawai Mansingh Stadium,Rajasthan Royals,Delhi Daredevils,Delhi Daredevils,bat,Rajasthan Royals,wickets,6.0,152.0,20.0,N,,Aleem Dar,RB Tiffin
703,2016,Rajkot,2016-04-21,League,B Kumar,Saurashtra Cricket Association Stadium,Gujarat Lions,Sunrisers Hyderabad,Sunrisers Hyderabad,field,Sunrisers Hyderabad,wickets,10.0,136.0,20.0,N,,K Bharatan,HDPK Dharmasena
704,2015,Mumbai,2015-05-10,League,AB de Villiers,Wankhede Stadium,Mumbai Indians,Royal Challengers Bangalore,Royal Challengers Bangalore,bat,Royal Challengers Bangalore,runs,39.0,236.0,20.0,N,,JD Cloete,C Shamshuddin
705,2023,Ahmedabad,2023-05-02,League,Mohammed Shami,"Narendra Modi Stadium, Ahmedabad",Delhi Capitals,Gujarat Titans,Delhi Capitals,bat,Delhi Capitals,runs,5.0,131.0,20.0,N,,MA Gough,R Pandit
706,2014,Hyderabad,2014-05-18,League,UT Yadav,"Rajiv Gandhi International Stadium, Uppal",Sunrisers Hyderabad,Kolkata Knight Riders,Sunrisers Hyderabad,bat,Kolkata Knight Riders,wickets,7.0,143.0,20.0,N,,NJ Llong,CK Nandan
707,2016,Visakhapatnam,2016-05-21,League,MS Dhoni,Dr. Y.S. Rajasekhara Reddy ACA-VDCA Cricket Stadium,Rising Pune Supergiants,Kings XI Punjab,Kings XI Punjab,bat,Rising Pune Supergiants,wickets,4.0,173.0,20.0,N,,HDPK Dharmasena,Nitin Menon
708,2022,Pune,2022-04-06,League,PJ Cummins,"Maharashtra Cricket Association Stadium, Pune",Mumbai Indians,Kolkata Knight Riders,Kolkata Knight Riders,field,Kolkata Knight Riders,wickets,5.0,162.0,20.0,N,,BNJ Oxenford,KN Ananthapadmanabhan
709,2013,Bangalore,2013-04-23,League,CH Gayle,M Chinnaswamy Stadium,Royal Challengers Bangalore,Pune Warriors,Pune Warriors,field,Royal Challengers Bangalore,runs,130.0,264.0,20.0,N,,Aleem Dar,C Shamshuddin
710,2021,Mumbai,2021-04-25,League,RA Jadeja,"Wankhede Stadium, Mumbai",Chennai Super Kings,Royal Challengers Bangalore,Chennai Super Kings,bat,Chennai Super Kings,runs,69.0,192.0,20.0,N,,AK Chaudhary,VK Sharma
711,2018,Jaipur,2018-05-08,League,JC Buttler,Sawai Mansingh Stadium,Rajasthan Royals,Kings XI Punjab,Rajasthan Royals,bat,Rajasthan Royals,runs,15.0,159.0,20.0,N,,M Erasmus,Nitin Menon
712,2017,Indore,2017-04-08,League,GJ Maxwell,Holkar Cricket Stadium,Kings XI Punjab,Rising Pune Supergiant,Kings XI Punjab,field,Kings XI Punjab,wickets,6.0,164.0,20.0,N,,AK Chaudhary,C Shamshuddin
713,2016,Delhi,2016-04-30,League,CR Brathwaite,Feroz Shah Kotla,Delhi Daredevils,Kolkata Knight Riders,Kolkata Knight Riders,field,Delhi Daredevils,runs,27.0,187.0,20.0,N,,KN Ananthapadmanabhan,M Erasmus
714,2023,Bengaluru,2023-04-26,League,CV Varun,"M Chinnaswamy Stadium, Bengaluru",Kolkata Knight Riders,Royal Challengers Bangalore,Royal Challengers Bangalore,field,Kolkata Knight Riders,runs,21.0,201.0,20.0,N,,KN Ananthapadmanabhan,R Pandit
715,2014,Bangalore,2014-05-04,League,AB de Villiers,M Chinnaswamy Stadium,Royal Challengers Bangalore,Sunrisers Hyderabad,Royal Challengers Bangalore,field,Royal Challengers Bangalore,wickets,4.0,156.0,20.0,N,,HDPK Dharmasena,VA Kulkarni
716,2023,Kolkata,2023-04-29,League,J Little,"Eden Gardens, Kolkata",Kolkata Knight Riders,Gujarat Titans,Gujarat Titans,field,Gujarat Titans,wickets,7.0,180.0,20.0,N,,NA Patwardhan,GR Sadashiv Iyer
717,2021,Abu Dhabi,2021-10-06,League,KS Williamson,"Zayed Cricket Stadium, Abu Dhabi",Sunrisers Hyderabad,Royal Challengers Bangalore,Royal Challengers Bangalore,field,Sunrisers Hyderabad,runs,4.0,142.0,20.0,N,,S Ravi,UV Gandhe
718,2013,Chennai,2013-04-13,League,RA Jadeja,"MA Chidambaram Stadium, Chepauk",Chennai Super Kings,Royal Challengers Bangalore,Chennai Super Kings,field,Chennai Super Kings,wickets,4.0,166.0,20.0,N,,Asad Rauf,AK Chaudhary
719,2023,Jaipur,2023-04-19,League,MP Stoinis,"Sawai Mansingh Stadium, Jaipur",Lucknow Super Giants,Rajasthan Royals,Rajasthan Royals,field,Lucknow Super Giants,runs,10.0,155.0,20.0,N,,J Madanagopal,YC Barde
720,2014,,2014-04-27,League,DR Smith,Sharjah Cricket Stadium,Sunrisers Hyderabad,Chennai Super Kings,Sunrisers Hyderabad,bat,Chennai Super Kings,wickets,5.0,146.0,20.0,N,,AK Chaudhary,VA Kulkarni
721,2009,Durban,2009-05-01,League,Yuvraj Singh,Kingsmead,Royal Challengers Bangalore,Kings XI Punjab,Royal Challengers Bangalore,bat,Royal Challengers Bangalore,runs,8.0,146.0,20.0,N,,HDPK Dharmasena,S Ravi
722,2016,Hyderabad,2016-04-26,League,AB Dinda,"Rajiv Gandhi International Stadium, Uppal",Sunrisers Hyderabad,Rising Pune Supergiants,Rising Pune Supergiants,field,Rising Pune Supergiants,runs,34.0,61.0,11.0,N,D/L,AY Dandekar,CK Nandan
723,2014,Hyderabad,2014-05-20,League,DA Warner,"Rajiv Gandhi International Stadium, Uppal",Sunrisers Hyderabad,Royal Challengers Bangalore,Royal Challengers Bangalore,bat,Sunrisers Hyderabad,wickets,7.0,161.0,20.0,N,,AK Chaudhary,NJ Llong
724,2012,Jaipur,2012-05-20,League,DR Smith,Sawai Mansingh Stadium,Rajasthan Royals,Mumbai Indians,Rajasthan Royals,bat,Mumbai Indians,wickets,10.0,163.0,20.0,N,,HDPK Dharmasena,C Shamshuddin
725,2016,Raipur,2016-05-20,League,KK Nair,Shaheed Veer Narayan Singh International Stadium,Delhi Daredevils,Sunrisers Hyderabad,Delhi Daredevils,field,Delhi Daredevils,wickets,6.0,159.0,20.0,N,,A Nand Kishore,BNJ Oxenford
726,2012,Pune,2012-04-08,League,MN Samuels,Subrata Roy Sahara Stadium,Pune Warriors,Kings XI Punjab,Pune Warriors,bat,Pune Warriors,runs,22.0,167.0,20.0,N,,S Das,SJA Taufel
727,2018,Bengaluru,2018-04-21,League,AB de Villiers,M.Chinnaswamy Stadium,Delhi Daredevils,Royal Challengers Bangalore,Royal Challengers Bangalore,field,Royal Challengers Bangalore,wickets,6.0,175.0,20.0,N,,CB Gaffaney,CK Nandan
728,2021,Sharjah,2021-10-13,Qualifier 2,VR Iyer,Sharjah Cricket Stadium,Delhi Capitals,Kolkata Knight Riders,Kolkata Knight Riders,field,Kolkata Knight Riders,wickets,3.0,136.0,20.0,N,,KN Ananthapadmanabhan,MA Gough
729,2022,Mumbai,2022-04-10,League,YS Chahal,"Wankhede Stadium, Mumbai",Rajasthan Royals,Lucknow Super Giants,Lucknow Super Giants,field,Rajasthan Royals,runs,3.0,166.0,20.0,N,,AK Chaudhary,Tapan Sharma
730,2021,Chennai,2021-04-17,League,KA Pollard,"MA Chidambaram Stadium, Chepauk, Chennai",Mumbai Indians,Sunrisers Hyderabad,Mumbai Indians,bat,Mumbai Indians,runs,13.0,151.0,20.0,N,,CB Gaffaney,K Srinivasan
731,2019,Mumbai,2019-05-02,League,JJ Bumrah,Wankhede Stadium,Mumbai Indians,Sunrisers Hyderabad,Mumbai Indians,bat,Mumbai Indians,tie,,163.0,20.0,Y,,CK Nandan,S Ravi
732,2013,Mumbai,2013-04-09,League,KD Karthik,Wankhede Stadium,Mumbai Indians,Delhi Daredevils,Mumbai Indians,bat,Mumbai Indians,runs,44.0,210.0,20.0,N,,M Erasmus,VA Kulkarni
733,2024,Jaipur,2024-04-22,League,Sandeep Sharma,"Sawai Mansingh Stadium, Jaipur",Mumbai Indians,Rajasthan Royals,Mumbai Indians,bat,Rajasthan Royals,wickets,9.0,180.0,20.0,N,,AK Chaudhary,MV Saidharshan Kumar
734,2024,Visakhapatnam,2024-03-31,League,KK Ahmed,"Dr. Y.S. Rajasekhara Reddy ACA-VDCA Cricket Stadium, Visakhapatnam",Delhi Capitals,Chennai Super Kings,Delhi Capitals,bat,Delhi Capitals,runs,20.0,192.0,20.0,N,,HDPK Dharmasena,Vinod Seshan
735,2024,Chennai,2024-03-22,League,Mustafizur Rahman,"MA Chidambaram Stadium, Chepauk, Chennai",Royal Challengers Bengaluru,Chennai Super Kings,Royal Challengers Bengaluru,bat,Chennai Super Kings,wickets,6.0,174.0,20.0,N,,HAS Khalid,VK Sharma
736,2017,Hyderabad,2017-05-08,League,S Dhawan,"Rajiv Gandhi International Stadium, Uppal",Sunrisers Hyderabad,Mumbai Indians,Mumbai Indians,bat,Sunrisers Hyderabad,wickets,7.0,139.0,20.0,N,,KN Ananthapadmanabhan,M Erasmus
737,2022,Mumbai,2022-05-02,League,RK Singh,"Wankhede Stadium, Mumbai",Rajasthan Royals,Kolkata Knight Riders,Kolkata Knight Riders,field,Kolkata Knight Riders,wickets,7.0,153.0,20.0,N,,J Madanagopal,N Pandit
738,2013,Delhi,2013-04-21,League,V Sehwag,Feroz Shah Kotla,Delhi Daredevils,Mumbai Indians,Mumbai Indians,bat,Delhi Daredevils,wickets,9.0,162.0,20.0,N,,HDPK Dharmasena,S Ravi
739,2016,Delhi,2016-04-15,League,A Mishra,Feroz Shah Kotla,Delhi Daredevils,Kings XI Punjab,Delhi Daredevils,field,Delhi Daredevils,wickets,8.0,112.0,20.0,N,,S Ravi,C Shamshuddin
740,2022,Mumbai,2022-04-20,League,Kuldeep Yadav,"Brabourne Stadium, Mumbai",Punjab Kings,Delhi Capitals,Delhi Capitals,field,Delhi Capitals,wickets,9.0,116.0,20.0,N,,RJ Tucker,Tapan Sharma
741,2018,Bengaluru,2018-05-17,League,AB de Villiers,M.Chinnaswamy Stadium,Royal Challengers Bangalore,Sunrisers Hyderabad,Sunrisers Hyderabad,field,Royal Challengers Bangalore,runs,14.0,219.0,20.0,N,,AY Dandekar,S Ravi
742,2014,Bangalore,2014-05-13,League,Yuvraj Singh,M Chinnaswamy Stadium,Royal Challengers Bangalore,Delhi Daredevils,Delhi Daredevils,field,Royal Challengers Bangalore,runs,16.0,187.0,20.0,N,,K Srinath,RJ Tucker
743,2012,Jaipur,2012-05-10,League,BW Hilfenhaus,Sawai Mansingh Stadium,Rajasthan Royals,Chennai Super Kings,Chennai Super Kings,field,Chennai Super Kings,wickets,4.0,127.0,20.0,N,,BNJ Oxenford,C Shamshuddin
744,2023,Ahmedabad,2023-04-09,League,RK Singh,"Narendra Modi Stadium, Ahmedabad",Gujarat Titans,Kolkata Knight Riders,Gujarat Titans,bat,Kolkata Knight Riders,wickets,3.0,205.0,20.0,N,,Nitin Menon,Tapan Sharma
745,2023,Guwahati,2023-04-08,League,YBK Jaiswal,"Barsapara Cricket Stadium, Guwahati",Rajasthan Royals,Delhi Capitals,Delhi Capitals,field,Rajasthan Royals,runs,57.0,200.0,20.0,N,,Navdeep Singh,MV Saidharshan Kumar
746,2021,Dubai,2021-10-08,League,KS Bharat,Dubai International Cricket Stadium,Delhi Capitals,Royal Challengers Bangalore,Royal Challengers Bangalore,field,Royal Challengers Bangalore,wickets,7.0,165.0,20.0,N,,KN Ananthapadmanabhan,Nitin Menon
747,2019,Chandigarh,2019-04-16,League,R Ashwin,Punjab Cricket Association IS Bindra Stadium,Kings XI Punjab,Rajasthan Royals,Rajasthan Royals,field,Kings XI Punjab,runs,12.0,183.0,20.0,N,,AK Chaudhary,VA Kulkarni
748,2019,Bengaluru,2019-04-30,League,,M.Chinnaswamy Stadium,Royal Challengers Bangalore,Rajasthan Royals,Rajasthan Royals,field,,no result,,63.0,5.0,N,,NJ Llong,UV Gandhe
749,2017,Kolkata,2017-04-23,League,NM Coulter-Nile,Eden Gardens,Kolkata Knight Riders,Royal Challengers Bangalore,Royal Challengers Bangalore,field,Kolkata Knight Riders,runs,82.0,132.0,20.0,N,,CB Gaffaney,CK Nandan
750,2013,Kolkata,2013-05-24,Qualifier 2,Harbhajan Singh,Eden Gardens,Mumbai Indians,Rajasthan Royals,Rajasthan Royals,bat,Mumbai Indians,wickets,4.0,166.0,20.0,N,,C Shamshuddin,SJA Taufel
751,2019,Delhi,2019-05-04,League,A Mishra,Arun Jaitley Stadium,Rajasthan Royals,Delhi Capitals,Rajasthan Royals,bat,Delhi Capitals,wickets,5.0,116.0,20.0,N,,AY Dandekar,IJ Gould
752,2009,East London,2009-05-01,League,JP Duminy,Buffalo Park,Kolkata Knight Riders,Mumbai Indians,Mumbai Indians,bat,Mumbai Indians,runs,9.0,149.0,20.0,N,,M Erasmus,SK Tarapore
753,2012,Jaipur,2012-05-01,League,P Negi,Sawai Mansingh Stadium,Rajasthan Royals,Delhi Daredevils,Rajasthan Royals,bat,Delhi Daredevils,wickets,6.0,142.0,20.0,N,,JD Cloete,SJA Taufel
754,2016,Chandigarh,2016-04-11,League,AJ Finch,"Punjab Cricket Association IS Bindra Stadium, Mohali",Kings XI Punjab,Gujarat Lions,Gujarat Lions,field,Gujarat Lions,wickets,5.0,162.0,20.0,N,,AK Chaudhary,VA Kulkarni
755,2024,Jaipur,2024-03-24,League,SV Samson,"Sawai Mansingh Stadium, Jaipur",Rajasthan Royals,Lucknow Super Giants,Rajasthan Royals,bat,Rajasthan Royals,runs,20.0,194.0,20.0,N,,A Totre,HDPK Dharmasena
756,2018,Kolkata,2018-05-15,League,Kuldeep Yadav,Eden Gardens,Rajasthan Royals,Kolkata Knight Riders,Kolkata Knight Riders,field,Kolkata Knight Riders,wickets,6.0,143.0,20.0,N,,AK Chaudhary,HDPK Dharmasena
757,2012,Mumbai,2012-05-06,League,DR Smith,Wankhede Stadium,Mumbai Indians,Chennai Super Kings,Mumbai Indians,field,Mumbai Indians,wickets,2.0,174.0,20.0,N,,Asad Rauf,S Asnani
758,2014,Chandigarh,2014-05-21,League,LMP Simmons,"Punjab Cricket Association Stadium, Mohali",Kings XI Punjab,Mumbai Indians,Mumbai Indians,field,Mumbai Indians,wickets,7.0,157.0,20.0,N,,HDPK Dharmasena,VA Kulkarni
759,2022,Mumbai,2022-04-02,League,JC Buttler,"Dr DY Patil Sports Academy, Mumbai",Rajasthan Royals,Mumbai Indians,Mumbai Indians,field,Rajasthan Royals,runs,23.0,194.0,20.0,N,,Nitin Menon,PG Pathak
760,2012,Hyderabad,2012-05-20,League,DW Steyn,"Rajiv Gandhi International Stadium, Uppal",Deccan Chargers,Royal Challengers Bangalore,Royal Challengers Bangalore,field,Deccan Chargers,runs,9.0,133.0,20.0,N,,S Ravi,SJA Taufel
761,2017,Bangalore,2017-04-14,League,KA Pollard,M Chinnaswamy Stadium,Royal Challengers Bangalore,Mumbai Indians,Mumbai Indians,field,Mumbai Indians,wickets,4.0,143.0,20.0,N,,KN Ananthapadmanabhan,AK Chaudhary
762,2023,Chandigarh,2023-04-28,League,MP Stoinis,"Punjab Cricket Association IS Bindra Stadium, Mohali, Chandigarh",Lucknow Super Giants,Punjab Kings,Punjab Kings,field,Lucknow Super Giants,runs,56.0,258.0,20.0,N,,Nitin Menon,Vinod Seshan
763,2021,Dubai,2021-10-10,Qualifier 1,RD Gaikwad,Dubai International Cricket Stadium,Delhi Capitals,Chennai Super Kings,Chennai Super Kings,field,Chennai Super Kings,wickets,4.0,173.0,20.0,N,,Nitin Menon,RK Illingworth
764,2013,Bangalore,2013-05-14,League,AC Gilchrist,M Chinnaswamy Stadium,Royal Challengers Bangalore,Kings XI Punjab,Kings XI Punjab,field,Kings XI Punjab,wickets,7.0,175.0,20.0,N,,HDPK Dharmasena,S Ravi
765,2019,Hyderabad,2019-04-21,League,KK Ahmed,Rajiv Gandhi International Stadium,Kolkata Knight Riders,Sunrisers Hyderabad,Sunrisers Hyderabad,field,Sunrisers Hyderabad,wickets,9.0,160.0,20.0,N,,NJ Llong,Nitin Menon
766,2022,Navi Mumbai,2022-04-23,League,Rashid Khan,"Dr DY Patil Sports Academy, Mumbai",Gujarat Titans,Kolkata Knight Riders,Gujarat Titans,bat,Gujarat Titans,runs,8.0,157.0,20.0,N,,KN Ananthapadmanabhan,UV Gandhe
767,2017,Rajkot,2017-04-29,League,KH Pandya,Saurashtra Cricket Association Stadium,Gujarat Lions,Mumbai Indians,Gujarat Lions,bat,Mumbai Indians,tie,,154.0,20.0,Y,,AK Chaudhary,CB Gaffaney
768,2012,Chennai,2012-04-04,League,RE Levi,"MA Chidambaram Stadium, Chepauk",Chennai Super Kings,Mumbai Indians,Mumbai Indians,field,Mumbai Indians,wickets,8.0,113.0,20.0,N,,JD Cloete,SJA Taufel
769,2014,Mumbai,2014-05-30,Qualifier 2,V Sehwag,Wankhede Stadium,Chennai Super Kings,Kings XI Punjab,Chennai Super Kings,field,Kings XI Punjab,runs,24.0,227.0,20.0,N,,HDPK Dharmasena,RJ Tucker
770,2023,Kolkata,2023-04-06,League,SN Thakur,"Eden Gardens, Kolkata",Kolkata Knight Riders,Royal Challengers Bangalore,Royal Challengers Bangalore,field,Kolkata Knight Riders,runs,81.0,205.0,20.0,N,,Vinod Seshan,VK Sharma
771,2017,Kolkata,2017-04-28,League,G Gambhir,Eden Gardens,Kolkata Knight Riders,Delhi Daredevils,Kolkata Knight Riders,field,Kolkata Knight Riders,wickets,7.0,161.0,20.0,N,,NJ Llong,S Ravi
772,2018,Delhi,2018-05-20,League,A Mishra,Arun Jaitley Stadium,Delhi Daredevils,Mumbai Indians,Delhi Daredevils,bat,Delhi Daredevils,runs,11.0,175.0,20.0,N,,HDPK Dharmasena,CK Nandan
773,2019,Kolkata,2019-04-14,League,Imran Tahir,Eden Gardens,Kolkata Knight Riders,Chennai Super Kings,Chennai Super Kings,field,Chennai Super Kings,wickets,5.0,162.0,20.0,N,,CK Nandan,RJ Tucker
774,2012,Dharamsala,2012-05-17,League,AC Gilchrist,Himachal Pradesh Cricket Association Stadium,Kings XI Punjab,Chennai Super Kings,Kings XI Punjab,field,Kings XI Punjab,wickets,6.0,121.0,20.0,N,,VA Kulkarni,SK Tarapore
775,2012,Delhi,2012-04-10,League,M Morkel,Feroz Shah Kotla,Delhi Daredevils,Chennai Super Kings,Delhi Daredevils,field,Delhi Daredevils,wickets,8.0,111.0,20.0,N,,Asad Rauf,SK Tarapore
776,2016,Hyderabad,2016-04-23,League,Mustafizur Rahman,"Rajiv Gandhi International Stadium, Uppal",Sunrisers Hyderabad,Kings XI Punjab,Sunrisers Hyderabad,field,Sunrisers Hyderabad,wickets,5.0,144.0,20.0,N,,AK Chaudhary,CK Nandan
777,2021,Delhi,2021-04-28,League,RD Gaikwad,"Arun Jaitley Stadium, Delhi",Sunrisers Hyderabad,Chennai Super Kings,Sunrisers Hyderabad,bat,Chennai Super Kings,wickets,7.0,172.0,20.0,N,,C Shamshuddin,CK Nandan
778,2017,Delhi,2017-04-17,League,NM Coulter-Nile,Feroz Shah Kotla,Delhi Daredevils,Kolkata Knight Riders,Delhi Daredevils,bat,Kolkata Knight Riders,wickets,4.0,169.0,20.0,N,,Nitin Menon,CK Nandan
779,2022,Mumbai,2022-04-09,League,Abhishek Sharma,"Dr DY Patil Sports Academy, Mumbai",Chennai Super Kings,Sunrisers Hyderabad,Sunrisers Hyderabad,field,Sunrisers Hyderabad,wickets,8.0,155.0,20.0,N,,Navdeep Singh,Nitin Menon
780,2012,Delhi,2012-04-19,League,KP Pietersen,Feroz Shah Kotla,Delhi Daredevils,Deccan Chargers,Deccan Chargers,bat,Delhi Daredevils,wickets,5.0,158.0,20.0,N,,BF Bowden,SK Tarapore
781,2023,Kolkata,2023-05-08,League,AD Russell,"Eden Gardens, Kolkata",Punjab Kings,Kolkata Knight Riders,Punjab Kings,bat,Kolkata Knight Riders,wickets,5.0,180.0,20.0,N,,A Totre,J Madanagopal
782,2009,Durban,2009-04-25,League,PP Ojha,Kingsmead,Deccan Chargers,Mumbai Indians,Deccan Chargers,bat,Deccan Chargers,runs,12.0,169.0,20.0,N,,HDPK Dharmasena,SJA Taufel
783,2013,Mumbai,2013-05-15,League,AP Tare,Wankhede Stadium,Mumbai Indians,Rajasthan Royals,Rajasthan Royals,field,Mumbai Indians,runs,14.0,167.0,20.0,N,,Asad Rauf,S Asnani
784,2011,Delhi,2011-05-02,League,P Parameswaran,Feroz Shah Kotla,Delhi Daredevils,Kochi Tuskers Kerala,Kochi Tuskers Kerala,field,Kochi Tuskers Kerala,wickets,7.0,141.0,20.0,N,,Asad Rauf,SL Shastri
785,2013,Hyderabad,2013-04-07,League,GH Vihari,"Rajiv Gandhi International Stadium, Uppal",Sunrisers Hyderabad,Royal Challengers Bangalore,Royal Challengers Bangalore,bat,Sunrisers Hyderabad,tie,,131.0,20.0,Y,,AK Chaudhary,S Ravi
786,2024,Dharamsala,2024-05-09,League,V Kohli,"Himachal Pradesh Cricket Association Stadium, Dharamsala",Royal Challengers Bengaluru,Punjab Kings,Punjab Kings,field,Royal Challengers Bengaluru,runs,60.0,242.0,20.0,N,,Nitin Menon,HAS Khalid
787,2022,Navi Mumbai,2022-05-08,League,DP Conway,"Dr DY Patil Sports Academy, Mumbai",Chennai Super Kings,Delhi Capitals,Delhi Capitals,field,Chennai Super Kings,runs,91.0,209.0,20.0,N,,Nitin Menon,R Pandit
788,2018,Delhi,2018-05-18,League,HV Patel,Arun Jaitley Stadium,Delhi Daredevils,Chennai Super Kings,Chennai Super Kings,field,Delhi Daredevils,runs,34.0,163.0,20.0,N,,HDPK Dharmasena,VA Kulkarni
789,2023,Hyderabad,2023-04-02,League,JC Buttler,"Rajiv Gandhi International Stadium, Uppal, Hyderabad",Rajasthan Royals,Sunrisers Hyderabad,Sunrisers Hyderabad,field,Rajasthan Royals,runs,72.0,204.0,20.0,N,,KN Ananthapadmanabhan,R Pandit
790,2018,Bengaluru,2018-05-01,League,TG Southee,M.Chinnaswamy Stadium,Royal Challengers Bangalore,Mumbai Indians,Mumbai Indians,field,Royal Challengers Bangalore,runs,14.0,168.0,20.0,N,,M Erasmus,Nitin Menon
791,2024,Lucknow,2024-04-07,League,Yash Thakur,"Bharat Ratna Shri Atal Bihari Vajpayee Ekana Cricket Stadium, Lucknow",Lucknow Super Giants,Gujarat Titans,Lucknow Super Giants,bat,Lucknow Super Giants,runs,33.0,164.0,20.0,N,,A Nand Kishore,VK Sharma
792,2018,Jaipur,2018-04-18,League,N Rana,Sawai Mansingh Stadium,Rajasthan Royals,Kolkata Knight Riders,Kolkata Knight Riders,field,Kolkata Knight Riders,wickets,7.0,161.0,20.0,N,,A Deshmukh,S Ravi
793,2024,Ahmedabad,2024-03-31,League,MM Sharma,"Narendra Modi Stadium, Ahmedabad",Sunrisers Hyderabad,Gujarat Titans,Sunrisers Hyderabad,bat,Gujarat Titans,wickets,7.0,163.0,20.0,N,,HAS Khalid,VK Sharma
794,2014,Bangalore,2014-05-24,League,MS Dhoni,M Chinnaswamy Stadium,Royal Challengers Bangalore,Chennai Super Kings,Chennai Super Kings,field,Chennai Super Kings,wickets,8.0,155.0,20.0,N,,AK Chaudhary,NJ Llong
795,2011,Delhi,2011-04-19,League,S Sohal,Feroz Shah Kotla,Delhi Daredevils,Deccan Chargers,Deccan Chargers,bat,Deccan Chargers,runs,16.0,169.0,20.0,N,,PR Reiffel,RJ Tucker
796,2022,Mumbai,2022-04-07,League,Q de Kock,"Dr DY Patil Sports Academy, Mumbai",Delhi Capitals,Lucknow Super Giants,Lucknow Super Giants,field,Lucknow Super Giants,wickets,6.0,150.0,20.0,N,,RJ Tucker,Tapan Sharma
797,2011,Kolkata,2011-04-20,League,DPMD Jayawardene,Eden Gardens,Kolkata Knight Riders,Kochi Tuskers Kerala,Kolkata Knight Riders,field,Kochi Tuskers Kerala,runs,6.0,133.0,20.0,N,,Aleem Dar,RB Tiffin
798,2013,Ranchi,2013-05-12,League,JH Kallis,JSCA International Stadium Complex,Kolkata Knight Riders,Royal Challengers Bangalore,Kolkata Knight Riders,field,Kolkata Knight Riders,wickets,5.0,116.0,20.0,N,,NJ Llong,K Srinath
799,2024,Mumbai,2024-05-17,League,N Pooran,"Wankhede Stadium, Mumbai",Lucknow Super Giants,Mumbai Indians,Mumbai Indians,field,Lucknow Super Giants,runs,18.0,215.0,20.0,N,,Navdeep Singh,R Pandit
800,2012,Jaipur,2012-04-17,League,BJ Hodge,Sawai Mansingh Stadium,Rajasthan Royals,Deccan Chargers,Deccan Chargers,bat,Rajasthan Royals,wickets,5.0,197.0,20.0,N,,Aleem Dar,BNJ Oxenford
801,2024,Lucknow,2024-03-30,League,MP Yadav,"Bharat Ratna Shri Atal Bihari Vajpayee Ekana Cricket Stadium, Lucknow",Lucknow Super Giants,Punjab Kings,Lucknow Super Giants,bat,Lucknow Super Giants,runs,21.0,200.0,20.0,N,,J Madanagopal,Navdeep Singh
802,2017,Mumbai,2017-05-16,Qualifier 1,Washington Sundar,Wankhede Stadium,Mumbai Indians,Rising Pune Supergiant,Mumbai Indians,field,Rising Pune Supergiant,runs,20.0,163.0,20.0,N,,S Ravi,C Shamshuddin
803,2024,Hyderabad,2024-04-05,League,Abhishek Sharma,"Rajiv Gandhi International Stadium, Uppal, Hyderabad",Chennai Super Kings,Sunrisers Hyderabad,Sunrisers Hyderabad,field,Sunrisers Hyderabad,wickets,6.0,166.0,20.0,N,,R Pandit,YC Barde
804,2017,Kolkata,2017-04-13,League,SP Narine,Eden Gardens,Kolkata Knight Riders,Kings XI Punjab,Kolkata Knight Riders,field,Kolkata Knight Riders,wickets,8.0,171.0,20.0,N,,A Deshmukh,NJ Llong
805,2018,Mumbai,2018-05-13,League,JC Buttler,Wankhede Stadium,Mumbai Indians,Rajasthan Royals,Rajasthan Royals,field,Rajasthan Royals,wickets,7.0,169.0,20.0,N,,Nitin Menon,S Ravi
806,2023,Lucknow,2023-04-01,League,MA Wood,"Bharat Ratna Shri Atal Bihari Vajpayee Ekana Cricket Stadium, Lucknow",Lucknow Super Giants,Delhi Capitals,Delhi Capitals,field,Lucknow Super Giants,runs,50.0,194.0,20.0,N,,AK Chaudhary,NA Patwardhan
807,2017,Rajkot,2017-04-07,League,CA Lynn,Saurashtra Cricket Association Stadium,Gujarat Lions,Kolkata Knight Riders,Kolkata Knight Riders,field,Kolkata Knight Riders,wickets,10.0,184.0,20.0,N,,Nitin Menon,CK Nandan
808,2013,Jaipur,2013-05-05,League,AM Rahane,Sawai Mansingh Stadium,Rajasthan Royals,Pune Warriors,Pune Warriors,bat,Rajasthan Royals,wickets,5.0,179.0,20.0,N,,C Shamshuddin,RJ Tucker
809,2022,Ahmedabad,2022-05-29,Final,HH Pandya,"Narendra Modi Stadium, Ahmedabad",Rajasthan Royals,Gujarat Titans,Rajasthan Royals,bat,Gujarat Titans,wickets,7.0,131.0,20.0,N,,CB Gaffaney,Nitin Menon
810,2015,Delhi,2015-05-01,League,NM Coulter-Nile,Feroz Shah Kotla,Delhi Daredevils,Kings XI Punjab,Delhi Daredevils,field,Delhi Daredevils,wickets,9.0,119.0,20.0,N,,RK Illingworth,S Ravi
811,2014,Ranchi,2014-05-18,League,AB de Villiers,JSCA International Stadium Complex,Chennai Super Kings,Royal Challengers Bangalore,Chennai Super Kings,bat,Royal Challengers Bangalore,wickets,5.0,139.0,20.0,N,,BNJ Oxenford,C Shamshuddin
812,2021,Sharjah,2021-10-11,Eliminator,SP Narine,Sharjah Cricket Stadium,Royal Challengers Bangalore,Kolkata Knight Riders,Royal Challengers Bangalore,bat,Kolkata Knight Riders,wickets,4.0,139.0,20.0,N,,CB Gaffaney,VK Sharma
813,2012,Chandigarh,2012-04-18,League,G Gambhir,"Punjab Cricket Association Stadium, Mohali",Kings XI Punjab,Kolkata Knight Riders,Kings XI Punjab,bat,Kolkata Knight Riders,wickets,8.0,125.0,20.0,N,,JD Cloete,RJ Tucker
814,2024,Mohali,2024-04-13,League,SO Hetmyer,"Maharaja Yadavindra Singh International Cricket Stadium, Mullanpur",Punjab Kings,Rajasthan Royals,Rajasthan Royals,field,Rajasthan Royals,wickets,3.0,148.0,20.0,N,,AK Chaudhary,Tapan Sharma
815,2014,Delhi,2014-05-03,League,KK Nair,Feroz Shah Kotla,Delhi Daredevils,Rajasthan Royals,Rajasthan Royals,field,Rajasthan Royals,wickets,7.0,153.0,20.0,N,,SS Hazare,S Ravi
816,2012,Kolkata,2012-05-14,League,MEK Hussey,Eden Gardens,Kolkata Knight Riders,Chennai Super Kings,Chennai Super Kings,field,Chennai Super Kings,wickets,5.0,159.0,20.0,N,,JD Cloete,SJA Taufel
817,2019,Chandigarh,2019-03-30,League,MA Agarwal,Punjab Cricket Association IS Bindra Stadium,Mumbai Indians,Kings XI Punjab,Kings XI Punjab,field,Kings XI Punjab,wickets,8.0,177.0,20.0,N,,CB Gaffaney,VA Kulkarni
818,2015,Ahmedabad,2015-04-14,League,SPD Smith,"Sardar Patel Stadium, Motera",Rajasthan Royals,Mumbai Indians,Mumbai Indians,bat,Rajasthan Royals,wickets,7.0,165.0,20.0,N,,AK Chaudhary,SD Fry
819,2013,Jaipur,2013-04-29,League,SV Samson,Sawai Mansingh Stadium,Rajasthan Royals,Royal Challengers Bangalore,Rajasthan Royals,field,Rajasthan Royals,wickets,4.0,172.0,20.0,N,,M Erasmus,K Srinath
820,2023,Mumbai,2023-04-16,League,VR Iyer,"Wankhede Stadium, Mumbai",Kolkata Knight Riders,Mumbai Indians,Mumbai Indians,field,Mumbai Indians,wickets,5.0,186.0,20.0,N,,BNJ Oxenford,UV Gandhe
821,2011,Kochi,2011-04-27,League,I Sharma,Nehru Stadium,Kochi Tuskers Kerala,Deccan Chargers,Kochi Tuskers Kerala,field,Deccan Chargers,runs,55.0,130.0,20.0,N,,HDPK Dharmasena,AL Hill
822,2022,Mumbai,2022-05-08,League,PWH de Silva,"Wankhede Stadium, Mumbai",Royal Challengers Bangalore,Sunrisers Hyderabad,Royal Challengers Bangalore,bat,Royal Challengers Bangalore,runs,67.0,193.0,20.0,N,,BNJ Oxenford,N Pandit
823,2021,Mumbai,2021-04-24,League,CH Morris,"Wankhede Stadium, Mumbai",Kolkata Knight Riders,Rajasthan Royals,Rajasthan Royals,field,Rajasthan Royals,wickets,6.0,134.0,20.0,N,,Navdeep Singh,S Ravi
824,2023,Dharamsala,2023-05-17,League,RR Rossouw,"Himachal Pradesh Cricket Association Stadium, Dharamsala",Delhi Capitals,Punjab Kings,Punjab Kings,field,Delhi Capitals,runs,15.0,214.0,20.0,N,,KN Ananthapadmanabhan,MV Saidharshan Kumar
825,2023,Delhi,2023-04-04,League,B Sai Sudharsan,"Arun Jaitley Stadium, Delhi",Delhi Capitals,Gujarat Titans,Gujarat Titans,field,Gujarat Titans,wickets,6.0,163.0,20.0,N,,A Nand Kishore,GR Sadashiv Iyer
826,2016,Pune,2016-04-24,League,SA Yadav,Maharashtra Cricket Association Stadium,Rising Pune Supergiants,Kolkata Knight Riders,Kolkata Knight Riders,field,Kolkata Knight Riders,wickets,2.0,161.0,20.0,N,,CB Gaffaney,A Nand Kishore
827,2014,,2014-04-22,League,GJ Maxwell,Sharjah Cricket Stadium,Kings XI Punjab,Sunrisers Hyderabad,Sunrisers Hyderabad,field,Kings XI Punjab,runs,72.0,194.0,20.0,N,,M Erasmus,S Ravi
828,2021,Mumbai,2021-04-18,League,S Dhawan,"Wankhede Stadium, Mumbai",Punjab Kings,Delhi Capitals,Delhi Capitals,field,Delhi Capitals,wickets,6.0,196.0,20.0,N,,AK Chaudhary,PR Reiffel
829,2012,Delhi,2012-04-29,League,V Sehwag,Feroz Shah Kotla,Delhi Daredevils,Rajasthan Royals,Delhi Daredevils,bat,Delhi Daredevils,runs,1.0,153.0,20.0,N,,S Ravi,RJ Tucker
830,2019,Chennai,2019-04-06,League,Harbhajan Singh,MA Chidambaram Stadium,Chennai Super Kings,Kings XI Punjab,Chennai Super Kings,bat,Chennai Super Kings,runs,22.0,161.0,20.0,N,,KN Ananthapadmanabhan,RJ Tucker
831,2024,Visakhapatnam,2024-04-03,League,SP Narine,"Dr. Y.S. Rajasekhara Reddy ACA-VDCA Cricket Stadium, Visakhapatnam",Kolkata Knight Riders,Delhi Capitals,Kolkata Knight Riders,bat,Kolkata Knight Riders,runs,106.0,273.0,20.0,N,,A Totre,UV Gandhe
832,2012,Chennai,2012-04-21,League,F du Plessis,"MA Chidambaram Stadium, Chepauk",Chennai Super Kings,Rajasthan Royals,Rajasthan Royals,bat,Chennai Super Kings,wickets,7.0,147.0,20.0,N,,Aleem Dar,BNJ Oxenford
833,2015,Delhi,2015-04-20,League,UT Yadav,Feroz Shah Kotla,Delhi Daredevils,Kolkata Knight Riders,Kolkata Knight Riders,field,Kolkata Knight Riders,wickets,6.0,147.0,20.0,N,,SD Fry,CB Gaffaney
834,2015,Chennai,2015-05-08,League,HH Pandya,"MA Chidambaram Stadium, Chepauk",Chennai Super Kings,Mumbai Indians,Chennai Super Kings,bat,Mumbai Indians,wickets,6.0,159.0,20.0,N,,CB Gaffaney,CK Nandan
835,2013,Kolkata,2013-05-26,Final,KA Pollard,Eden Gardens,Chennai Super Kings,Mumbai Indians,Mumbai Indians,bat,Mumbai Indians,runs,23.0,149.0,20.0,N,,HDPK Dharmasena,SJA Taufel
836,2011,Mumbai,2011-05-24,Qualifier 1,SK Raina,Wankhede Stadium,Royal Challengers Bangalore,Chennai Super Kings,Chennai Super Kings,field,Chennai Super Kings,wickets,6.0,176.0,20.0,N,,Asad Rauf,SJA Taufel
837,2022,Pune,2022-04-02,League,LH Ferguson,"Maharashtra Cricket Association Stadium, Pune",Gujarat Titans,Delhi Capitals,Delhi Capitals,field,Gujarat Titans,runs,14.0,172.0,20.0,N,,KN Ananthapadmanabhan,UV Gandhe
838,2023,Chennai,2023-04-03,League,MM Ali,"MA Chidambaram Stadium, Chepauk, Chennai",Chennai Super Kings,Lucknow Super Giants,Lucknow Super Giants,field,Chennai Super Kings,runs,12.0,218.0,20.0,N,,A Totre,BNJ Oxenford
839,2009,Port Elizabeth,2009-05-02,League,YK Pathan,St George's Park,Deccan Chargers,Rajasthan Royals,Deccan Chargers,bat,Rajasthan Royals,wickets,3.0,142.0,20.0,N,,S Asnani,BG Jerling
840,2019,Bengaluru,2019-04-21,League,PA Patel,M.Chinnaswamy Stadium,Royal Challengers Bangalore,Chennai Super Kings,Chennai Super Kings,field,Royal Challengers Bangalore,runs,1.0,162.0,20.0,N,,RJ Tucker,VA Kulkarni
841,2021,Delhi,2021-05-02,League,JC Buttler,"Arun Jaitley Stadium, Delhi",Rajasthan Royals,Sunrisers Hyderabad,Sunrisers Hyderabad,field,Rajasthan Royals,runs,55.0,221.0,20.0,N,,C Shamshuddin,CB Gaffaney
842,2014,Abu Dhabi,2014-04-18,League,GJ Maxwell,Sheikh Zayed Stadium,Chennai Super Kings,Kings XI Punjab,Chennai Super Kings,bat,Kings XI Punjab,wickets,6.0,206.0,20.0,N,,RK Illingworth,C Shamshuddin
843,2017,Rajkot,2017-04-14,League,AJ Tye,Saurashtra Cricket Association Stadium,Gujarat Lions,Rising Pune Supergiant,Gujarat Lions,field,Gujarat Lions,wickets,7.0,172.0,20.0,N,,A Nand Kishore,S Ravi
844,2022,Mumbai,2022-04-28,League,Kuldeep Yadav,"Wankhede Stadium, Mumbai",Kolkata Knight Riders,Delhi Capitals,Delhi Capitals,field,Delhi Capitals,wickets,4.0,147.0,20.0,N,,AK Chaudhary,PG Pathak
845,2015,Bangalore,2015-04-29,League,,M Chinnaswamy Stadium,Royal Challengers Bangalore,Rajasthan Royals,Rajasthan Royals,field,,no result,,,,N,,JD Cloete,PG Pathak
846,2009,Johannesburg,2009-05-03,League,JH Kallis,New Wanderers Stadium,Royal Challengers Bangalore,Mumbai Indians,Mumbai Indians,bat,Royal Challengers Bangalore,wickets,9.0,150.0,20.0,N,,RE Koertzen,TH Wijewardene
847,2012,Dharamsala,2012-05-19,League,UT Yadav,Himachal Pradesh Cricket Association Stadium,Kings XI Punjab,Delhi Daredevils,Delhi Daredevils,field,Delhi Daredevils,wickets,6.0,142.0,20.0,N,,BF Bowden,VA Kulkarni
848,2011,Bangalore,2011-04-12,League,SR Tendulkar,M Chinnaswamy Stadium,Royal Challengers Bangalore,Mumbai Indians,Mumbai Indians,field,Mumbai Indians,wickets,9.0,141.0,20.0,N,,HDPK Dharmasena,AL Hill
849,2009,Centurion,2009-04-28,League,YK Pathan,SuperSport Park,Delhi Daredevils,Rajasthan Royals,Delhi Daredevils,bat,Rajasthan Royals,wickets,5.0,144.0,20.0,N,,GAV Baxter,RE Koertzen
850,2017,Indore,2017-04-10,League,AR Patel,Holkar Cricket Stadium,Kings XI Punjab,Royal Challengers Bangalore,Royal Challengers Bangalore,bat,Kings XI Punjab,wickets,8.0,149.0,20.0,N,,AK Chaudhary,C Shamshuddin
851,2014,,2014-04-28,League,Sandeep Sharma,Dubai International Cricket Stadium,Kings XI Punjab,Royal Challengers Bangalore,Kings XI Punjab,field,Kings XI Punjab,wickets,5.0,125.0,20.0,N,,BF Bowden,S Ravi
852,2019,Chennai,2019-04-26,League,RG Sharma,MA Chidambaram Stadium,Mumbai Indians,Chennai Super Kings,Chennai Super Kings,field,Mumbai Indians,runs,46.0,156.0,20.0,N,,AK Chaudhary,NJ Llong
853,2014,Kolkata,2014-05-27,Qualifier 1,UT Yadav,Eden Gardens,Kings XI Punjab,Kolkata Knight Riders,Kings XI Punjab,field,Kolkata Knight Riders,runs,28.0,164.0,20.0,N,,NJ Llong,S Ravi
854,2023,Chennai,2023-05-06,League,M Pathirana,"MA Chidambaram Stadium, Chepauk, Chennai",Mumbai Indians,Chennai Super Kings,Chennai Super Kings,field,Chennai Super Kings,wickets,6.0,140.0,20.0,N,,BNJ Oxenford,Navdeep Singh
855,2009,East London,2009-05-04,League,MS Dhoni,Buffalo Park,Chennai Super Kings,Deccan Chargers,Chennai Super Kings,bat,Chennai Super Kings,runs,78.0,179.0,20.0,N,,BR Doctrove,M Erasmus
856,2019,Hyderabad,2019-03-31,League,JM Bairstow,Rajiv Gandhi International Stadium,Sunrisers Hyderabad,Royal Challengers Bangalore,Royal Challengers Bangalore,field,Sunrisers Hyderabad,runs,118.0,232.0,20.0,N,,KN Ananthapadmanabhan,S Ravi
857,2009,Bloemfontein,2009-05-15,League,B Lee,OUTsurance Oval,Delhi Daredevils,Kings XI Punjab,Kings XI Punjab,field,Kings XI Punjab,wickets,6.0,121.0,20.0,N,,HDPK Dharmasena,IL Howell
858,2017,Delhi,2017-05-02,League,Mohammed Shami,Feroz Shah Kotla,Delhi Daredevils,Sunrisers Hyderabad,Delhi Daredevils,field,Delhi Daredevils,wickets,6.0,186.0,20.0,N,,YC Barde,Nitin Menon
859,2023,Lucknow,2023-04-15,League,Sikandar Raza,"Bharat Ratna Shri Atal Bihari Vajpayee Ekana Cricket Stadium, Lucknow",Lucknow Super Giants,Punjab Kings,Punjab Kings,field,Punjab Kings,wickets,2.0,160.0,20.0,N,,HAS Khalid,VK Sharma
860,2017,Bangalore,2017-05-17,Eliminator,NM Coulter-Nile,M Chinnaswamy Stadium,Sunrisers Hyderabad,Kolkata Knight Riders,Kolkata Knight Riders,field,Kolkata Knight Riders,wickets,7.0,48.0,6.0,N,D/L,AK Chaudhary,Nitin Menon
861,2024,Ahmedabad,2024-04-17,League,RR Pant,"Narendra Modi Stadium, Ahmedabad",Gujarat Titans,Delhi Capitals,Delhi Capitals,field,Delhi Capitals,wickets,6.0,90.0,20.0,N,,NA Patwardhan,VK Sharma
862,2018,Indore,2018-05-12,League,SP Narine,Holkar Cricket Stadium,Kolkata Knight Riders,Kings XI Punjab,Kings XI Punjab,field,Kolkata Knight Riders,runs,31.0,246.0,20.0,N,,CK Nandan,VK Sharma
863,2016,Raipur,2016-05-22,League,V Kohli,Shaheed Veer Narayan Singh International Stadium,Delhi Daredevils,Royal Challengers Bangalore,Royal Challengers Bangalore,field,Royal Challengers Bangalore,wickets,6.0,139.0,20.0,N,,A Nand Kishore,BNJ Oxenford
864,2015,Raipur,2015-05-12,League,Z Khan,Shaheed Veer Narayan Singh International Stadium,Delhi Daredevils,Chennai Super Kings,Chennai Super Kings,bat,Delhi Daredevils,wickets,6.0,120.0,20.0,N,,RK Illingworth,VA Kulkarni
865,2011,Hyderabad,2011-04-16,League,PC Valthaty,"Rajiv Gandhi International Stadium, Uppal",Deccan Chargers,Kings XI Punjab,Kings XI Punjab,field,Kings XI Punjab,wickets,8.0,166.0,20.0,N,,RE Koertzen,S Ravi
866,2018,Hyderabad,2018-04-26,League,AS Rajpoot,Rajiv Gandhi International Stadium,Sunrisers Hyderabad,Kings XI Punjab,Kings XI Punjab,field,Sunrisers Hyderabad,runs,13.0,133.0,20.0,N,,CK Nandan,YC Barde
867,2016,Delhi,2016-05-25,Elimination Final,MC Henriques,Feroz Shah Kotla,Sunrisers Hyderabad,Kolkata Knight Riders,Kolkata Knight Riders,field,Sunrisers Hyderabad,runs,22.0,163.0,20.0,N,,M Erasmus,C Shamshuddin
868,2019,Mumbai,2019-05-05,League,HH Pandya,Wankhede Stadium,Kolkata Knight Riders,Mumbai Indians,Mumbai Indians,field,Mumbai Indians,wickets,9.0,134.0,20.0,N,,A Nand Kishore,CK Nandan
869,2016,Delhi,2016-05-05,League,AM Rahane,Feroz Shah Kotla,Delhi Daredevils,Rising Pune Supergiants,Rising Pune Supergiants,field,Rising Pune Supergiants,wickets,7.0,163.0,20.0,N,,C Shamshuddin,RJ Tucker
870,2019,Chennai,2019-05-01,League,MS Dhoni,MA Chidambaram Stadium,Chennai Super Kings,Delhi Capitals,Delhi Capitals,field,Chennai Super Kings,runs,80.0,180.0,20.0,N,,AY Dandekar,Nitin Menon
871,2021,Mumbai,2021-04-22,League,D Padikkal,"Wankhede Stadium, Mumbai",Rajasthan Royals,Royal Challengers Bangalore,Royal Challengers Bangalore,field,Royal Challengers Bangalore,wickets,10.0,178.0,20.0,N,,J Madanagopal,S Ravi
872,2022,Mumbai,2022-04-19,League,F du Plessis,"Dr DY Patil Sports Academy, Mumbai",Royal Challengers Bangalore,Lucknow Super Giants,Lucknow Super Giants,field,Royal Challengers Bangalore,runs,18.0,182.0,20.0,N,,CB Gaffaney,N Pandit
873,2013,Jaipur,2013-05-12,League,SR Watson,Sawai Mansingh Stadium,Rajasthan Royals,Chennai Super Kings,Rajasthan Royals,field,Rajasthan Royals,wickets,5.0,142.0,20.0,N,,HDPK Dharmasena,CK Nandan
874,2013,Pune,2013-04-07,League,M Vohra,Subrata Roy Sahara Stadium,Pune Warriors,Kings XI Punjab,Pune Warriors,bat,Kings XI Punjab,wickets,8.0,100.0,20.0,N,,S Asnani,SJA Taufel
875,2014,Ranchi,2014-05-13,League,RA Jadeja,JSCA International Stadium Complex,Chennai Super Kings,Rajasthan Royals,Rajasthan Royals,bat,Chennai Super Kings,wickets,5.0,149.0,20.0,N,,BNJ Oxenford,C Shamshuddin
876,2017,Delhi,2017-05-14,League,HV Patel,Feroz Shah Kotla,Delhi Daredevils,Royal Challengers Bangalore,Royal Challengers Bangalore,bat,Royal Challengers Bangalore,runs,10.0,162.0,20.0,N,,CK Nandan,C Shamshuddin
877,2014,Cuttack,2014-05-11,League,G Gambhir,Barabati Stadium,Kings XI Punjab,Kolkata Knight Riders,Kolkata Knight Riders,field,Kolkata Knight Riders,wickets,9.0,150.0,20.0,N,,NJ Llong,CK Nandan
878,2018,Pune,2018-04-20,League,SR Watson,Maharashtra Cricket Association Stadium,Chennai Super Kings,Rajasthan Royals,Rajasthan Royals,field,Chennai Super Kings,runs,64.0,205.0,20.0,N,,KN Ananthapadmanabhan,Nitin Menon
879,2023,Hyderabad,2023-05-13,League,PN Mankad,"Rajiv Gandhi International Stadium, Uppal, Hyderabad",Sunrisers Hyderabad,Lucknow Super Giants,Sunrisers Hyderabad,bat,Lucknow Super Giants,wickets,7.0,183.0,20.0,N,,A Totre,J Madanagopal
880,2014,Cuttack,2014-05-14,League,RV Uthappa,Barabati Stadium,Kolkata Knight Riders,Mumbai Indians,Kolkata Knight Riders,field,Kolkata Knight Riders,wickets,6.0,142.0,20.0,N,,AK Chaudhary,NJ Llong
881,2009,Durban,2009-04-23,League,AB de Villiers,Kingsmead,Chennai Super Kings,Delhi Daredevils,Delhi Daredevils,bat,Delhi Daredevils,runs,9.0,190.0,20.0,N,,BR Doctrove,SJA Taufel
882,2015,Bangalore,2015-05-17,League,,M Chinnaswamy Stadium,Royal Challengers Bangalore,Delhi Daredevils,Royal Challengers Bangalore,field,,no result,,188.0,20.0,N,,HDPK Dharmasena,K Srinivasan
883,2012,Mumbai,2012-04-11,League,KA Pollard,Wankhede Stadium,Mumbai Indians,Rajasthan Royals,Rajasthan Royals,field,Mumbai Indians,runs,27.0,198.0,20.0,N,,Aleem Dar,BNJ Oxenford
884,2011,Mumbai,2011-04-27,League,DE Bollinger,Dr DY Patil Sports Academy,Pune Warriors,Chennai Super Kings,Pune Warriors,bat,Chennai Super Kings,wickets,8.0,142.0,20.0,N,,Asad Rauf,SL Shastri
885,2024,Jaipur,2024-04-06,League,JC Buttler,"Sawai Mansingh Stadium, Jaipur",Royal Challengers Bengaluru,Rajasthan Royals,Rajasthan Royals,field,Rajasthan Royals,wickets,6.0,184.0,20.0,N,,AG Wharf,Tapan Sharma
886,2017,Rajkot,2017-04-18,League,CH Gayle,Saurashtra Cricket Association Stadium,Gujarat Lions,Royal Challengers Bangalore,Gujarat Lions,field,Royal Challengers Bangalore,runs,21.0,214.0,20.0,N,,S Ravi,VK Sharma
887,2017,Bangalore,2017-05-07,League,SP Narine,M Chinnaswamy Stadium,Royal Challengers Bangalore,Kolkata Knight Riders,Kolkata Knight Riders,field,Kolkata Knight Riders,wickets,6.0,159.0,20.0,N,,AY Dandekar,C Shamshuddin
888,2022,Navi Mumbai,2022-05-09,League,JJ Bumrah,"Dr DY Patil Sports Academy, Mumbai",Kolkata Knight Riders,Mumbai Indians,Mumbai Indians,field,Kolkata Knight Riders,runs,52.0,166.0,20.0,N,,CB Gaffaney,GR Sadashiv Iyer
889,2013,Bangalore,2013-04-11,League,CH Gayle,M Chinnaswamy Stadium,Royal Challengers Bangalore,Kolkata Knight Riders,Royal Challengers Bangalore,field,Royal Challengers Bangalore,wickets,8.0,155.0,20.0,N,,Asad Rauf,AK Chaudhary
890,2019,Mumbai,2019-03-24,League,RR Pant,Wankhede Stadium,Delhi Capitals,Mumbai Indians,Mumbai Indians,field,Delhi Capitals,runs,37.0,214.0,20.0,N,,S Ravi,YC Barde
891,2018,Delhi,2018-05-12,League,AB de Villiers,Arun Jaitley Stadium,Delhi Daredevils,Royal Challengers Bangalore,Royal Challengers Bangalore,field,Royal Challengers Bangalore,wickets,5.0,182.0,20.0,N,,KN Ananthapadmanabhan,HDPK Dharmasena
892,2015,Kolkata,2015-05-24,Final,RG Sharma,Eden Gardens,Mumbai Indians,Chennai Super Kings,Chennai Super Kings,field,Mumbai Indians,runs,41.0,203.0,20.0,N,,HDPK Dharmasena,RK Illingworth
893,2021,Abu Dhabi,2021-09-20,League,CV Varun,"Zayed Cricket Stadium, Abu Dhabi",Royal Challengers Bangalore,Kolkata Knight Riders,Royal Challengers Bangalore,bat,Kolkata Knight Riders,wickets,9.0,93.0,20.0,N,,CB Gaffaney,S Ravi
894,2017,Chandigarh,2017-04-28,League,Rashid Khan,"Punjab Cricket Association IS Bindra Stadium, Mohali",Kings XI Punjab,Sunrisers Hyderabad,Kings XI Punjab,field,Sunrisers Hyderabad,runs,26.0,208.0,20.0,N,,Nitin Menon,CK Nandan
895,2013,Mumbai,2013-05-05,League,MG Johnson,Wankhede Stadium,Mumbai Indians,Chennai Super Kings,Mumbai Indians,bat,Mumbai Indians,runs,60.0,140.0,20.0,N,,HDPK Dharmasena,CK Nandan
896,2017,Mumbai,2017-04-12,League,JJ Bumrah,Wankhede Stadium,Mumbai Indians,Sunrisers Hyderabad,Mumbai Indians,field,Mumbai Indians,wickets,4.0,159.0,20.0,N,,Nitin Menon,CK Nandan
897,2015,Ahmedabad,2015-04-21,League,SE Marsh,"Sardar Patel Stadium, Motera",Rajasthan Royals,Kings XI Punjab,Kings XI Punjab,field,Kings XI Punjab,tie,,192.0,20.0,Y,,M Erasmus,S Ravi
898,2013,Chandigarh,2013-05-06,League,DA Miller,"Punjab Cricket Association Stadium, Mohali",Kings XI Punjab,Royal Challengers Bangalore,Kings XI Punjab,field,Kings XI Punjab,wickets,6.0,191.0,20.0,N,,VA Kulkarni,NJ Llong
899,2013,Delhi,2013-05-21,Qualifier 1,MEK Hussey,Feroz Shah Kotla,Chennai Super Kings,Mumbai Indians,Chennai Super Kings,bat,Chennai Super Kings,runs,48.0,193.0,20.0,N,,NJ Llong,RJ Tucker
900,2012,Delhi,2012-05-07,League,JH Kallis,Feroz Shah Kotla,Delhi Daredevils,Kolkata Knight Riders,Delhi Daredevils,bat,Kolkata Knight Riders,wickets,6.0,154.0,20.0,N,,JD Cloete,S Ravi
901,2014,,2014-04-17,League,YS Chahal,Sharjah Cricket Stadium,Delhi Daredevils,Royal Challengers Bangalore,Royal Challengers Bangalore,field,Royal Challengers Bangalore,wickets,8.0,146.0,20.0,N,,Aleem Dar,S Ravi
902,2015,Hyderabad,2015-05-15,League,V Kohli,"Rajiv Gandhi International Stadium, Uppal",Sunrisers Hyderabad,Royal Challengers Bangalore,Sunrisers Hyderabad,bat,Royal Challengers Bangalore,wickets,6.0,81.0,6.0,N,D/L,AK Chaudhary,HDPK Dharmasena
903,2017,Mumbai,2017-05-11,League,WP Saha,Wankhede Stadium,Mumbai Indians,Kings XI Punjab,Mumbai Indians,field,Kings XI Punjab,runs,7.0,231.0,20.0,N,,A Deshmukh,A Nand Kishore
904,2022,Mumbai,2022-05-07,League,YBK Jaiswal,"Wankhede Stadium, Mumbai",Punjab Kings,Rajasthan Royals,Punjab Kings,bat,Rajasthan Royals,wickets,6.0,190.0,20.0,N,,Chirra Ravikanthreddy,YC Barde
905,2019,Kolkata,2019-03-27,League,AD Russell,Eden Gardens,Kolkata Knight Riders,Kings XI Punjab,Kings XI Punjab,field,Kolkata Knight Riders,runs,28.0,219.0,20.0,N,,AK Chaudhary,VA Kulkarni
906,2011,Chennai,2011-05-28,Final,M Vijay,"MA Chidambaram Stadium, Chepauk",Chennai Super Kings,Royal Challengers Bangalore,Chennai Super Kings,bat,Chennai Super Kings,runs,58.0,206.0,20.0,N,,Asad Rauf,SJA Taufel
907,2012,Kolkata,2012-04-13,League,Shakib Al Hasan,Eden Gardens,Kolkata Knight Riders,Rajasthan Royals,Rajasthan Royals,bat,Kolkata Knight Riders,wickets,5.0,132.0,20.0,N,,Asad Rauf,S Asnani
908,2024,Mohali,2024-03-23,League,SM Curran,"Maharaja Yadavindra Singh International Cricket Stadium, Mullanpur",Delhi Capitals,Punjab Kings,Punjab Kings,field,Punjab Kings,wickets,4.0,175.0,20.0,N,,J Madanagopal,NA Patwardhan
909,2021,Mumbai,2021-04-16,League,DL Chahar,"Wankhede Stadium, Mumbai",Punjab Kings,Chennai Super Kings,Chennai Super Kings,field,Chennai Super Kings,wickets,6.0,107.0,20.0,N,,AK Chaudhary,AY Dandekar
910,2022,Pune,2022-04-09,League,Anuj Rawat,"Maharashtra Cricket Association Stadium, Pune",Mumbai Indians,Royal Challengers Bangalore,Royal Challengers Bangalore,field,Royal Challengers Bangalore,wickets,7.0,152.0,20.0,N,,BNJ Oxenford,KN Ananthapadmanabhan
911,2024,Kolkata,2024-05-11,League,CV Varun,"Eden Gardens, Kolkata",Kolkata Knight Riders,Mumbai Indians,Mumbai Indians,field,Kolkata Knight Riders,runs,18.0,158.0,16.0,N,,UV Gandhe,Vinod Seshan
912,2022,Mumbai,2022-05-22,League,Harpreet Brar,"Wankhede Stadium, Mumbai",Sunrisers Hyderabad,Punjab Kings,Sunrisers Hyderabad,bat,Punjab Kings,wickets,5.0,158.0,20.0,N,,AK Chaudhary,NA Patwardhan
913,2011,Mumbai,2011-04-17,League,Yuvraj Singh,Dr DY Patil Sports Academy,Pune Warriors,Delhi Daredevils,Delhi Daredevils,field,Delhi Daredevils,wickets,3.0,188.0,20.0,N,,Asad Rauf,AM Saheba
914,2024,Delhi,2024-05-14,League,I Sharma,"Arun Jaitley Stadium, Delhi",Delhi Capitals,Lucknow Super Giants,Lucknow Super Giants,field,Delhi Capitals,runs,19.0,209.0,20.0,N,,A Totre,Vinod Seshan
915,2013,Delhi,2013-04-23,League,Harmeet Singh,Feroz Shah Kotla,Delhi Daredevils,Kings XI Punjab,Kings XI Punjab,field,Kings XI Punjab,wickets,5.0,121.0,20.0,N,,VA Kulkarni,K Srinath
916,2009,Kimberley,2009-05-11,League,DR Smith,De Beers Diamond Oval,Deccan Chargers,Rajasthan Royals,Deccan Chargers,bat,Deccan Chargers,runs,53.0,167.0,20.0,N,,GAV Baxter,HDPK Dharmasena
