Series_Title,Released_Year,IMDB_Rating,No_of_Votes,Gross,Certificate,Genre,Poster_Link,CompositeScore
The Dark Knight Rises,2012,8.4,1516346,"448,139,099",UA,"Action, Adventure","https://m.media-amazon.com/images/M/MV5BMTk4ODQzNDY3Ml5BMl5BanBnXkFtZTcwODA0NTM4Nw@@._V1_UX67_CR0,0,67,98_AL_.jpg",0.7850379100630999
Interstellar,2014,8.6,1512360,"188,020,017",UA,"Adventure, Drama, Sci-Fi","https://m.media-amazon.com/images/M/MV5BZjdkOTU3MDktN2IxOS00OGEyLWFmMjktY2FiMmZkNWIyODZiXkEyXkFqcGdeQXVyMTMxODk2OTU@._V1_UX67_CR0,0,67,98_AL_.jpg",0.7835667029247629
The Lord of the Rings: The Fellowship of the Ring,2001,8.8,1661481,"315,544,750",U,"Action, Adventure, Drama","https://m.media-amazon.com/images/M/MV5BN2EyZjM3NzUtNWUzMi00MTgxLWI0NTctMzY4M2VlOTdjZWRiXkEyXkFqcGdeQXVyNDUzOTQ5MjY@._V1_UX67_CR0,0,67,98_AL_.jpg",0.7810699183247756
The Avengers,2012,8.0,1260806,"623,279,547",UA,"Action, Adventure, Sci-Fi","https://m.media-amazon.com/images/M/MV5BNDYxNjQyMjAtNTdiOS00NGYwLWFmNTAtNThmYjU5ZGI2YTI1XkEyXkFqcGdeQXVyMTMxODk2OTU@._V1_UX67_CR0,0,67,98_AL_.jpg",0.7754156414992769
The Lion King,1994,8.5,942045,"422,783,777",U,"Animation, Adventure, Drama","https://m.media-amazon.com/images/M/MV5BYTYxNGMyZTYtMjE3MS00MzNjLWFjNmYtMDk3N2FmM2JiM2M1XkEyXkFqcGdeQXVyNjY5NDU4NzI@._V1_UX67_CR0,0,67,98_AL_.jpg",0.7662047644814849
Batman Begins,2005,8.2,1308302,"206,852,432",UA,"Action, Adventure","https://m.media-amazon.com/images/M/MV5BOTY4YjI2N2MtYmFlMC00ZjcyLTg3YjEtMDQyM2ZjYzQ5YWFkXkEyXkFqcGdeQXVyMTQxNzMzNDI@._V1_UX67_CR0,0,67,98_AL_.jpg",0.7641194621823514
The Prestige,2006,8.5,1190259,"53,089,891",U,"Drama, Mystery, Sci-Fi","https://m.media-amazon.com/images/M/MV5BMjA4NDI0MTIxNF5BMl5BanBnXkFtZTYwNTM0MzY2._V1_UX67_CR0,0,67,98_AL_.jpg",0.759856927877949
Toy Story 3,2010,8.2,757032,"415,004,880",U,"Animation, Adventure, Comedy","https://m.media-amazon.com/images/M/MV5BMTgxOTY4Mjc0MF5BMl5BanBnXkFtZTcwNTA4MDQyMw@@._V1_UY98_CR1,0,67,98_AL_.jpg",0.7568622170115226
Star Wars: Episode VII - The Force Awakens,2015,7.9,860823,"936,662,225",U,"Action, Adventure, Sci-Fi","https://m.media-amazon.com/images/M/MV5BOTAzODEzNDAzMl5BMl5BanBnXkFtZTgwMDU1MTgzNzE@._V1_UX67_CR0,0,67,98_AL_.jpg",0.7567198594356247
Inside Out,2015,8.1,616228,"356,461,711",U,"Animation, Adventure, Comedy","https://m.media-amazon.com/images/M/MV5BOTgxMDQwMDk0OF5BMl5BanBnXkFtZTgwNjU5OTg2NDE@._V1_UX67_CR0,0,67,98_AL_.jpg",0.7458296797694445
Terminator 2: Judgment Day,1991,8.5,995506,"204,843,350",U,"Action, Sci-Fi","https://m.media-amazon.com/images/M/MV5BMGU2NzRmZjUtOGUxYS00ZjdjLWEwZWItY2NlM2JhNjkxNTFmXkEyXkFqcGdeQXVyNjU0OTQ0OTY@._V1_UX67_CR0,0,67,98_AL_.jpg",0.7426805488386772
Star Wars: Episode VI - Return of the Jedi,1983,8.3,950470,"309,125,409",U,"Action, Adventure, Fantasy","https://m.media-amazon.com/images/M/MV5BOWZlMjFiYzgtMTUzNC00Y2IzLTk1NTMtZmNhMTczNTk0ODk1XkEyXkFqcGdeQXVyNTAyODkwOQ@@._V1_UX67_CR0,0,67,98_AL_.jpg",0.7394504911342067
Pirates of the Caribbean: The Curse of the Black Pearl,2003,8.0,1015122,"305,413,918",UA,"Action, Adventure, Fantasy","https://m.media-amazon.com/images/M/MV5BNGYyZGM5MGMtYTY2Ni00M2Y1LWIzNjQtYWUzM2VlNGVhMDNhXkEyXkFqcGdeQXVyMTMxODk2OTU@._V1_UX67_CR0,0,67,98_AL_.jpg",0.7367006397404458
How to Train Your Dragon,2010,8.1,666773,"217,581,231",U,"Animation, Action, Adventure","https://m.media-amazon.com/images/M/MV5BMjA5NDQyMjc2NF5BMl5BanBnXkFtZTcwMjg5ODcyMw@@._V1_UX67_CR0,0,67,98_AL_.jpg",0.7361836346417909
The Grand Budapest Hotel,2014,8.1,707630,"59,100,318",UA,"Adventure, Comedy, Crime","https://m.media-amazon.com/images/M/MV5BMzM5NjUxOTEyMl5BMl5BanBnXkFtZTgwNjEyMDM0MDE@._V1_UX67_CR0,0,67,98_AL_.jpg",0.7351134893373991
The Imitation Game,2014,8.0,685201,"91,125,683",UA,"Biography, Drama, Thriller","https://m.media-amazon.com/images/M/MV5BOTgwMzFiMWYtZDhlNS00ODNkLWJiODAtZDVhNzgyNzJhYjQ4L2ltYWdlXkEyXkFqcGdeQXVyNzEzOTYxNTQ@._V1_UX67_CR0,0,67,98_AL_.jpg",0.7304180856333341
Ratatouille,2007,8.0,641645,"206,445,654",U,"Animation, Adventure, Comedy","https://m.media-amazon.com/images/M/MV5BMTMzODU0NTkxMF5BMl5BanBnXkFtZTcwMjQ4MzMzMw@@._V1_UX67_CR0,0,67,98_AL_.jpg",0.7226006010221288
Snatch,2000,8.3,782001,"30,328,156",UA,"Comedy, Crime","https://m.media-amazon.com/images/M/MV5BMTA2NDYxOGYtYjU1Mi00Y2QzLTgxMTQtMWI1MGI0ZGQ5MmU4XkEyXkFqcGdeQXVyNDk3NzU2MTQ@._V1_UY98_CR0,0,67,98_AL_.jpg",0.7218042187794437
Arrival,2016,7.9,594181,"100,546,139",UA,"Drama, Sci-Fi","https://m.media-amazon.com/images/M/MV5BMTExMzU0ODcxNDheQTJeQWpwZ15BbWU4MDE1OTI4MzAy._V1_UX67_CR0,0,67,98_AL_.jpg",0.7213812369425354
Captain America: Civil War,2016,7.8,663649,"408,084,349",UA,"Action, Adventure, Sci-Fi","https://m.media-amazon.com/images/M/MV5BMjQ0MTgyNjAxMV5BMl5BanBnXkFtZTgwNjUzMDkyODE@._V1_UX67_CR0,0,67,98_AL_.jpg",0.7184503865722195
The Bourne Ultimatum,2007,8.0,604694,"227,471,070",UA,"Action, Mystery, Thriller","https://m.media-amazon.com/images/M/MV5BNGNiNmU2YTMtZmU4OS00MjM0LTlmYWUtMjVlYjAzYjE2N2RjXkEyXkFqcGdeQXVyNDk3NzU2MTQ@._V1_UX67_CR0,0,67,98_AL_.jpg",0.7167507312914853
Zootopia,2016,8.0,434143,"341,268,248",U,"Animation, Adventure, Comedy","https://m.media-amazon.com/images/M/MV5BOTMyMjEyNzIzMV5BMl5BanBnXkFtZTgwNzIyNjU0NzE@._V1_UX67_CR0,0,67,98_AL_.jpg",0.7154533983404532
La vita è bella,1997,8.6,623629,"57,598,247",U,"Comedy, Drama, Romance","https://m.media-amazon.com/images/M/MV5BYmJmM2Q4NmMtYThmNC00ZjRlLWEyZmItZTIwOTBlZDQ3NTQ1XkEyXkFqcGdeQXVyMTQxNzMzNDI@._V1_UX67_CR0,0,67,98_AL_.jpg",0.7122800129279525
The Terminator,1984,8.0,799795,"38,400,000",UA,"Action, Sci-Fi","https://m.media-amazon.com/images/M/MV5BYTViNzMxZjEtZGEwNy00MDNiLWIzNGQtZDY2MjQ1OWViZjFmXkEyXkFqcGdeQXVyNzkwMjQ5NzM@._V1_UX67_CR0,0,67,98_AL_.jpg",0.7084067122553558
Bohemian Rhapsody,2018,8.0,450349,"216,428,042",UA,"Biography, Drama, Music","https://m.media-amazon.com/images/M/MV5BMTA2NDc3Njg5NDVeQTJeQWpwZ15BbWU4MDc1NDcxNTUz._V1_UX67_CR0,0,67,98_AL_.jpg",0.7036206302737744
X: First Class,2011,7.7,645512,"146,408,305",UA,"Action, Adventure, Sci-Fi","https://m.media-amazon.com/images/M/MV5BMTg5OTMxNzk4Nl5BMl5BanBnXkFtZTcwOTk1MjAwNQ@@._V1_UX67_CR0,0,67,98_AL_.jpg",0.7027157140949098
Pan's Labyrinth,2006,8.2,618623,"37,634,615",UA,"Drama, Fantasy, War","https://m.media-amazon.com/images/M/MV5BMTU3ODg2NjQ5NF5BMl5BanBnXkFtZTcwMDEwODgzMQ@@._V1_UX67_CR0,0,67,98_AL_.jpg",0.7015813808576313
Skyfall,2012,7.7,630614,"304,360,277",UA,"Action, Adventure, Thriller","https://m.media-amazon.com/images/M/MV5BMWZiNjE2OWItMTkwNy00ZWQzLWI0NTgtMWE0NjNiYTljN2Q1XkEyXkFqcGdeQXVyNzAwMjYxMzA@._V1_UX67_CR0,0,67,98_AL_.jpg",0.7006121340054089
Million Dollar Baby,2004,8.1,635975,"100,492,203",UA,"Drama, Sport","https://m.media-amazon.com/images/M/MV5BMTkxNzA1NDQxOV5BMl5BanBnXkFtZTcwNTkyMTIzMw@@._V1_UX67_CR0,0,67,98_AL_.jpg",0.6987072621540539
Sherlock Holmes,2009,7.6,583158,"209,028,679",PG-13,"Action, Adventure, Mystery","https://m.media-amazon.com/images/M/MV5BMTg0NjEwNjUxM15BMl5BanBnXkFtZTcwMzk0MjQ5Mg@@._V1_UX67_CR0,0,67,98_AL_.jpg",0.6943187797403341
Baby Driver,2017,7.6,439406,"107,825,862",UA,"Action, Crime, Drama","https://m.media-amazon.com/images/M/MV5BMjM3MjQ1MzkxNl5BMl5BanBnXkFtZTgwODk1ODgyMjI@._V1_UX67_CR0,0,67,98_AL_.jpg",0.6931701455311087
Blade Runner,1982,8.1,693827,"32,868,943",UA,"Action, Sci-Fi, Thriller","https://m.media-amazon.com/images/M/MV5BNzQzMzJhZTEtOWM4NS00MTdhLTg0YjgtMjM4MDRkZjUwZDBlXkEyXkFqcGdeQXVyNjU0OTQ0OTY@._V1_UX67_CR0,0,67,98_AL_.jpg",0.692587940452726
Green Book,2018,8.2,377884,"85,080,171",UA,"Biography, Comedy, Drama","https://m.media-amazon.com/images/M/MV5BYzIzYmJlYTYtNGNiYy00N2EwLTk4ZjItMGYyZTJiOTVkM2RlXkEyXkFqcGdeQXVyODY1NDk1NjE@._V1_UX67_CR0,0,67,98_AL_.jpg",0.6880261012944242
The Hobbit: The Desolation of Smaug,2013,7.8,601408,"258,366,855",UA,"Adventure, Fantasy","https://m.media-amazon.com/images/M/MV5BMzU0NDY0NDEzNV5BMl5BanBnXkFtZTgwOTIxNDU1MDE@._V1_UX67_CR0,0,67,98_AL_.jpg",0.6874656310410391
Ocean's Eleven,2001,7.7,516372,"183,417,150",UA,"Crime, Thriller","https://m.media-amazon.com/images/M/MV5BYzVmYzVkMmUtOGRhMi00MTNmLThlMmUtZTljYjlkMjNkMjJkXkEyXkFqcGdeQXVyNDk3NzU2MTQ@._V1_UX67_CR0,0,67,98_AL_.jpg",0.685352932405957
Tangled,2010,7.7,405922,"200,821,936",U,"Animation, Adventure, Comedy","https://m.media-amazon.com/images/M/MV5BMTAxNDYxMjg0MjNeQTJeQWpwZ15BbWU3MDcyNTk2OTM@._V1_UX67_CR0,0,67,98_AL_.jpg",0.6819478504812572
Home Alone,1990,7.6,488817,"285,761,243",U,"Comedy, Family","https://m.media-amazon.com/images/M/MV5BMzFkM2YwOTQtYzk2Mi00N2VlLWE3NTItN2YwNDg1YmY0ZDNmXkEyXkFqcGdeQXVyMTMxODk2OTU@._V1_UX67_CR0,0,67,98_AL_.jpg",0.6807780814269586
Ex Machina,2014,7.7,474141,"25,442,958",UA,"Drama, Sci-Fi, Thriller","https://m.media-amazon.com/images/M/MV5BMTUxNzc0OTIxMV5BMl5BanBnXkFtZTgwNDI3NzU2NDE@._V1_UX67_CR0,0,67,98_AL_.jpg",0.6790459103599391
Kick-Ass,2010,7.6,524081,"48,071,303",UA,"Action, Comedy, Crime","https://m.media-amazon.com/images/M/MV5BMTMzNzEzMDYxM15BMl5BanBnXkFtZTcwMTc0NTMxMw@@._V1_UX67_CR0,0,67,98_AL_.jpg",0.67880514198473
Rocky,1976,8.1,518546,"117,235,247",U,"Drama, Sport","https://m.media-amazon.com/images/M/MV5BMTY5MDMzODUyOF5BMl5BanBnXkFtZTcwMTQ3NTMyNA@@._V1_UX67_CR0,0,67,98_AL_.jpg",0.6787900105915182
Little Miss Sunshine,2006,7.8,439856,"59,891,098",UA,"Comedy, Drama","https://m.media-amazon.com/images/M/MV5BMTgzNTgzODU0NV5BMl5BanBnXkFtZTcwMjEyMjMzMQ@@._V1_UX67_CR0,0,67,98_AL_.jpg",0.6724554349347932
Beauty and the Beast,1991,8.0,417178,"218,967,620",G,"Animation, Family, Fantasy","https://m.media-amazon.com/images/M/MV5BMzE5MDM1NDktY2I0OC00YWI5LTk2NzUtYjczNDczOWQxYjM0XkEyXkFqcGdeQXVyMTQxNzMzNDI@._V1_UX67_CR0,0,67,98_AL_.jpg",0.672268177902356
Cast Away,2000,7.8,524235,"233,632,142",UA,"Adventure, Drama, Romance","https://m.media-amazon.com/images/M/MV5BN2Y5ZTU4YjctMDRmMC00MTg4LWE1M2MtMjk4MzVmOTE4YjkzXkEyXkFqcGdeQXVyNTc1NTQxODI@._V1_UX67_CR0,0,67,98_AL_.jpg",0.6699684072497766
Shaun of the Dead,2004,7.9,512249,"13,542,874",UA,"Comedy, Horror","https://m.media-amazon.com/images/M/MV5BMTg5Mjk2NDMtZTk0Ny00YTQ0LWIzYWEtMWI5MGQ0Mjg1OTNkXkEyXkFqcGdeQXVyNzkwMjQ5NzM@._V1_UX67_CR0,0,67,98_AL_.jpg",0.669412854499132
The Curious Case of Benjamin Button,2008,7.8,589160,"127,509,326",UA,"Drama, Fantasy, Romance","https://m.media-amazon.com/images/M/MV5BNjQ0NTY2ODY2M15BMl5BanBnXkFtZTgwMjE4MzkxMDE@._V1_UX67_CR0,0,67,98_AL_.jpg",0.6663343697761352
A Star Is Born,2018,7.6,334312,"215,288,866",UA,"Drama, Music, Romance","https://m.media-amazon.com/images/M/MV5BNmE5ZmE3OGItNTdlNC00YmMxLWEzNjctYzAwOGQ5ODg0OTI0XkEyXkFqcGdeQXVyMTMxODk2OTU@._V1_UX67_CR0,0,67,98_AL_.jpg",0.6649594304536045
Edward Scissorhands,1990,7.9,447368,"56,362,352",U,"Drama, Fantasy, Romance","https://m.media-amazon.com/images/M/MV5BNDUxN2I5NDUtZjdlMC00NjlmLTg0OTQtNjk0NjAxZjFmZTUzXkEyXkFqcGdeQXVyMTQxNzMzNDI@._V1_UX67_CR0,0,67,98_AL_.jpg",0.6639988740563773
The Butterfly Effect,2004,7.6,451479,"57,938,693",U,"Drama, Sci-Fi, Thriller","https://m.media-amazon.com/images/M/MV5BODNiZmY2MWUtMjFhMy00ZmM2LTg2MjYtNWY1OTY5NGU2MjdjL2ltYWdlXkEyXkFqcGdeQXVyNTAyODkwOQ@@._V1_UY98_CR0,0,67,98_AL_.jpg",0.6627292578132129
Toy Story 4,2019,7.8,203177,"434,038,008",U,"Animation, Adventure, Comedy","https://m.media-amazon.com/images/M/MV5BMTYzMDM4NzkxOV5BMl5BanBnXkFtZTgwNzM1Mzg2NzM@._V1_UX67_CR0,0,67,98_AL_.jpg",0.6625384137739777
The Theory of Everything,2014,7.7,404182,"35,893,537",U,"Biography, Drama, Romance","https://m.media-amazon.com/images/M/MV5BMTAwMTU4MDA3NDNeQTJeQWpwZ15BbWU4MDk4NTMxNTIx._V1_UX67_CR0,0,67,98_AL_.jpg",0.6611280230033806
Hot Fuzz,2007,7.8,463466,"23,637,265",UA,"Action, Comedy, Mystery","https://m.media-amazon.com/images/M/MV5BMzg4MDJhMDMtYmJiMS00ZDZmLThmZWUtYTMwZDM1YTc5MWE2XkEyXkFqcGdeQXVyNjU0OTQ0OTY@._V1_UX67_CR0,0,67,98_AL_.jpg",0.6595112899379887
Crash,2004,7.7,419483,"54,580,300",UA,"Crime, Drama, Thriller","https://m.media-amazon.com/images/M/MV5BOTk1OTA1MjIyNV5BMl5BanBnXkFtZTcwODQxMTkyMQ@@._V1_UX67_CR0,0,67,98_AL_.jpg",0.6594080229608611
Lost in Translation,2003,7.7,415074,"44,585,453",UA,"Comedy, Drama","https://m.media-amazon.com/images/M/MV5BMTI2NDI5ODk4N15BMl5BanBnXkFtZTYwMTI3NTE3._V1_UX67_CR0,0,67,98_AL_.jpg",0.6580564222946971
Saw,2004,7.6,379020,"56,000,369",UA,"Horror, Mystery, Thriller","https://m.media-amazon.com/images/M/MV5BMzQ2ZTBhNmEtZDBmYi00ODU0LTgzZmQtNmMxM2M4NzM1ZjE4XkEyXkFqcGdeQXVyNjE5MjUyOTM@._V1_UX67_CR0,0,67,98_AL_.jpg",0.650897702892344
Warrior,2011,8.2,435950,"13,657,115",UA,"Action, Drama, Sport","https://m.media-amazon.com/images/M/MV5BMTk4ODk5MTMyNV5BMl5BanBnXkFtZTcwMDMyNTg0Ng@@._V1_UX67_CR0,0,67,98_AL_.jpg",0.6508089630126435
The Princess Bride,1987,8.0,393899,"30,857,814",U,"Adventure, Family, Fantasy","https://m.media-amazon.com/images/M/MV5BMGM4M2Q5N2MtNThkZS00NTc1LTk1NTItNWEyZjJjNDRmNDk5XkEyXkFqcGdeQXVyMjA0MDQ0Mjc@._V1_UX67_CR0,0,67,98_AL_.jpg",0.6488514573710541
Mission: Impossible - Fallout,2018,7.7,291257,"220,159,104",UA,"Action, Adventure, Thriller","https://m.media-amazon.com/images/M/MV5BNjRlZmM0ODktY2RjNS00ZDdjLWJhZGYtNDljNWZkMGM5MTg0XkEyXkFqcGdeQXVyNjAwMjI5MDk@._V1_UX67_CR0,0,67,98_AL_.jpg",0.6475352783365497
The Others,2001,7.6,337651,"96,522,687",PG-13,"Horror, Mystery, Thriller","https://m.media-amazon.com/images/M/MV5BMTAxMDE4Mzc3ODNeQTJeQWpwZ15BbWU4MDY2Mjg4MDcx._V1_UX67_CR0,0,67,98_AL_.jpg",0.6446919476598064
The Illusionist,2006,7.6,354728,"39,868,642",U,"Drama, Fantasy, Mystery","https://m.media-amazon.com/images/M/MV5BY2VkMzZlZDAtNTkzNS00MDIzLWFmOTctMWQwZjQ1OWJiYzQ1XkEyXkFqcGdeQXVyNTIzOTk5ODM@._V1_UY98_CR1,0,67,98_AL_.jpg",0.6419948946097362
Hotel Rwanda,2004,8.1,334320,"23,530,892",PG-13,"Biography, Drama, History","https://m.media-amazon.com/images/M/MV5BZGJjYmIzZmQtNWE4Yy00ZGVmLWJkZGEtMzUzNmQ4ZWFlMjRhXkEyXkFqcGdeQXVyMTMxODk2OTU@._V1_UX67_CR0,0,67,98_AL_.jpg",0.6377244044388364
Monty Python and the Holy Grail,1975,8.2,500875,"1,229,197",PG,"Adventure, Comedy, Fantasy","https://m.media-amazon.com/images/M/MV5BN2IyNTE4YzUtZWU0Mi00MGIwLTgyMmQtMzQ4YzQxYWNlYWE2XkEyXkFqcGdeQXVyNjU0OTQ0OTY@._V1_UX67_CR0,0,67,98_AL_.jpg",0.6338550371910929
The Wrestler,2008,7.9,289415,"26,236,603",UA,"Drama, Sport","https://m.media-amazon.com/images/M/MV5BMTc5MjYyOTg4MF5BMl5BanBnXkFtZTcwNDc2MzQwMg@@._V1_UX67_CR0,0,67,98_AL_.jpg",0.6323369741131937
Zodiac,2007,7.7,466080,"33,080,084",UA,"Crime, Drama, Mystery","https://m.media-amazon.com/images/M/MV5BN2UwNDc5NmEtNjVjZS00OTI5LWE5YjctMWM3ZjBiZGYwMGI2XkEyXkFqcGdeQXVyNzkwMjQ5NzM@._V1_UX67_CR0,0,67,98_AL_.jpg",0.6322314683735835
Lion,2016,8.0,213970,"51,739,495",U,"Biography, Drama","https://m.media-amazon.com/images/M/MV5BMjA3NjkzNjg2MF5BMl5BanBnXkFtZTgwMDkyMzgzMDI@._V1_UX67_CR0,0,67,98_AL_.jpg",0.6305044466730579
The Game,1997,7.8,345096,"48,323,648",UA,"Action, Drama, Mystery","https://m.media-amazon.com/images/M/MV5BZGVmMDNmYmEtNGQ2Mi00Y2ZhLThhZTYtYjE5YmQzMjZiZGMxXkEyXkFqcGdeQXVyNDk3NzU2MTQ@._V1_UY98_CR1,0,67,98_AL_.jpg",0.6273676668034505
Hidden Figures,2016,7.8,200876,"169,607,287",UA,"Biography, Drama, History","https://m.media-amazon.com/images/M/MV5BMzg2Mzg4YmUtNDdkNy00NWY1LWE3NmEtZWMwNGNlMzE5YzU3XkEyXkFqcGdeQXVyMjA5MTIzMjQ@._V1_UX67_CR0,0,67,98_AL_.jpg",0.6257664363910924
Seven Pounds,2008,7.6,286770,"69,951,824",UA,Drama,"https://m.media-amazon.com/images/M/MV5BMTU0NzY0MTY5OF5BMl5BanBnXkFtZTcwODY3MDEwMg@@._V1_UY98_CR3,0,67,98_AL_.jpg",0.6253958587051025
Hauru no ugoku shiro,2004,8.2,333915,"4,711,096",U,"Animation, Adventure, Family","https://m.media-amazon.com/images/M/MV5BNmM4YTFmMmItMGE3Yy00MmRkLTlmZGEtMzZlOTQzYjk3MzA2XkEyXkFqcGdeQXVyMTMxODk2OTU@._V1_UX67_CR0,0,67,98_AL_.jpg",0.6241170298287855
Dead Poets Society,1989,8.1,425457,"95,860,116",U,"Comedy, Drama","https://m.media-amazon.com/images/M/MV5BOGYwYWNjMzgtNGU4ZC00NWQ2LWEwZjUtMzE1Zjc3NjY3YTU1XkEyXkFqcGdeQXVyMTQxNzMzNDI@._V1_UX67_CR0,0,67,98_AL_.jpg",0.6239068266460258
Wo hu cang long,2000,7.8,253228,"128,078,872",UA,"Action, Adventure, Fantasy","https://m.media-amazon.com/images/M/MV5BNDdhMzMxOTctNDMyNS00NTZmLTljNWEtNTc4MDBmZTYxY2NmXkEyXkFqcGdeQXVyNjU0OTQ0OTY@._V1_UX67_CR0,0,67,98_AL_.jpg",0.6215044516578808
Manchester by the Sea,2016,7.8,246963,"47,695,120",UA,Drama,"https://m.media-amazon.com/images/M/MV5BMTYxMjk0NDg4Ml5BMl5BanBnXkFtZTgwODcyNjA5OTE@._V1_UX67_CR0,0,67,98_AL_.jpg",0.6203580941474791
Mulan,1998,7.6,256906,"120,620,254",U,"Animation, Adventure, Family","https://m.media-amazon.com/images/M/MV5BODkxNGQ1NWYtNzg0Ny00Yjg3LThmZTItMjE2YjhmZTQ0ODY5XkEyXkFqcGdeQXVyMTQxNzMzNDI@._V1_UX67_CR0,0,67,98_AL_.jpg",0.6192520033612556
The Fugitive,1993,7.8,267684,"183,875,760",U,"Action, Crime, Drama","https://m.media-amazon.com/images/M/MV5BYmFmOGZjYTItYjY1ZS00OWRiLTk0NDgtMjQ5MzBkYWE2YWE0XkEyXkFqcGdeQXVyNjU0OTQ0OTY@._V1_UX67_CR0,0,67,98_AL_.jpg",0.6178647095618641
Jojo Rabbit,2019,7.9,297918,"349,555",UA,"Comedy, Drama, War","https://m.media-amazon.com/images/M/MV5BZjU0Yzk2MzEtMjAzYy00MzY0LTg2YmItM2RkNzdkY2ZhN2JkXkEyXkFqcGdeQXVyNDg4NjY5OTQ@._V1_UX67_CR0,0,67,98_AL_.jpg",0.6169442073189526
The Sting,1973,8.3,241513,"159,600,000",U,"Comedy, Crime, Drama","https://m.media-amazon.com/images/M/MV5BNGU3NjQ4YTMtZGJjOS00YTQ3LThmNmItMTI5MDE2ODI3NzY3XkEyXkFqcGdeQXVyMjUzOTY1NTc@._V1_UX67_CR0,0,67,98_AL_.jpg",0.6167400183401835
Gattaca,1997,7.8,280845,"12,339,633",UA,"Drama, Sci-Fi, Thriller","https://m.media-amazon.com/images/M/MV5BODI3ZTc5NjktOGMyOC00NjYzLTgwZDYtYmQ4NDc1MmJjMjRlXkEyXkFqcGdeQXVyMTQxNzMzNDI@._V1_UX67_CR0,0,67,98_AL_.jpg",0.6087832121873241
Mononoke-hime,1997,8.4,343171,"2,375,308",U,"Animation, Action, Adventure","https://m.media-amazon.com/images/M/MV5BNGIzY2IzODQtNThmMi00ZDE4LWI5YzAtNzNlZTM1ZjYyYjUyXkEyXkFqcGdeQXVyODEzNjM5OTQ@._V1_UX67_CR0,0,67,98_AL_.jpg",0.6071054981226456
3 Idiots,2009,8.4,344445,"6,532,908",UA,"Comedy, Drama","https://m.media-amazon.com/images/M/MV5BNTkyOGVjMGEtNmQzZi00NzFlLTlhOWQtODYyMDc2ZGJmYzFhXkEyXkFqcGdeQXVyNjU0OTQ0OTY@._V1_UY98_CR0,0,67,98_AL_.jpg",0.6062757194966686
The Goonies,1985,7.8,244430,"61,503,218",U,"Adventure, Comedy, Family","https://m.media-amazon.com/images/M/MV5BODRlMjRkZGEtZWM2Zi00ZjYxLWE0MWUtMmM1YWM2NzZlOTE1XkEyXkFqcGdeQXVyMTQxNzMzNDI@._V1_UX67_CR0,0,67,98_AL_.jpg",0.6061907581191338
The Wizard of Oz,1939,8.0,371379,"2,076,020",U,"Adventure, Family, Fantasy","https://m.media-amazon.com/images/M/MV5BNjUyMTc4MDExMV5BMl5BanBnXkFtZTgwNDg0NDIwMjE@._V1_UX67_CR0,0,67,98_AL_.jpg",0.6050200666098557
The Little Mermaid,1989,7.6,237696,"111,543,479",U,"Animation, Family, Fantasy","https://m.media-amazon.com/images/M/MV5BN2JlZTBhYTEtZDE3OC00NTA3LTk5NTQtNjg5M2RjODllM2M0XkEyXkFqcGdeQXVyNjk1Njg5NTA@._V1_UX67_CR0,0,67,98_AL_.jpg",0.6043151042728371
Marriage Story,2019,7.9,246644,"2,000,000",U,"Comedy, Drama, Romance","https://m.media-amazon.com/images/M/MV5BZGVmY2RjNDgtMTc3Yy00YmY0LTgwODItYzBjNWJhNTRlYjdkXkEyXkFqcGdeQXVyMjM4NTM5NDY@._V1_UX67_CR0,0,67,98_AL_.jpg",0.6004671519319398
Isle of Dogs,2018,7.9,139114,"32,015,231",U,"Animation, Adventure, Comedy","https://m.media-amazon.com/images/M/MV5BZDQwOWQ2NmUtZThjZi00MGM0LTkzNDctMzcyMjcyOGI1OGRkXkEyXkFqcGdeQXVyMTA3MDk2NDg2._V1_UX67_CR0,0,67,98_AL_.jpg",0.600092450328002
Butch Cassidy and the Sundance Kid,1969,8.0,201888,"102,308,889",PG,"Biography, Crime, Drama","https://m.media-amazon.com/images/M/MV5BMTkyMTM2NDk5Nl5BMl5BanBnXkFtZTgwNzY1NzEyMDE@._V1_UX67_CR0,0,67,98_AL_.jpg",0.5995279509081503
Fantastic Mr. Fox,2009,7.9,199696,"21,002,919",PG,"Animation, Adventure, Comedy","https://m.media-amazon.com/images/M/MV5BOGUwYTU4NGEtNDM4MS00NDRjLTkwNmQtOTkwMWMyMjhmMjdlXkEyXkFqcGdeQXVyMTMxODk2OTU@._V1_UX67_CR0,0,67,98_AL_.jpg",0.598664206679761
Little Women,2019,7.8,143250,"108,101,214",U,"Drama, Romance","https://m.media-amazon.com/images/M/MV5BY2QzYTQyYzItMzAwYi00YjZlLThjNTUtNzMyMDdkYzJiNWM4XkEyXkFqcGdeQXVyMTkxNjUyNQ@@._V1_UX67_CR0,0,67,98_AL_.jpg",0.5982293730567415
Some Like It Hot,1959,8.2,243943,"25,000,000",U,"Comedy, Music, Romance","https://m.media-amazon.com/images/M/MV5BNzAyOGIxYjAtMGY2NC00ZTgyLWIwMWEtYzY0OWQ4NDFjOTc5XkEyXkFqcGdeQXVyNjU0OTQ0OTY@._V1_UX67_CR0,0,67,98_AL_.jpg",0.5977299618273141
Dog Day Afternoon,1975,8.0,235652,"50,000,000",U,"Biography, Crime, Drama","https://m.media-amazon.com/images/M/MV5BODExZmE2ZWItYTIzOC00MzI1LTgyNTktMDBhNmFhY2Y4OTQ3XkEyXkFqcGdeQXVyNjU0OTQ0OTY@._V1_UX67_CR0,0,67,98_AL_.jpg",0.5965090621837976
Philadelphia,1993,7.7,224169,"77,324,422",UA,Drama,"https://m.media-amazon.com/images/M/MV5BNDE0MWE1ZTMtOWFkMS00YjdiLTkwZTItMDljYjY3MjM0NTk5XkEyXkFqcGdeQXVyNDYyMDk5MTU@._V1_UX67_CR0,0,67,98_AL_.jpg",0.5945332708123259
Tonari no Totoro,1988,8.2,291180,"1,105,564",U,"Animation, Family, Fantasy","https://m.media-amazon.com/images/M/MV5BYzJjMTYyMjQtZDI0My00ZjE2LTkyNGYtOTllNGQxNDMyZjE0XkEyXkFqcGdeQXVyMTMxODk2OTU@._V1_UY98_CR1,0,67,98_AL_.jpg",0.5892307482595287
The Boy in the Striped Pyjamas,2008,7.8,190748,"9,030,581",PG-13,"Drama, History, War","https://m.media-amazon.com/images/M/MV5BMTMzMTc3MjA5NF5BMl5BanBnXkFtZTcwOTk3MDE5MQ@@._V1_UX67_CR0,0,67,98_AL_.jpg",0.583569333109518
Per qualche dollaro in più,1965,8.3,232772,"15,000,000",U,Western,"https://m.media-amazon.com/images/M/MV5BNWM1NmYyM2ItMTFhNy00NDU0LThlYWUtYjQyYTJmOTY0ZmM0XkEyXkFqcGdeQXVyNjU0OTQ0OTY@._V1_UX67_CR0,0,67,98_AL_.jpg",0.5832375336807668
Scent of a Woman,1992,8.0,263918,"63,895,607",UA,Drama,"https://m.media-amazon.com/images/M/MV5BZTM3ZjA3NTctZThkYy00ODYyLTk2ZjItZmE0MmZlMTk3YjQwXkEyXkFqcGdeQXVyNTA4NzY1MzY@._V1_UX67_CR0,0,67,98_AL_.jpg",0.5784085526445862
Once Upon a Time in the West,1968,8.5,302844,"5,321,508",U,Western,"https://m.media-amazon.com/images/M/MV5BZGI5MjBmYzYtMzJhZi00NGI1LTk3MzItYjBjMzcxM2U3MDdiXkEyXkFqcGdeQXVyNzkwMjQ5NzM@._V1_UX67_CR0,0,67,98_AL_.jpg",0.5762103449032888
The Blues Brothers,1980,7.9,183182,"57,229,890",U,"Action, Adventure, Comedy","https://m.media-amazon.com/images/M/MV5BYTdlMDExOGUtN2I3MS00MjY5LWE1NTAtYzc3MzIxN2M3OWY1XkEyXkFqcGdeQXVyNzkwMjQ5NzM@._V1_UX67_CR0,0,67,98_AL_.jpg",0.56861584105571
The Naked Gun: From the Files of Police Squad!,1988,7.6,152871,"78,756,177",U,"Comedy, Crime","https://m.media-amazon.com/images/M/MV5BODk1ZWM4ZjItMjFhZi00MDMxLTgxNmYtODFhNWZlZTkwM2UwXkEyXkFqcGdeQXVyMTQxNzMzNDI@._V1_UX67_CR0,0,67,98_AL_.jpg",0.5643600512303137
Lola rennt,1998,7.6,188317,"7,267,585",UA,"Crime, Drama, Thriller","https://m.media-amazon.com/images/M/MV5BMmU5ZjFmYjQtYmNjZC00Yjk4LWI1ZTQtZDJiMjM0YjQyNDU0L2ltYWdlL2ltYWdlXkEyXkFqcGdeQXVyMTQxNzMzNDI@._V1_UX67_CR0,0,67,98_AL_.jpg",0.5580801829657697
In the Name of the Father,1993,8.1,156842,"25,010,410",UA,"Biography, Crime, Drama","https://m.media-amazon.com/images/M/MV5BMmYyOTgwYWItYmU3Ny00M2E2LTk0NWMtMDVlNmQ0MWZiMTMxXkEyXkFqcGdeQXVyNzkwMjQ5NzM@._V1_UX67_CR0,0,67,98_AL_.jpg",0.557480062113341
Ben-Hur,1959,8.1,219466,"74,700,000",U,"Adventure, Drama, History","https://m.media-amazon.com/images/M/MV5BNjgxY2JiZDYtZmMwOC00ZmJjLWJmODUtMTNmNWNmYWI5ODkwL2ltYWdlL2ltYWdlXkEyXkFqcGdeQXVyNjc1NTYyMjg@._V1_UX67_CR0,0,67,98_AL_.jpg",0.5566160751962509
Gifted,2017,7.6,99643,"24,801,212",PG-13,Drama,"https://m.media-amazon.com/images/M/MV5BMjQ2NDU3NDE0M15BMl5BanBnXkFtZTgwMjA3OTg0MDI@._V1_UX67_CR0,0,67,98_AL_.jpg",0.5562770434068074
Me and Earl and the Dying Girl,2015,7.7,123210,"6,743,776",PG-13,"Comedy, Drama","https://m.media-amazon.com/images/M/MV5BNTA1NzUzNjY4MV5BMl5BanBnXkFtZTgwNDU0MDI0NTE@._V1_UX67_CR0,0,67,98_AL_.jpg",0.555326996445868
Sleepers,1996,7.6,186734,"49,100,000",UA,"Crime, Drama, Thriller","https://m.media-amazon.com/images/M/MV5BMzk1MmI4NzAtOGRiNS00YjY1LTllNmEtZDhiZDM4MjU2NTMxXkEyXkFqcGdeQXVyNjc3MjQzNTI@._V1_UY98_CR1,0,67,98_AL_.jpg",0.5544748908586147
Hunt for the Wilderpeople,2016,7.9,111483,"5,202,582",UA,"Adventure, Comedy, Drama","https://m.media-amazon.com/images/M/MV5BMjI1MDQ2MDg5Ml5BMl5BanBnXkFtZTgwMjc2NjM5ODE@._V1_UX67_CR0,0,67,98_AL_.jpg",0.5537042033613506
Dazed and Confused,1993,7.6,165465,"7,993,039",U,Comedy,"https://m.media-amazon.com/images/M/MV5BMTM5MDY5MDQyOV5BMl5BanBnXkFtZTgwMzM3NzMxMDE@._V1_UX67_CR0,0,67,98_AL_.jpg",0.5521185238138456
Kung fu,2004,7.7,127250,"17,108,591",UA,"Action, Comedy, Fantasy","https://m.media-amazon.com/images/M/MV5BMjZiOTNlMzYtZWYwZS00YWJjLTk5NDgtODkwNjRhMDI0MjhjXkEyXkFqcGdeQXVyMjgyNjk3MzE@._V1_UY98_CR1,0,67,98_AL_.jpg",0.5497664185414112
Nebraska,2013,7.7,112298,"17,654,912",UA,"Adventure, Comedy, Drama","https://m.media-amazon.com/images/M/MV5BOGQzODdlMDktNzU4ZC00N2M3LWFkYTAtYTM1NTE0ZWI5YTg4XkEyXkFqcGdeQXVyMTA1NTM1NDI2._V1_UX67_CR0,0,67,98_AL_.jpg",0.5492044218853103
The Count of Monte Cristo,2002,7.8,129022,"54,234,062",PG-13,"Action, Adventure, Drama","https://m.media-amazon.com/images/M/MV5BMDM0ZWRjZDgtZWI0MS00ZTIzLTg4MWYtZjU5MDEyMDU0ODBjXkEyXkFqcGdeQXVyMTQxNzMzNDI@._V1_UX67_CR0,0,67,98_AL_.jpg",0.5486369244563729
Philomena,2013,7.6,94212,"37,707,719",PG-13,"Biography, Comedy, Drama","https://m.media-amazon.com/images/M/MV5BMjA5ODgyNzcxMV5BMl5BanBnXkFtZTgwMzkzOTYzMDE@._V1_UX67_CR0,0,67,98_AL_.jpg",0.5442937011068294
Modern Times,1936,8.5,217881,"163,245",G,"Comedy, Drama, Family","https://m.media-amazon.com/images/M/MV5BYjJiZjMzYzktNjU0NS00OTkxLWEwYzItYzdhYWJjN2QzMTRlL2ltYWdlL2ltYWdlXkEyXkFqcGdeQXVyNjU0OTQ0OTY@._V1_UX67_CR0,0,67,98_AL_.jpg",0.5437097302927315
Ed Wood,1994,7.8,164937,"5,887,457",U,"Biography, Comedy, Drama","https://m.media-amazon.com/images/M/MV5BNTA5ZjdjNWUtZGUwNy00N2RhLWJiZmItYzFhYjU1NmYxNjY4XkEyXkFqcGdeQXVyMTQxNzMzNDI@._V1_UX67_CR0,0,67,98_AL_.jpg",0.5421972201609322
Star Trek II: The Wrath of Khan,1982,7.7,112704,"78,912,963",U,"Action, Adventure, Sci-Fi","https://m.media-amazon.com/images/M/MV5BMzcyYWE5YmQtNDE1Yi00ZjlmLWFlZTAtMzRjODBiYjM3OTA3XkEyXkFqcGdeQXVyMTQxNzMzNDI@._V1_UX67_CR0,0,67,98_AL_.jpg",0.5408566073686374
Fa yeung nin wah,2000,8.1,124383,"2,734,044",U,"Drama, Romance","https://m.media-amazon.com/images/M/MV5BYjZjODRlMjQtMjJlYy00ZDBjLTkyYTQtZGQxZTk5NzJhYmNmXkEyXkFqcGdeQXVyMTQxNzMzNDI@._V1_UY98_CR1,0,67,98_AL_.jpg",0.5358189691485735
It's a Wonderful Life,1946,8.6,405801,,PG,"Drama, Family, Fantasy","https://m.media-amazon.com/images/M/MV5BZjc4NDZhZWMtNGEzYS00ZWU2LThlM2ItNTA0YzQ0OTExMTE2XkEyXkFqcGdeQXVyNjUwMzI2NzU@._V1_UY98_CR0,0,67,98_AL_.jpg",0.5337911821942866
Le scaphandre et le papillon,2007,8.0,103284,"5,990,075",PG-13,"Biography, Drama","https://m.media-amazon.com/images/M/MV5BMTc3MjkzMDkxN15BMl5BanBnXkFtZTcwODAyMTU1MQ@@._V1_UX67_CR0,0,67,98_AL_.jpg",0.5303121836280553
Witness for the Prosecution,1957,8.4,108862,"8,175,000",U,"Crime, Drama, Mystery","https://m.media-amazon.com/images/M/MV5BNDQwODU5OWYtNDcyNi00MDQ1LThiOGMtZDkwNWJiM2Y3MDg0XkEyXkFqcGdeQXVyMDI2NDg0NQ@@._V1_UX67_CR0,0,67,98_AL_.jpg",0.5269404783461789
Akira,1988,8.0,164918,"553,171",UA,"Animation, Action, Sci-Fi","https://m.media-amazon.com/images/M/MV5BM2ZiZTk1ODgtMTZkNS00NTYxLWIxZTUtNWExZGYwZTRjODViXkEyXkFqcGdeQXVyMTE2MzA3MDM@._V1_UX67_CR0,0,67,98_AL_.jpg",0.5214437422023637
Kaze no tani no Naushika,1984,8.1,150924,"495,770",U,"Animation, Adventure, Fantasy","https://m.media-amazon.com/images/M/MV5BZWFkN2ZhODAtYTNkZS00Y2NjLWIzNDYtNzJjNDNlMzAyNTIyXkEyXkFqcGdeQXVyODEzNjM5OTQ@._V1_UY98_CR1,0,67,98_AL_.jpg",0.5192511659587814
All the President's Men,1976,7.9,103031,"70,600,000",U,"Biography, Drama, History","https://m.media-amazon.com/images/M/MV5BOWI2YWQxM2MtY2U4Yi00YjgzLTgwNzktN2ExNTgzNTIzMmUzXkEyXkFqcGdeQXVyMTAwMzUyOTc@._V1_UX67_CR0,0,67,98_AL_.jpg",0.517524317699207
Kari-gurashi no Arietti,2010,7.6,80939,"19,202,743",U,"Animation, Adventure, Family","https://m.media-amazon.com/images/M/MV5BZDY3ZGI0ZDAtMThlNy00MzAxLTg4YjAtNjkwYTkxNmQ4MjdlXkEyXkFqcGdeQXVyMTMxODk2OTU@._V1_UX67_CR0,0,67,98_AL_.jpg",0.5175114757533483
Barton Fink,1991,7.7,113240,"6,153,939",U,"Comedy, Drama, Thriller","https://m.media-amazon.com/images/M/MV5BMTgxMDMxMTctNDY0Zi00ZmNlLWFlYmQtODA2YjY4MDk4MjU1XkEyXkFqcGdeQXVyNTc1NTQxODI@._V1_UX67_CR0,0,67,98_AL_.jpg",0.5146872729513529
The Sandlot,1993,7.8,78963,"32,416,586",U,"Comedy, Drama, Family","https://m.media-amazon.com/images/M/MV5BODllYjM1ODItYjBmOC00MzkwLWJmM2YtMjMyZDU3MGJhNjc4L2ltYWdlL2ltYWdlXkEyXkFqcGdeQXVyMTQxNzMzNDI@._V1_UX67_CR0,0,67,98_AL_.jpg",0.5120047743001439
Fantasia,1940,7.7,88662,"76,408,097",G,"Animation, Family, Fantasy","https://m.media-amazon.com/images/M/MV5BMjAxMTI1Njk3OF5BMl5BanBnXkFtZTgwNjkzODk4NTE@._V1_UX67_CR0,0,67,98_AL_.jpg",0.505480508344797
Deliverance,1972,7.7,98740,"7,056,013",U,"Adventure, Drama, Thriller","https://m.media-amazon.com/images/M/MV5BZjBhYzU3NWItOWZjMy00NjI5LWFmYmItZmIyOWFlMDIxMWNiXkEyXkFqcGdeQXVyMTQxNzMzNDI@._V1_UX67_CR0,0,67,98_AL_.jpg",0.5020684511781636
Andhadhun,2018,8.3,71875,"1,373,943",UA,"Crime, Drama, Music","https://m.media-amazon.com/images/M/MV5BZWZhMjhhZmYtOTIzOC00MGYzLWI1OGYtM2ZkN2IxNTI4ZWI3XkEyXkFqcGdeQXVyNDAzNDk0MTQ@._V1_UY98_CR0,0,67,98_AL_.jpg",0.49884133703765665
The Conversation,1974,7.8,98611,"4,420,000",U,"Drama, Mystery, Thriller","https://m.media-amazon.com/images/M/MV5BNzZlMThlYzktMDlmZC00YTI1LThlNzktZWU0MTY4ODc2ZWY4XkEyXkFqcGdeQXVyNTA1NjYyMDk@._V1_UX67_CR0,0,67,98_AL_.jpg",0.4984953474112668
Dancer in the Dark,2000,8.0,102285,"4,184,036",U,"Crime, Drama, Musical","https://m.media-amazon.com/images/M/MV5BNDVkYWMxNWEtNjc2MC00OGI5LWI3NmUtYWUwNDQyOTc3YmY5XkEyXkFqcGdeQXVyMTQxNzMzNDI@._V1_UX67_CR0,0,67,98_AL_.jpg",0.497329284676448
Touch of Evil,1958,8.0,98431,"2,237,659",PG-13,"Crime, Drama, Film-Noir","https://m.media-amazon.com/images/M/MV5BOTA1MjA3M2EtMmJjZS00OWViLTkwMTEtM2E5ZDk0NTAyNGJiXkEyXkFqcGdeQXVyNzkwMjQ5NzM@._V1_UX67_CR0,0,67,98_AL_.jpg",0.4967115423244495
Kaze tachinu,2013,7.8,73690,"5,209,580",PG-13,"Animation, Biography, Drama","https://m.media-amazon.com/images/M/MV5BMTU4NDg0MzkzNV5BMl5BanBnXkFtZTgwODA3Mzc1MDE@._V1_UX67_CR0,0,67,98_AL_.jpg",0.49579257543505983
Flipped,2010,7.7,81446,"1,752,214",PG,"Comedy, Drama, Romance","https://m.media-amazon.com/images/M/MV5BMTU2NjQ1Nzc4MF5BMl5BanBnXkFtZTcwNTM0NDk1Mw@@._V1_UX67_CR0,0,67,98_AL_.jpg",0.49312856482064454
Loving Vincent,2017,7.8,50778,"6,735,118",UA,"Animation, Biography, Crime","https://m.media-amazon.com/images/M/MV5BMTU3NjE2NjgwN15BMl5BanBnXkFtZTgwNDYzMzEwMzI@._V1_UX67_CR0,0,67,98_AL_.jpg",0.4907965054634109
The King of Comedy,1982,7.8,88511,"2,500,000",U,"Comedy, Crime, Drama","https://m.media-amazon.com/images/M/MV5BMTViNjlkYjgtMmE3Zi00ZGVkLTkyMjMtNzc3YzAwNzNiODQ1XkEyXkFqcGdeQXVyMjA0MzYwMDY@._V1_UX67_CR0,0,67,98_AL_.jpg",0.4869914915148774
Patton,1970,7.9,93741,"61,700,000",U,"Biography, Drama, War","https://m.media-amazon.com/images/M/MV5BMmNhZmJhMmYtNjlkMC00MjhjLTk1NzMtMTNlMzYzNjZlMjNiXkEyXkFqcGdeQXVyMTQxNzMzNDI@._V1_UX67_CR0,0,67,98_AL_.jpg",0.48508932839579033
La Vie En Rose,2007,7.6,82781,"10,301,706",PG-13,"Biography, Drama, Music","https://m.media-amazon.com/images/M/MV5BOTBmZDZkNWYtODIzYi00N2Y4LWFjMmMtNmM1OGYyNGVhYzUzXkEyXkFqcGdeQXVyNTAyODkwOQ@@._V1_UX67_CR0,0,67,98_AL_.jpg",0.48474969911613347
Bajrangi Bhaijaan,2015,8.0,72245,"8,178,001",UA,"Action, Adventure, Comedy","https://m.media-amazon.com/images/M/MV5BMjE1NjQ5ODc2NV5BMl5BanBnXkFtZTgwOTM5ODIxNjE@._V1_UY98_CR0,0,67,98_AL_.jpg",0.4823155731940055
Charade,1963,7.9,68689,"13,474,588",U,"Comedy, Mystery, Romance","https://m.media-amazon.com/images/M/MV5BMTA0Y2UyMDUtZGZiOS00ZmVkLTg3NmItODQyNTY1ZjU1MWE4L2ltYWdlL2ltYWdlXkEyXkFqcGdeQXVyNjc1NTYyMjg@._V1_UX67_CR0,0,67,98_AL_.jpg",0.4815842740819104
Being There,1979,8.0,65625,"30,177,511",PG,"Comedy, Drama","https://m.media-amazon.com/images/M/MV5BNjAzNzJjYzQtMGFmNS00ZjAzLTkwMjgtMWIzYzFkMzM4Njg3XkEyXkFqcGdeQXVyMTY5Nzc4MDY@._V1_UX67_CR0,0,67,98_AL_.jpg",0.4810996503818809
The Elephant Man,1980,8.1,220078,,UA,"Biography, Drama","https://m.media-amazon.com/images/M/MV5BMDVjNjIwOGItNDE3Ny00OThjLWE0NzQtZTU3YjMzZTZjMzhkXkEyXkFqcGdeQXVyMTQxNzMzNDI@._V1_UX67_CR0,0,67,98_AL_.jpg",0.4784952945306477
Crimes and Misdemeanors,1989,7.9,54670,"18,254,702",PG-13,"Comedy, Drama","https://m.media-amazon.com/images/M/MV5BYWY3N2EyOWYtNDVhZi00MWRkLTg2OTUtODNkNDQ5ZTIwMGJkXkEyXkFqcGdeQXVyMTMxODk2OTU@._V1_UX67_CR0,0,67,98_AL_.jpg",0.47574256373508444
Bacheha-Ye aseman,1997,8.3,65341,"933,933",PG,"Drama, Family, Sport","https://m.media-amazon.com/images/M/MV5BZTYwZWQ4ZTQtZWU0MS00N2YwLWEzMDItZWFkZWY0MWVjODVhXkEyXkFqcGdeQXVyNjU0OTQ0OTY@._V1_UX67_CR0,0,67,98_AL_.jpg",0.4716732518030381
"Paris, Texas",1984,8.1,91188,"2,181,987",U,Drama,"https://m.media-amazon.com/images/M/MV5BM2RjMmU3ZWItYzBlMy00ZmJkLWE5YzgtNTVkODdhOWM3NGZhXkEyXkFqcGdeQXVyNDA5Mjg5MjA@._V1_UX67_CR0,0,67,98_AL_.jpg",0.4711206987868027
Malcolm X,1992,7.7,85819,"48,169,908",U,"Biography, Drama, History","https://m.media-amazon.com/images/M/MV5BZDkzOTFmMTUtMmI2OS00MDE4LTg5YTUtODMwNDMzNmI5OGYwL2ltYWdlXkEyXkFqcGdeQXVyMTQxNzMzNDI@._V1_UY98_CR3,0,67,98_AL_.jpg",0.47059065195329614
Un long dimanche de fiançailles,2004,7.6,70925,"6,167,817",U,"Drama, Mystery, Romance","https://m.media-amazon.com/images/M/MV5BZWI4ZTgwMzktNjk3Yy00OTlhLTg3YTAtMTA1MWVlMWJiOTRiXkEyXkFqcGdeQXVyMTAwMzUyOTc@._V1_UX67_CR0,0,67,98_AL_.jpg",0.46870354161612204
Song of the Sea,2014,8.1,51679,"857,524",PG,"Animation, Adventure, Drama","https://m.media-amazon.com/images/M/MV5BMTQ2MDMwNjEwNV5BMl5BanBnXkFtZTgwOTkxMzI0MzE@._V1_UY98_CR0,0,67,98_AL_.jpg",0.46862224745698045
Uri: The Surgical Strike,2018,8.2,43444,"4,186,168",UA,"Action, Drama, War","https://m.media-amazon.com/images/M/MV5BMWU4ZjNlNTQtOGE2MS00NDI0LWFlYjMtMmY3ZWVkMjJkNGRmXkEyXkFqcGdeQXVyNjE1OTQ0NjA@._V1_UY98_CR0,0,67,98_AL_.jpg",0.4670691709685828
Forushande,2016,7.8,51240,"2,402,067",UA,Drama,"https://m.media-amazon.com/images/M/MV5BMTBkMjMyN2UtNzVjNi00Y2ZiLTk2MDYtN2Y0MjgzYjAxNzE4XkEyXkFqcGdeQXVyNjkxOTM4ODY@._V1_UY98_CR1,0,67,98_AL_.jpg",0.4667656104529664
Queen,2013,8.2,60701,"1,429,534",UA,"Adventure, Comedy, Drama","https://m.media-amazon.com/images/M/MV5BNWYyOWRlOWItZWM5MS00ZjJkLWI0MTUtYTE3NTI5MDAwYjgyXkEyXkFqcGdeQXVyODE5NzE3OTE@._V1_UY98_CR0,0,67,98_AL_.jpg",0.46035823256832276
Der Himmel über Berlin,1987,8.0,64722,"3,333,969",U,"Drama, Fantasy, Romance","https://m.media-amazon.com/images/M/MV5BMzMxZjUzOGQtOTFlOS00MzliLWJhNTUtOTgyNzYzMWQ2YzhmXkEyXkFqcGdeQXVyNjQ2MjQ5NzM@._V1_UY98_CR0,0,67,98_AL_.jpg",0.4597381676047909
"I, Daniel Blake",2016,7.9,53818,"258,168",UA,Drama,"https://m.media-amazon.com/images/M/MV5BMTQ4NTMzMTk4NV5BMl5BanBnXkFtZTgwNTU5MjE4MDI@._V1_UX67_CR0,0,67,98_AL_.jpg",0.45952579676680855
Drishyam,2015,8.2,70367,"739,478",UA,"Crime, Drama, Mystery","https://m.media-amazon.com/images/M/MV5BYmJhZmJlYTItZmZlNy00MGY0LTg0ZGMtNWFkYWU5NTA1YTNhXkEyXkFqcGdeQXVyODE5NzE3OTE@._V1_UY98_CR0,0,67,98_AL_.jpg",0.4593822497371701
Das weiße Band - Eine deutsche Kindergeschichte,2009,7.8,68715,"2,222,647",UA,"Drama, History, Mystery","https://m.media-amazon.com/images/M/MV5BMTQ2OTYyNzUxOF5BMl5BanBnXkFtZTcwMzUwMDY4Mg@@._V1_UX67_CR0,0,67,98_AL_.jpg",0.45765033002326777
Stalker,1979,8.2,116945,"234,723",U,"Drama, Sci-Fi","https://m.media-amazon.com/images/M/MV5BMDgwODNmMGItMDcwYi00OWZjLTgyZjAtMGYwMmI4N2Q0NmJmXkEyXkFqcGdeQXVyNzY1MTU0Njk@._V1_UY98_CR1,0,67,98_AL_.jpg",0.4570841190507031
Ordinary People,1980,7.7,47099,"54,800,000",U,Drama,"https://m.media-amazon.com/images/M/MV5BNWU3MDFkYWQtMWQ5YS00YTcwLThmNDItODY4OWE2ZTdhZmIwXkEyXkFqcGdeQXVyMjUzOTY1NTc@._V1_UX67_CR0,0,67,98_AL_.jpg",0.45622750847041543
OMG: Oh My God!,2012,8.1,51739,"923,221",U,"Comedy, Drama, Fantasy","https://m.media-amazon.com/images/M/MV5BMGNhYjUwNmYtNDQxNi00NDdmLTljMDAtZWM1NDQyZTk3ZDYwXkEyXkFqcGdeQXVyODE5NzE3OTE@._V1_UY98_CR0,0,67,98_AL_.jpg",0.4546282743296589
The Visitor,2007,7.6,41544,"9,422,422",PG-13,Drama,"https://m.media-amazon.com/images/M/MV5BMTIzNTg3NzkzNV5BMl5BanBnXkFtZTcwNzMwMjU2MQ@@._V1_UX67_CR0,0,67,98_AL_.jpg",0.44986056203562413
Tenkû no shiro Rapyuta,1986,8.0,150140,,U,"Animation, Adventure, Drama","https://m.media-amazon.com/images/M/MV5BNTg0NmI1ZGQtZTUxNC00NTgxLThjMDUtZmRlYmEzM2MwOWYwXkEyXkFqcGdeQXVyMzM4MjM0Nzg@._V1_UY98_CR1,0,67,98_AL_.jpg",0.44475299070958113
The Adventures of Robin Hood,1938,7.9,47175,"3,981,000",PG,"Action, Adventure, Romance","https://m.media-amazon.com/images/M/MV5BYjZjOTU3MTMtYTM5YS00YjZmLThmNmMtODcwOTM1NmRiMWM2XkEyXkFqcGdeQXVyNjc1NTYyMjg@._V1_UX67_CR0,0,67,98_AL_.jpg",0.43694472773084886
The Muppet Movie,1979,7.6,32802,"76,657,000",U,"Adventure, Comedy, Family","https://m.media-amazon.com/images/M/MV5BMGQ0OGM5YjItYzYyMi00NmVmLWI3ODMtMTY2NGRkZmI5MWU2XkEyXkFqcGdeQXVyMzI0NDc4ODY@._V1_UX67_CR0,0,67,98_AL_.jpg",0.43644985143356546
Le passé,2013,7.8,45002,"1,330,596",PG-13,"Drama, Mystery","https://m.media-amazon.com/images/M/MV5BMTcxNTgzNDg1N15BMl5BanBnXkFtZTgwNjg4MzI1MDE@._V1_UX67_CR0,0,67,98_AL_.jpg",0.43612936113988965
Pink,2016,8.1,39216,"1,241,223",UA,"Drama, Thriller","https://m.media-amazon.com/images/M/MV5BNGI1MTI1YTQtY2QwYi00YzUzLTg3NWYtNzExZDlhOTZmZWU0XkEyXkFqcGdeQXVyMDkwNTkwNg@@._V1_UY98_CR3,0,67,98_AL_.jpg",0.43603359650671725
Batman: Mask of the Phantasm,1993,7.8,43690,"5,617,391",PG,"Animation, Action, Crime","https://m.media-amazon.com/images/M/MV5BYTRiMWM3MGItNjAxZC00M2E3LThhODgtM2QwOGNmZGU4OWZhXkEyXkFqcGdeQXVyNjExODE1MDc@._V1_UX67_CR0,0,67,98_AL_.jpg",0.43264767444555097
The Odd Couple,1968,7.7,31572,"44,527,234",G,Comedy,"https://m.media-amazon.com/images/M/MV5BZDVhNzQxZDEtMzcyZC00ZDg1LWFkZDctOWYxZTY0ZmYzYjc2XkEyXkFqcGdeQXVyMjA0MDQ0Mjc@._V1_UX67_CR0,0,67,98_AL_.jpg",0.4276981558926758
The Right Stuff,1983,7.8,56235,"21,500,000",PG,"Adventure, Biography, Drama","https://m.media-amazon.com/images/M/MV5BOTUwMDA3MTYtZjhjMi00ODFmLTg5ZTAtYzgwN2NlODgzMmUwXkEyXkFqcGdeQXVyNjc1NTYyMjg@._V1_UX67_CR0,0,67,98_AL_.jpg",0.4264770257037007
Kaguyahime no monogatari,2013,8.0,38746,"1,506,975",U,"Animation, Adventure, Drama","https://m.media-amazon.com/images/M/MV5BNThmMWMyMWMtOWRiNy00MGY0LTg1OTUtNjYzODg2MjdlZGU5XkEyXkFqcGdeQXVyMTMxODk2OTU@._V1_UY98_CR1,0,67,98_AL_.jpg",0.42498719332887575
A Little Princess,1995,7.7,32236,"10,019,307",U,"Drama, Family, Fantasy","https://m.media-amazon.com/images/M/MV5BZDQzMGE5ODYtZDdiNC00MzZjLTg2NjAtZTk0ODlkYmY4MTQzXkEyXkFqcGdeQXVyMTQxNzMzNDI@._V1_UX67_CR0,0,67,98_AL_.jpg",0.4220952883469584
All Quiet on the Western Front,1930,8.0,57318,"3,270,000",U,"Drama, War","https://m.media-amazon.com/images/M/MV5BMzg2MWQ4MDEtOGZlNi00MTg0LWIwMjQtYWY5NTQwYmUzMWNmXkEyXkFqcGdeQXVyMzg2MzE2OTE@._V1_UX67_CR0,0,67,98_AL_.jpg",0.42003742009388023
Le dîner de cons,1998,7.7,37424,"4,065,116",PG-13,Comedy,"https://m.media-amazon.com/images/M/MV5BZjFkOWM5NDUtODYwOS00ZDg0LWFkZGUtYzBkYzNjZjU3ODE3XkEyXkFqcGdeQXVyNzQzNzQxNzI@._V1_UX67_CR0,0,67,98_AL_.jpg",0.41906208583435967
Sleuth,1972,8.0,44748,"4,081,254",PG,"Mystery, Thriller","https://m.media-amazon.com/images/M/MV5BM2EzZmFmMmItODY3Zi00NjdjLWE0MTYtZWQ3MGIyM2M4YjZhXkEyXkFqcGdeQXVyMzg2MzE2OTE@._V1_UX67_CR0,0,67,98_AL_.jpg",0.41827494425046274
Omoide no Mânî,2014,7.7,32798,"765,127",U,"Animation, Drama, Family","https://m.media-amazon.com/images/M/MV5BZTlmYTJmMWEtNDRhNy00ODc1LTg2OTMtMjk2ODJhNTA4YTE1XkEyXkFqcGdeQXVyMTMxODk2OTU@._V1_UY98_CR0,0,67,98_AL_.jpg",0.4182078062394104
Jab We Met,2007,7.9,47720,"410,800",U,"Comedy, Drama, Romance","https://m.media-amazon.com/images/M/MV5BYmIzYmY4MGItM2I4YS00OWZhLWFmMzQtYzI2MWY1MmM3NGU1XkEyXkFqcGdeQXVyNjQ2MjQ5NzM@._V1_UY98_CR0,0,67,98_AL_.jpg",0.41363837381457946
Barry Lyndon,1975,8.1,149843,,PG,"Adventure, Drama, History","https://m.media-amazon.com/images/M/MV5BNmY0MWY2NDctZDdmMi00MjA1LTk0ZTQtZDMyZTQ1NTNlYzVjXkEyXkFqcGdeQXVyMjUzOTY1NTc@._V1_UX67_CR0,0,67,98_AL_.jpg",0.4081916848725671
Soorarai Pottru,2020,8.6,54995,,U,Drama,"https://m.media-amazon.com/images/M/MV5BOTc2ZTlmYmItMDBhYS00YmMzLWI4ZjAtMTI5YTBjOTFiMGEwXkEyXkFqcGdeQXVyODE5NzE3OTE@._V1_UY98_CR0,0,67,98_AL_.jpg",0.40758108182963726
Vicky Donor,2012,7.8,39710,"169,209",UA,"Comedy, Romance","https://m.media-amazon.com/images/M/MV5BYWNlODE1ZTEtOTQ5MS00N2QwLTllNjItZDQ2Y2UzMmU5YmI2XkEyXkFqcGdeQXVyODE5NzE3OTE@._V1_UY98_CR3,0,67,98_AL_.jpg",0.40386785020199745
La leggenda del pianista sull'oceano,1998,8.1,59020,"259,127",U,"Drama, Music, Romance","https://m.media-amazon.com/images/M/MV5BMzIwOTdmNjQtOWQ1ZS00ZWQ4LWIxYTMtOWFkM2NjODJiMGY4L2ltYWdlL2ltYWdlXkEyXkFqcGdeQXVyNTI4MjkwNjA@._V1_UX67_CR0,0,67,98_AL_.jpg",0.4031578207250846
The Lion in Winter,1968,7.9,29003,"22,276,975",PG,"Biography, Drama, History","https://m.media-amazon.com/images/M/MV5BMTkzNzYyMzA5N15BMl5BanBnXkFtZTgwODcwODQ3MDI@._V1_UX67_CR0,0,67,98_AL_.jpg",0.40061006511845104
Zerkalo,1975,8.1,40081,"177,345",G,"Biography, Drama","https://m.media-amazon.com/images/M/MV5BMTg1MDg3OTk3M15BMl5BanBnXkFtZTgwMDEzMzE5MTE@._V1_UY98_CR0,0,67,98_AL_.jpg",0.3991518674824326
Rockstar,2011,7.7,39501,"985,912",UA,"Drama, Music, Musical","https://m.media-amazon.com/images/M/MV5BOTc3NzAxMjg4M15BMl5BanBnXkFtZTcwMDc2ODQwNw@@._V1_UY98_CR3,0,67,98_AL_.jpg",0.3921917813519367
Le charme discret de la bourgeoisie,1972,7.9,38737,"198,809",PG,Comedy,"https://m.media-amazon.com/images/M/MV5BYzQ5NjJiYWQtYjAzMC00NGU0LWFlMDYtNGFiYjFlMWI1NWM0XkEyXkFqcGdeQXVyODQ0OTczOQ@@._V1_UY98_CR4,0,67,98_AL_.jpg",0.39180335061628163
Airlift,2016,8.0,52897,,UA,"Drama, History","https://m.media-amazon.com/images/M/MV5BMGE1ZTkyOTMtMTdiZS00YzI2LTlmYWQtOTE5YWY0NWVlNjlmXkEyXkFqcGdeQXVyNjQ3ODkxMjE@._V1_UY98_CR0,0,67,98_AL_.jpg",0.38689421230459925
Toki o kakeru shôjo,2006,7.7,60368,,U,"Animation, Adventure, Comedy","https://m.media-amazon.com/images/M/MV5BMzA4ZGM1NjYtMjcxYS00MTdiLWJmNzEtMTUzODY0NDQ0YzUzXkEyXkFqcGdeQXVyMzYwMjQ3OTI@._V1_UY98_CR1,0,67,98_AL_.jpg",0.3842117404309593
Tôkyô goddofâzâzu,2003,7.8,31658,"128,985",UA,"Animation, Adventure, Comedy","https://m.media-amazon.com/images/M/MV5BNWY2ODRkZDYtMjllYi00Y2EyLWFhYjktMTQ5OGNkY2ViYmY2XkEyXkFqcGdeQXVyNjUxMDQ0MTg@._V1_UY98_CR1,0,67,98_AL_.jpg",0.37930128313267353
Badlands,1973,7.8,66009,,PG,"Action, Crime, Drama","https://m.media-amazon.com/images/M/MV5BMDcxNjhiOTEtMzQ0YS00OTBhLTkxM2QtN2UyZDMzNzIzNWFlXkEyXkFqcGdeQXVyMTQxNzMzNDI@._V1_UY98_CR1,0,67,98_AL_.jpg",0.3769516407938585
Udaan,2010,8.2,42341,"7,461",UA,Drama,"https://m.media-amazon.com/images/M/MV5BNzgxMzExMzUwNV5BMl5BanBnXkFtZTcwMDc2MjUwNA@@._V1_UY98_CR0,0,67,98_AL_.jpg",0.37598817438543297
Hamlet,1996,7.7,35991,"4,414,535",PG-13,Drama,"https://m.media-amazon.com/images/M/MV5BM2U5OWM5NWQtZDYwZS00NmI3LTk4NDktNzcwZjYzNmEzYWU1XkEyXkFqcGdeQXVyNjMwMjk0MTQ@._V1_UY98_CR0,0,67,98_AL_.jpg",0.3729667562499377
The Manchurian Candidate,1962,7.9,71122,,PG-13,"Drama, Thriller","https://m.media-amazon.com/images/M/MV5BOTY0ZTA1ZjUtN2MyNi00ZGRmLWExYmMtOTkyNzI1NGQ2Y2RlXkEyXkFqcGdeQXVyNjc1NTYyMjg@._V1_UX67_CR0,0,67,98_AL_.jpg",0.37279064030553766
Il conformista,1970,8.0,27067,"541,940",UA,Drama,"https://m.media-amazon.com/images/M/MV5BODFlYzU4YTItN2EwYi00ODI3LTkwNTQtMDdkNjM3YjMyMTgyXkEyXkFqcGdeQXVyNjc1NTYyMjg@._V1_UY98_CR0,0,67,98_AL_.jpg",0.37236842168783685
Shadow of a Doubt,1943,7.8,59556,,PG,"Film-Noir, Thriller","https://m.media-amazon.com/images/M/MV5BM2I1YWM4NTYtYjA0Ny00ZDEwLTg3NTgtNzBjMzZhZTk1YTA1XkEyXkFqcGdeQXVyMTY5Nzc4MDY@._V1_UX67_CR0,0,67,98_AL_.jpg",0.3633964497787326
Ôkami kodomo no Ame to Yuki,2012,8.1,38803,,U,"Animation, Drama, Fantasy","https://m.media-amazon.com/images/M/MV5BYzQxNDZhNDUtNDUwOC00NjQyLTg2OWUtZWVlYThjYjYyMTc2XkEyXkFqcGdeQXVyNTAyODkwOQ@@._V1_UY98_CR1,0,67,98_AL_.jpg",0.36331264759821547
Baby,2015,8.0,52848,,UA,"Action, Crime, Thriller","https://m.media-amazon.com/images/M/MV5BYTdhNjBjZDctYTlkYy00ZGIxLWFjYTktODk5ZjNlMzI4NjI3XkEyXkFqcGdeQXVyMjY1MjkzMjE@._V1_UY98_CR0,0,67,98_AL_.jpg",0.36113922771994234
Days of Heaven,1978,7.8,52852,,PG,"Drama, Romance","https://m.media-amazon.com/images/M/MV5BZjMyZmU4OGYtNjBiYS00YTIxLWJjMDUtZjczZmQwMTM4YjQxXkEyXkFqcGdeQXVyNTI4MjkwNjA@._V1_UX67_CR0,0,67,98_AL_.jpg",0.3596163272311146
K.G.F: Chapter 1,2018,8.2,36680,,UA,"Action, Drama","https://m.media-amazon.com/images/M/MV5BZDNlNzBjMGUtYTA0Yy00OTI2LWJmZjMtODliYmUyYTI0OGFmXkEyXkFqcGdeQXVyODIwMDI1NjM@._V1_UX67_CR0,0,67,98_AL_.jpg",0.3492999497091582
Tôkyô monogatari,1953,8.2,53153,,U,Drama,"https://m.media-amazon.com/images/M/MV5BYWQ4ZTRiODktNjAzZC00Nzg1LTk1YWQtNDFmNDI0NmZiNGIwXkEyXkFqcGdeQXVyNzkwMjQ5NzM@._V1_UY98_CR0,0,67,98_AL_.jpg",0.3477444165698062
La planète sauvage,1973,7.8,25229,"193,817",U,"Animation, Sci-Fi","https://m.media-amazon.com/images/M/MV5BYjhhMDFlZDctYzg1Mi00ZmZiLTgyNTgtM2NkMjRkNzYwZmQ0XkEyXkFqcGdeQXVyMTMxODk2OTU@._V1_UX67_CR0,0,67,98_AL_.jpg",0.3393362045327779
Giù la testa,1971,7.6,30144,"696,690",PG,"Drama, War, Western","https://m.media-amazon.com/images/M/MV5BYjRmY2VjN2ItMzBmYy00YTRjLWFiMTgtNGZhNWJjMjk3YjZjXkEyXkFqcGdeQXVyNjc1NTYyMjg@._V1_UX67_CR0,0,67,98_AL_.jpg",0.3389629475410502
Vikram Vedha,2017,8.4,28401,,UA,"Action, Crime, Drama","https://m.media-amazon.com/images/M/MV5BY2FiMTFmMzMtZDI2ZC00NDQyLWExYTUtOWNmZWM1ZDg5YjVjXkEyXkFqcGdeQXVyODIwMDI1NjM@._V1_UX67_CR0,0,67,98_AL_.jpg",0.3362200458416517
Andaz Apna Apna,1994,8.2,49300,,U,"Action, Comedy, Romance","https://m.media-amazon.com/images/M/MV5BZTIwYzRjMGYtZWQ0Ni00NDZhLThhZDYtOGViZGJiZTkwMzk2XkEyXkFqcGdeQXVyODE5NzE3OTE@._V1_UY98_CR3,0,67,98_AL_.jpg",0.33416109377891723
Love and Death,1975,7.7,36037,,PG,"Comedy, War","https://m.media-amazon.com/images/M/MV5BMTYxMDk1NTA5NF5BMl5BanBnXkFtZTcwNDkzNzA2NA@@._V1_UX67_CR0,0,67,98_AL_.jpg",0.3202351157256542
Drishyam,2013,8.3,30722,,U,"Crime, Drama, Thriller","https://m.media-amazon.com/images/M/MV5BYmY3MzYwMGUtOWMxYS00OGVhLWFjNmUtYzlkNGVmY2ZkMjA3XkEyXkFqcGdeQXVyMTExNDQ2MTI@._V1_UY98_CR4,0,67,98_AL_.jpg",0.3190803106752147
Watership Down,1978,7.6,33656,,U,"Animation, Adventure, Drama","https://m.media-amazon.com/images/M/MV5BMzZiODUwNzktNzBiZi00MDc4LThkMGMtZmE3MTE0M2E1MTM3L2ltYWdlXkEyXkFqcGdeQXVyNTAyODkwOQ@@._V1_UX67_CR0,0,67,98_AL_.jpg",0.31504881999994044
The Message,1976,8.2,43885,,PG,"Biography, Drama, History","https://m.media-amazon.com/images/M/MV5BMjk3YjJmYTctMTAzZC00MzE4LWFlZGMtNDM5OTMyMDEzZWIxXkEyXkFqcGdeQXVyNTI4MjkwNjA@._V1_UX67_CR0,0,67,98_AL_.jpg",0.3107579811448633
To Have and Have Not,1944,7.8,31053,,PG,"Adventure, Comedy, Film-Noir","https://m.media-amazon.com/images/M/MV5BZGU2YmU0MWMtMzg5My00ZmY2LTljMDItMTg2YTI5Y2U2OTE3XkEyXkFqcGdeQXVyMjUxODE0MDY@._V1_UY98_CR0,0,67,98_AL_.jpg",0.31042552789946387
Badhaai ho,2018,8.0,27978,,UA,"Comedy, Drama","https://m.media-amazon.com/images/M/MV5BNjZlMDdmN2YtYThmZi00NGQzLTk0ZTQtNTUyZDFmODExOGNiXkEyXkFqcGdeQXVyODE5NzE3OTE@._V1_UY98_CR0,0,67,98_AL_.jpg",0.308912606070197
Do lok tin si,1995,7.7,26429,,UA,"Comedy, Crime, Drama","https://m.media-amazon.com/images/M/MV5BZjM4NWRhYTQtYTJlNC00ZmMyLWEzNTAtZDA2MjJjYTQ5ZTVmXkEyXkFqcGdeQXVyMTQxNzMzNDI@._V1_UX67_CR0,0,67,98_AL_.jpg",0.30615944990553057
Rupan sansei: Kariosutoro no shiro,1979,7.7,27014,,U,"Animation, Adventure, Family","https://m.media-amazon.com/images/M/MV5BYzYyNjg3OTctNzA2ZS00NjkzLWE4MmYtZDAzZWQ0NzkyMTJhXkEyXkFqcGdeQXVyMTMxODk2OTU@._V1_UX67_CR0,0,67,98_AL_.jpg",0.3015970571260597
The Taking of Pelham One Two Three,1974,7.7,26729,,U,"Action, Crime, Thriller","https://m.media-amazon.com/images/M/MV5BMjE1NDY0NDk3Ml5BMl5BanBnXkFtZTcwMTAzMTM3NA@@._V1_UX67_CR0,0,67,98_AL_.jpg",0.29912110421708726
