EmpID,Department,JobLevel,MonthlyIncome,SalarySlab,PerformanceRating,PercentSalaryHike,BusinessTravel,AgeGroup,YearsAtCompany,YearsInCurrentRole,MeritIncreasePct,MeritIncreaseAmt,PromotionEligible
RM1218,Research & Development,1,4401,Upto 5k,3.0,16,Travel_Rarely,18-25,5,3,0.098,431.3,False
RM1252,Sales,3,7140,5k-10k,3.0,11,Travel_Rarely,26-35,7,7,0.083,592.62,False
RM935,Research & Development,1,2096,Upto 5k,3.0,18,Travel_Rarely,18-25,2,2,0.094,197.02,False
RM742,Sales,5,18303,15k+,4.666310675293912,13,Travel_Rarely,36-45,1,0,0.072,1317.82,False
RM1365,Sales,2,6834,5k-10k,2.2782354544018704,12,Travel_Frequently,26-35,7,7,0.08600000000000001,587.72,False
RM1015,Research & Development,4,16422,15k+,3.0,11,Travel_Rarely,26-35,3,2,0.06633333333333333,1089.33,False
RM379,Sales,2,5304,5k-10k,3.0,13,Non-Travel,26-35,5,2,0.08700000000000001,461.45,False
RM513,Research & Development,1,2045,Upto 5k,3.0,13,Travel_Rarely,26-35,4,2,0.098,200.41,False
RM855,Research & Development,1,4477,Upto 5k,3.0,19,Travel_Rarely,36-45,3,2,0.09533333333333333,426.81,False
RM328,Sales,2,5238,5k-10k,3.0,18,Travel_Rarely,36-45,1,0,0.092,481.9,False
RM076,Research & Development,2,4424,Upto 5k,4.0,23,Travel_Rarely,26-35,11,7,0.1771794477989803,783.84,True
RM383,Research & Development,1,3102,Upto 5k,4.0,22,Travel_Frequently,26-35,6,4,0.17987641749595,557.98,False
RM351,Human Resources,1,2696,Upto 5k,3.0,11,Travel_Rarely,36-45,3,2,0.09533333333333333,257.02,False
RM650,Research & Development,4,14275,10k-15k,3.0,18,Travel_Rarely,46-55,12,9,0.07450000000000001,1063.49,False
RM1364,Sales,2,5487,5k-10k,3.0,14,Travel_Rarely,26-35,10,4,0.08900000000000001,488.34,False
RM809,Research & Development,1,2514,Upto 5k,4.0,22,Travel_Rarely,26-35,7,5,0.17640022701975952,443.47,True
RM1071,Sales,2,4898,Upto 5k,3.0,14,Travel_Frequently,26-35,4,2,0.101,494.7,False
RM1392,Sales,1,2858,Upto 5k,3.0,14,Travel_Rarely,36-45,1,0,0.102,291.52,False
RM1020,Sales,2,5647,5k-10k,3.0,13,Travel_Rarely,36-45,3,2,0.08533333333333334,481.88,False
RM864,Human Resources,1,3600,Upto 5k,3.0,13,Travel_Rarely,26-35,5,4,0.095,342.0,False
RM1062,Sales,1,2033,Upto 5k,3.0,13,Non-Travel,18-25,1,0,0.102,207.37,False
RM903,Research & Development,1,2517,Upto 5k,3.0,11,Travel_Rarely,26-35,5,3,0.097,244.15,False
RM692,Research & Development,1,3617,Upto 5k,3.0,14,Travel_Frequently,36-45,1,1,0.095,343.62,False
RM596,Research & Development,5,19246,15k+,3.0,12,Travel_Rarely,55+,31,15,0.06716129032258064,1292.59,False
RM800,Research & Development,4,17665,15k+,3.0,17,Travel_Rarely,36-45,22,6,0.06927272727272728,1223.7,False
RM1145,Sales,2,5332,5k-10k,3.0,13,Travel_Frequently,26-35,5,2,0.09200000000000001,490.54,False
RM1379,Sales,2,5087,5k-10k,3.0,12,Travel_Rarely,36-45,0,0,0.092,468.0,False
RM1115,Research & Development,1,2367,Upto 5k,3.0,12,Travel_Rarely,46-55,8,2,0.0995,235.52,False
RM011,Research & Development,1,2426,Upto 5k,3.0,13,Travel_Rarely,26-35,5,4,0.095,230.47,False
RM993,Research & Development,3,10920,10k-15k,4.0,21,Non-Travel,36-45,6,4,0.15387641749595,1680.33,False
RM770,Research & Development,1,2007,Upto 5k,3.0,13,Travel_Frequently,26-35,5,3,0.1,200.7,False
RM1022,Sales,1,4400,Upto 5k,3.0,12,Travel_Rarely,18-25,3,2,0.09733333333333333,428.27,False
RM1197,Sales,3,7082,5k-10k,5.418512855165595,16,Travel_Rarely,36-45,2,0,0.092,651.54,False
RM609,Sales,2,5160,5k-10k,3.0,16,Travel_Rarely,46-55,9,7,0.08422222222222223,434.59,False
RM500,Sales,2,7104,5k-10k,3.0,12,Travel_Rarely,26-35,5,0,0.093,660.67,False
RM308,Research & Development,3,12061,10k-15k,3.0,17,Travel_Rarely,36-45,10,8,0.07400000000000001,892.51,False
RM101,Human Resources,1,2073,Upto 5k,4.0,22,Travel_Rarely,36-45,3,2,0.17587641749594998,364.59,False
RM979,Research & Development,2,6377,5k-10k,4.0,20,Travel_Rarely,36-45,12,11,0.16337641749595,1041.85,True
RM232,Research & Development,5,19232,15k+,3.0,11,Travel_Rarely,36-45,22,17,0.06427272727272727,1236.09,False
RM258,Research & Development,5,19436,15k+,3.0,19,Travel_Rarely,36-45,21,7,0.06866666666666667,1334.61,False
RM1309,Sales,2,5405,5k-10k,4.0,20,Travel_Rarely,36-45,4,2,0.16754308416261668,905.57,False
RM1179,Sales,1,2783,Upto 5k,4.337544180302657,19,Travel_Rarely,18-25,2,2,0.094,261.6,False
RM558,Research & Development,2,5093,5k-10k,3.0,11,Non-Travel,26-35,1,0,0.091,463.46,False
RM854,Research & Development,1,2552,Upto 5k,4.0,25,Travel_Rarely,18-25,1,1,0.17454308416261666,445.43,False
RM1140,Research & Development,1,3312,Upto 5k,3.0,17,Travel_Rarely,26-35,3,2,0.09633333333333333,319.06,False
RM1120,Sales,2,9924,5k-10k,3.0,11,Travel_Rarely,36-45,9,8,0.08311111111111112,824.79,False
RM587,Research & Development,1,2694,Upto 5k,3.0,11,Non-Travel,18-25,1,0,0.102,274.79,False
RM481,Sales,1,2033,Upto 5k,3.0,18,Travel_Frequently,26-35,1,0,0.106,215.5,False
RM533,Sales,2,4960,Upto 5k,3.0,12,Travel_Rarely,46-55,7,7,0.092,456.32,False
RM1269,Research & Development,4,12965,10k-15k,4.0,20,Non-Travel,46-55,3,2,0.15387641749595,1995.01,False
RM760,Human Resources,1,2177,Upto 5k,3.0,16,Travel_Rarely,36-45,6,3,0.097,211.17,False
RM568,Sales,2,6274,5k-10k,5.174118951126917,22,Travel_Rarely,26-35,6,5,0.08466666666666667,531.2,False
RM704,Sales,2,5666,5k-10k,3.0,13,Non-Travel,36-45,5,3,0.084,475.94,False
RM350,Sales,2,4649,Upto 5k,3.0,14,Non-Travel,26-35,4,3,0.0935,434.68,False
RM327,Research & Development,5,19272,15k+,3.0,15,Travel_Frequently,36-45,21,9,0.07071428571428572,1362.81,False
RM677,Research & Development,2,4014,Upto 5k,4.0,25,Travel_Rarely,26-35,10,6,0.17754308416261666,712.66,False
RM334,Research & Development,3,9985,5k-10k,1.969256978484258,16,Travel_Rarely,36-45,1,0,0.092,918.62,False
RM211,Sales,3,10400,10k-15k,4.991935125723904,11,Travel_Rarely,26-35,14,8,0.07728571428571429,803.77,False
RM231,Research & Development,1,3212,Upto 5k,3.0,15,Travel_Rarely,46-55,2,2,0.092,295.5,False
RM678,Research & Development,3,7403,5k-10k,3.0,11,Travel_Rarely,46-55,26,9,0.08853846153846154,655.45,False
RM193,Research & Development,2,5916,5k-10k,3.0,13,Travel_Rarely,26-35,1,0,0.093,550.19,False
RM1285,Research & Development,3,13464,10k-15k,-0.2949482343473364,21,Travel_Rarely,36-45,4,3,0.07450000000000001,1003.07,False
RM1361,Research & Development,1,3978,Upto 5k,3.0,12,Travel_Rarely,26-35,2,2,0.093,369.95,False
RM1014,Sales,2,4779,Upto 5k,3.0,14,Travel_Rarely,26-35,3,2,0.09633333333333333,460.38,False
RM1048,Sales,2,4373,Upto 5k,3.0,14,Travel_Frequently,26-35,4,3,0.0985,430.74,False
RM180,Research & Development,1,2288,Upto 5k,3.0,12,Travel_Rarely,36-45,2,2,0.092,210.5,False
RM1267,Research & Development,1,2289,Upto 5k,1.079598145214648,20,Travel_Rarely,36-45,5,3,0.096,219.74,False
RM338,Research & Development,1,3983,Upto 5k,3.0,17,Travel_Rarely,26-35,3,2,0.09633333333333333,383.7,False
RM614,Human Resources,1,3737,Upto 5k,3.0,19,Travel_Rarely,26-35,3,2,0.09633333333333333,360.0,False
RM1390,Research & Development,2,5003,5k-10k,4.0,21,Travel_Frequently,26-35,10,8,0.16854308416261668,843.22,True
RM051,Research & Development,3,5381,5k-10k,3.0,13,Travel_Rarely,46-55,1,0,0.092,495.05,False
RM222,Research & Development,1,2622,Upto 5k,-0.1690525075982303,21,Travel_Rarely,26-35,3,2,0.09633333333333333,252.59,False
RM265,Research & Development,1,3485,Upto 5k,3.0,11,Travel_Rarely,26-35,0,0,0.103,358.96,False
RM355,Sales,2,4736,Upto 5k,3.0,12,Non-Travel,26-35,2,2,0.091,430.98,False
RM1023,Research & Development,1,3500,Upto 5k,5.424141157661809,14,Non-Travel,36-45,6,5,0.09166666666666666,320.83,False
RM1375,Sales,4,17875,15k+,3.0,13,Travel_Rarely,55+,1,0,0.072,1287.0,False
RM782,Research & Development,1,3955,Upto 5k,3.0,16,Travel_Rarely,26-35,5,3,0.097,383.64,False
RM802,Sales,2,4728,Upto 5k,3.0,14,Travel_Frequently,46-55,0,0,0.105,496.44,False
RM099,Sales,4,13872,10k-15k,3.0,13,Travel_Rarely,55+,37,10,0.0792972972972973,1100.01,False
RM1393,Sales,2,5204,5k-10k,3.0,11,Travel_Rarely,26-35,10,8,0.085,442.34,False
RM483,Sales,2,4233,Upto 5k,3.0,17,Travel_Rarely,26-35,3,1,0.09966666666666667,421.89,False
RM730,Research & Development,3,10388,10k-15k,3.0,11,Travel_Rarely,26-35,16,10,0.07675000000000001,797.28,False
RM895,Research & Development,4,17779,15k+,3.0,14,Travel_Rarely,46-55,10,9,0.063,1120.08,False
RM1184,Research & Development,2,6842,5k-10k,4.0,20,Travel_Rarely,36-45,5,4,0.16454308416261668,1125.8,False
RM325,Research & Development,2,5775,5k-10k,3.0,13,Travel_Rarely,26-35,10,8,0.085,490.88,False
RM1467,Research & Development,3,9991,5k-10k,3.0,15,Travel_Rarely,36-45,7,7,0.082,819.26,False
RM360,Sales,3,9699,5k-10k,3.0,11,Travel_Frequently,36-45,13,9,0.08807692307692308,854.26,False
RM332,Sales,2,6349,5k-10k,3.0,13,Non-Travel,26-35,5,4,0.083,526.97,False
RM539,Human Resources,5,19189,15k+,3.0,12,Travel_Rarely,36-45,22,7,0.06881818181818182,1320.55,False
RM1142,Research & Development,1,2141,Upto 5k,3.0,12,Travel_Rarely,26-35,6,4,0.09633333333333333,206.25,False
RM029,Research & Development,3,10248,10k-15k,3.0,14,Travel_Rarely,36-45,22,6,0.07927272727272729,812.39,False
RM136,Research & Development,2,4941,Upto 5k,4.0,20,Travel_Rarely,36-45,3,2,0.17587641749594998,869.01,False
RM1091,Research & Development,2,9715,5k-10k,4.585048376363186,13,Travel_Rarely,26-35,7,7,0.083,806.34,False
RM711,Sales,4,17444,15k+,3.0,11,Non-Travel,26-35,10,8,0.063,1098.97,False
RM1127,Sales,5,19331,15k+,3.0,16,Travel_Rarely,46-55,1,0,0.072,1391.83,False
RM861,Research & Development,1,2853,Upto 5k,3.0,11,Travel_Frequently,18-25,0,0,0.107,305.27,False
RM488,Research & Development,1,2836,Upto 5k,3.0,13,Travel_Rarely,18-25,1,0,0.104,294.94,False
RM646,Sales,1,2800,Upto 5k,3.0,19,Travel_Rarely,26-35,3,2,0.09633333333333333,269.73,False
RM541,Research & Development,1,2216,Upto 5k,3.0,13,Travel_Rarely,26-35,7,7,0.093,206.09,False
RM831,Research & Development,1,4766,Upto 5k,3.0,11,Travel_Rarely,36-45,1,0,0.102,486.13,False
RM732,Research & Development,1,2600,Upto 5k,3.0,15,Travel_Rarely,18-25,1,0,0.104,270.4,False
RM245,Research & Development,5,19202,15k+,3.0,11,Travel_Rarely,36-45,24,0,0.072,1382.54,False
RM994,Sales,2,6232,5k-10k,3.0,11,Travel_Rarely,18-25,3,2,0.08733333333333335,544.26,False
RM1300,Research & Development,2,6513,5k-10k,3.0,17,Travel_Rarely,36-45,5,3,0.08600000000000001,560.12,False
RM395,Research & Development,2,4306,Upto 5k,3.0,12,Travel_Rarely,26-35,13,10,0.0953076923076923,410.39,False
RM731,Research & Development,3,11416,10k-15k,3.0,12,Travel_Rarely,26-35,8,7,0.07425000000000001,847.64,False
RM1246,Human Resources,1,2145,Upto 5k,3.0,14,Travel_Frequently,18-25,2,2,0.097,208.06,False
RM413,Research & Development,2,4810,Upto 5k,3.0,14,Travel_Rarely,46-55,10,7,0.095,456.95,False
RM156,Research & Development,2,4319,Upto 5k,3.0,13,Non-Travel,26-35,10,7,0.094,405.99,False
RM430,Research & Development,4,17861,15k+,3.0,13,Travel_Rarely,46-55,3,2,0.06533333333333333,1166.92,False
RM914,Sales,5,18824,15k+,3.0,16,Travel_Rarely,36-45,24,10,0.06783333333333333,1276.89,False
RM764,Sales,1,2220,Upto 5k,3.0,19,Travel_Rarely,26-35,1,1,0.093,206.46,False
RM522,Sales,2,4647,Upto 5k,4.0,20,Travel_Frequently,26-35,6,5,0.17820975082928334,828.14,False
RM398,Sales,2,4487,Upto 5k,3.0,11,Travel_Rarely,18-25,5,4,0.096,430.75,False
RM014,Research & Development,1,2661,Upto 5k,3.0,11,Travel_Rarely,26-35,2,2,0.093,247.47,False
RM1216,Research & Development,1,4930,Upto 5k,3.0,14,Travel_Frequently,26-35,5,4,0.098,483.14,False
RM220,Sales,2,5940,5k-10k,-0.508612470213619,14,Travel_Rarely,46-55,6,2,0.08866666666666667,526.68,False
RM1190,Sales,2,5505,5k-10k,3.0,14,Travel_Rarely,26-35,6,2,0.08966666666666667,493.62,False
RM611,Research & Development,3,12808,10k-15k,3.0,16,Travel_Rarely,26-35,9,8,0.07411111111111113,949.22,False
RM239,Sales,1,3931,Upto 5k,3.0,11,Travel_Rarely,26-35,4,3,0.0955,375.41,False
RM1247,Human Resources,1,2180,Upto 5k,3.0,11,Travel_Frequently,26-35,4,2,0.101,220.18,False
RM1419,Research & Development,2,5321,5k-10k,3.0,11,Travel_Frequently,36-45,8,3,0.09125000000000001,485.54,False
RM584,Sales,2,6500,5k-10k,1.3008215203291884,17,Travel_Rarely,26-35,3,2,0.08633333333333335,561.17,False
RM021,Research & Development,2,4011,Upto 5k,3.0,18,Non-Travel,18-25,4,2,0.097,389.07,False
RM708,Research & Development,2,5067,5k-10k,3.0,19,Travel_Frequently,46-55,19,10,0.08973684210526317,454.7,False
RM267,Research & Development,2,5582,5k-10k,4.0,21,Travel_Rarely,26-35,9,0,0.17354308416261668,968.72,False
RM682,Research & Development,3,13582,10k-15k,3.0,13,Travel_Rarely,36-45,15,12,0.07400000000000001,1005.07,False
RM585,Research & Development,5,18430,15k+,3.0,13,Travel_Frequently,36-45,24,7,0.07208333333333333,1328.5,False
RM814,Research & Development,4,12169,10k-15k,3.0,11,Travel_Frequently,36-45,18,7,0.08111111111111112,987.04,False
RM386,Research & Development,1,2285,Upto 5k,4.0,23,Travel_Frequently,26-35,1,0,0.18654308416261667,426.25,False
RM703,Sales,3,7264,5k-10k,3.0,11,Travel_Rarely,26-35,8,4,0.08800000000000001,639.23,False
RM092,Sales,2,5441,5k-10k,4.0,22,Travel_Rarely,46-55,10,7,0.16554308416261668,900.72,True
RM275,Research & Development,1,3230,Upto 5k,3.0,17,Travel_Rarely,18-25,3,2,0.09733333333333333,314.39,False
RM944,Human Resources,1,3423,Upto 5k,3.0,12,Travel_Rarely,46-55,7,6,0.09342857142857143,319.81,False
RM1454,Sales,2,6652,5k-10k,3.0,13,Travel_Rarely,36-45,6,3,0.08700000000000001,578.72,False
RM1272,Sales,1,2679,Upto 5k,3.0,13,Travel_Rarely,18-25,1,0,0.104,278.62,False
RM1238,Sales,2,6735,5k-10k,0.5967377135641336,15,Travel_Rarely,26-35,0,0,0.093,626.36,False
RM1310,Sales,2,4684,Upto 5k,3.0,13,Travel_Rarely,26-35,5,3,0.097,454.35,False
RM1125,Sales,3,8237,5k-10k,3.0,11,Travel_Rarely,36-45,7,6,0.08342857142857144,687.2,False
RM069,Research & Development,1,2194,Upto 5k,3.0,13,Travel_Frequently,26-35,3,2,0.09933333333333333,217.94,False
RM067,Research & Development,2,6499,5k-10k,3.0,13,Travel_Frequently,36-45,6,5,0.08666666666666667,563.25,False
RM1180,Research & Development,2,5433,5k-10k,3.0,12,Travel_Rarely,26-35,11,8,0.08572727272727274,465.76,False
RM1469,Sales,2,5390,5k-10k,4.958167434300326,14,Travel_Frequently,46-55,9,6,0.08833333333333335,476.12,False
RM246,Research & Development,3,13675,10k-15k,3.0,12,Travel_Frequently,26-35,2,2,0.07600000000000001,1039.3,False
RM1097,Human Resources,4,16437,15k+,4.0,21,Travel_Rarely,36-45,21,7,0.14920975082928334,2452.56,True
RM565,Sales,2,6632,5k-10k,3.0,13,Travel_Rarely,36-45,8,7,0.08325,552.11,False
RM1296,Sales,3,10447,10k-15k,3.0,13,Travel_Rarely,36-45,22,14,0.07563636363636364,790.17,False
RM322,Sales,2,7547,5k-10k,3.0,12,Travel_Rarely,26-35,7,7,0.083,626.4,False
RM1099,Research & Development,2,4069,Upto 5k,3.0,18,Non-Travel,36-45,2,2,0.09,366.21,False
RM581,Sales,1,2572,Upto 5k,3.0,16,Travel_Rarely,26-35,3,2,0.09633333333333333,247.77,False
RM473,Research & Development,2,6447,5k-10k,3.0,12,Travel_Rarely,36-45,6,5,0.08366666666666667,539.4,False
RM459,Sales,3,10932,10k-15k,3.0,15,Non-Travel,36-45,1,0,0.08,874.56,False
RM856,Research & Development,2,6474,5k-10k,3.0,13,Travel_Rarely,36-45,14,8,0.08628571428571429,558.61,False
RM989,Research & Development,2,5467,5k-10k,3.0,14,Travel_Frequently,36-45,6,2,0.09166666666666667,501.14,False
RM1136,Sales,4,17567,15k+,3.0,15,Travel_Rarely,46-55,26,0,0.072,1264.82,False
RM1293,Sales,2,4127,Upto 5k,3.0,18,Travel_Frequently,36-45,2,1,0.1,412.7,False
RM821,Sales,2,4968,Upto 5k,3.0,11,Travel_Frequently,26-35,5,2,0.10200000000000001,506.74,False
RM1144,Sales,2,4385,Upto 5k,3.0,15,Non-Travel,36-45,10,7,0.093,407.8,False
RM144,Research & Development,1,2632,Upto 5k,3.0,14,Travel_Rarely,26-35,5,4,0.095,250.04,False
RM643,Sales,1,2899,Upto 5k,3.0,19,Travel_Rarely,36-45,2,2,0.092,266.71,False
RM196,Research & Development,1,3564,Upto 5k,3.0,12,Travel_Rarely,36-45,8,7,0.09325,332.34,False
RM1312,Research & Development,1,1514,Upto 5k,3.0,16,Non-Travel,18-25,0,0,0.102,154.43,False
RM031,Research & Development,1,2496,Upto 5k,3.0,11,Travel_Rarely,26-35,1,1,0.093,232.13,False
RM1018,Research & Development,1,2099,Upto 5k,3.0,14,Travel_Rarely,26-35,5,0,0.103,216.2,False
RM904,Research & Development,2,6623,5k-10k,3.0,11,Travel_Rarely,26-35,6,0,0.093,615.94,False
RM1051,Research & Development,1,3673,Upto 5k,3.0,13,Travel_Frequently,36-45,12,9,0.0975,358.12,False
RM380,Research & Development,4,16659,15k+,3.0,13,Travel_Rarely,46-55,5,4,0.064,1066.18,False
RM1434,Sales,2,4907,Upto 5k,4.0,22,Travel_Rarely,18-25,5,3,0.17854308416261666,876.11,False
RM1234,Research & Development,1,2862,Upto 5k,3.0,12,Travel_Rarely,26-35,10,0,0.103,294.79,False
RM1045,Research & Development,2,6651,5k-10k,3.0,14,Travel_Rarely,46-55,3,2,0.08533333333333334,567.55,False
RM1288,Research & Development,2,5538,5k-10k,3.0,18,Travel_Rarely,36-45,0,0,0.092,509.5,False
RM005,Research & Development,1,3468,Upto 5k,3.0,12,Travel_Rarely,26-35,2,2,0.093,322.52,False
RM055,Sales,2,4157,Upto 5k,3.0,19,Travel_Rarely,26-35,2,2,0.093,386.6,False
RM830,Sales,2,8224,5k-10k,3.0,17,Travel_Rarely,26-35,5,2,0.08900000000000001,731.94,False
RM829,Research & Development,1,1904,Upto 5k,0.8364023079227261,12,Non-Travel,18-25,0,0,0.102,194.21,False
RM450,Research & Development,1,3755,Upto 5k,3.0,11,Travel_Frequently,36-45,8,3,0.10125,380.19,False
RM369,Sales,2,6380,5k-10k,3.0,12,Travel_Rarely,36-45,6,4,0.08533333333333334,544.43,False
RM1453,Sales,2,6728,5k-10k,3.0,12,Travel_Frequently,46-55,6,3,0.09000000000000001,605.52,False
RM823,Research & Development,2,4033,Upto 5k,3.0,11,Travel_Frequently,26-35,3,2,0.09933333333333333,400.61,False
RM698,Sales,1,2157,Upto 5k,3.0,15,Travel_Frequently,26-35,3,1,0.10266666666666667,221.45,False
RM336,Sales,2,7457,5k-10k,4.0,22,Travel_Rarely,36-45,4,3,0.16504308416261668,1230.73,False
RM759,Sales,3,11904,10k-15k,3.0,14,Travel_Rarely,55+,6,4,0.07533333333333334,896.77,False
RM1304,Research & Development,3,10333,10k-15k,3.0,12,Travel_Rarely,46-55,22,11,0.07700000000000001,795.64,False
RM241,Research & Development,1,2232,Upto 5k,1.6104109025211224,14,Travel_Rarely,36-45,3,2,0.09533333333333333,212.78,False
RM1261,Research & Development,1,2718,Upto 5k,3.0,14,Non-Travel,26-35,7,7,0.091,247.34,False
RM582,Research & Development,1,3833,Upto 5k,4.0,21,Travel_Rarely,26-35,2,2,0.17354308416261666,665.19,False
RM438,Sales,1,2983,Upto 5k,3.0,14,Travel_Rarely,26-35,3,2,0.09633333333333333,287.36,False
RM1281,Human Resources,2,4071,Upto 5k,3.0,13,Travel_Rarely,36-45,10,0,0.102,415.24,False
RM990,Research & Development,1,2996,Upto 5k,3.0,15,Travel_Rarely,36-45,6,4,0.09533333333333333,285.62,False
RM1463,Sales,4,12031,10k-15k,3.0,11,Travel_Rarely,36-45,20,9,0.07750000000000001,932.4,False
RM345,Research & Development,3,8095,5k-10k,1.593928649579206,13,Travel_Rarely,26-35,16,6,0.08925000000000001,722.48,False
RM1113,Research & Development,2,4855,Upto 5k,3.0,11,Travel_Rarely,36-45,5,2,0.098,475.79,False
RM1334,Sales,3,7314,5k-10k,4.0,21,Travel_Rarely,46-55,8,7,0.16379308416261668,1197.98,False
RM140,Human Resources,2,6347,5k-10k,3.0,19,Travel_Rarely,26-35,11,9,0.08481818181818182,538.34,False
RM1119,Research & Development,1,2061,Upto 5k,-0.080799037156547,21,Travel_Rarely,26-35,1,0,0.103,212.28,False
RM1279,Research & Development,3,8321,5k-10k,3.0,13,Travel_Rarely,36-45,12,8,0.08533333333333334,710.06,False
RM1191,Research & Development,2,5470,5k-10k,3.0,13,Travel_Rarely,26-35,9,5,0.08744444444444445,478.32,False
RM1346,Research & Development,2,4788,Upto 5k,3.0,11,Travel_Rarely,26-35,3,2,0.09633333333333333,461.24,False
RM1053,Research & Development,1,1274,Upto 5k,3.0,13,Non-Travel,26-35,1,0,0.10099999999999999,128.67,False
RM416,Sales,1,2351,Upto 5k,3.0,16,Travel_Frequently,26-35,2,2,0.096,225.7,False
RM1250,Sales,1,2760,Upto 5k,3.0,13,Travel_Rarely,26-35,2,2,0.093,256.68,False
RM110,Research & Development,1,2871,Upto 5k,3.0,15,Travel_Rarely,18-25,0,0,0.104,298.58,False
RM923,Research & Development,5,19190,15k+,3.0,14,Travel_Rarely,36-45,25,9,0.0684,1312.6,False
RM1360,Sales,2,8103,5k-10k,3.0,12,Travel_Rarely,26-35,4,2,0.08800000000000001,713.06,False
RM1371,Research & Development,2,5467,5k-10k,3.0,18,Non-Travel,46-55,8,7,0.08125,444.19,False
RM769,Sales,2,8396,5k-10k,3.0,14,Travel_Rarely,36-45,7,7,0.082,688.47,False
RM1007,Research & Development,2,4284,Upto 5k,4.0,20,Travel_Frequently,46-55,4,3,0.17804308416261666,762.74,True
RM186,Research & Development,1,2756,Upto 5k,3.0,13,Travel_Rarely,26-35,8,7,0.09425,259.75,False
RM066,Research & Development,4,14756,10k-15k,3.0,14,Travel_Rarely,46-55,5,0,0.082,1209.99,False
RM709,Sales,2,5079,5k-10k,3.0,13,Non-Travel,36-45,7,7,0.08,406.32,False
RM1155,Human Resources,5,19658,15k+,3.0,11,Travel_Rarely,46-55,5,2,0.068,1336.74,False
RM490,Research & Development,4,16627,15k+,3.0,14,Travel_Rarely,36-45,1,0,0.072,1197.14,False
RM1082,Research & Development,3,8606,5k-10k,5.109535655247097,19,Travel_Rarely,26-35,11,8,0.08572727272727274,737.77,False
RM1323,Research & Development,3,8578,5k-10k,3.0,14,Travel_Rarely,46-55,9,8,0.08311111111111112,712.93,False
RM715,Research & Development,4,17399,15k+,4.0,22,Travel_Rarely,46-55,5,4,0.1445430841626167,2514.91,True
RM1430,Research & Development,2,4108,Upto 5k,3.0,13,Travel_Rarely,36-45,7,7,0.092,377.94,False
RM192,Research & Development,1,2279,Upto 5k,3.0,16,Travel_Rarely,26-35,7,7,0.093,211.95,False
RM721,Research & Development,1,2132,Upto 5k,3.0,11,Travel_Rarely,26-35,5,2,0.099,211.07,False
RM447,Sales,2,6230,5k-10k,3.0,14,Non-Travel,36-45,14,3,0.08785714285714286,547.35,False
RM967,Research & Development,3,10008,10k-15k,3.0,14,Travel_Rarely,55+,10,9,0.07300000000000001,730.58,False
RM292,Research & Development,2,4485,Upto 5k,3.0,12,Travel_Rarely,36-45,8,0,0.102,457.47,False
RM344,Sales,2,8268,5k-10k,3.0,14,Travel_Rarely,26-35,7,7,0.083,686.24,False
RM056,Research & Development,3,13458,10k-15k,3.0,12,Travel_Frequently,26-35,15,14,0.07666666666666667,1031.78,False
RM341,Research & Development,2,6347,5k-10k,3.0,16,Travel_Rarely,36-45,6,2,0.08866666666666667,562.77,False
RM390,Research & Development,2,4197,Upto 5k,3.0,12,Travel_Rarely,36-45,1,0,0.102,428.09,False
RM070,Research & Development,1,3388,Upto 5k,3.0,17,Travel_Rarely,36-45,1,0,0.102,345.58,False
RM1044,Research & Development,4,16598,15k+,3.0,12,Travel_Rarely,46-55,9,8,0.06311111111111112,1047.52,False
RM977,Research & Development,4,13402,10k-15k,3.0,12,Travel_Rarely,55+,19,16,0.07357894736842106,986.11,False
RM1047,Research & Development,1,3420,Upto 5k,3.0,13,Travel_Rarely,36-45,5,2,0.098,335.16,False
RM1302,Sales,4,16291,15k+,4.0,22,Non-Travel,55+,16,9,0.14491808416261667,2360.86,True
RM285,Research & Development,2,4741,Upto 5k,3.0,13,Travel_Frequently,26-35,5,3,0.1,474.1,False
RM1305,Research & Development,2,4448,Upto 5k,3.0,12,Travel_Rarely,36-45,7,4,0.09628571428571428,428.28,False
RM071,Sales,2,5473,5k-10k,3.0,11,Travel_Frequently,55+,4,3,0.08750000000000001,478.89,False
RM713,Research & Development,1,3452,Upto 5k,3.0,18,Travel_Rarely,26-35,3,2,0.09633333333333333,332.54,False
RM1245,Research & Development,1,4968,Upto 5k,3.0,16,Travel_Frequently,26-35,9,7,0.09822222222222222,487.97,False
RM1329,Sales,2,3540,Upto 5k,4.0,21,Travel_Rarely,26-35,9,8,0.17465419527372777,618.28,True
RM339,Sales,2,6118,5k-10k,3.0,13,Travel_Rarely,26-35,10,9,0.084,513.91,False
RM184,Research & Development,1,3690,Upto 5k,3.0,15,Travel_Rarely,46-55,3,2,0.09533333333333333,351.78,False
RM1435,Sales,1,3482,Upto 5k,3.0,15,Non-Travel,46-55,9,8,0.09111111111111111,317.25,False
RM040,Sales,2,5376,5k-10k,3.0,19,Travel_Frequently,26-35,5,3,0.09000000000000001,483.84,False
RM693,Research & Development,2,6725,5k-10k,3.0,12,Travel_Rarely,26-35,8,7,0.08425,566.58,False
RM158,Research & Development,1,3346,Upto 5k,4.0,20,Travel_Rarely,55+,1,0,0.18254308416261666,610.79,False
RM552,Human Resources,2,6389,5k-10k,3.0,15,Travel_Rarely,36-45,8,3,0.08825000000000001,563.83,False
RM810,Research & Development,3,7655,5k-10k,3.0,17,Travel_Rarely,26-35,9,7,0.08522222222222223,652.38,False
RM1441,Research & Development,2,5131,5k-10k,3.0,13,Travel_Frequently,36-45,4,2,0.09000000000000001,461.79,False
RM702,Sales,4,14852,10k-15k,3.0,13,Travel_Rarely,46-55,17,13,0.0743529411764706,1104.29,False
RM1400,Research & Development,3,7510,5k-10k,0.4089890496521984,17,Travel_Rarely,36-45,10,9,0.083,623.33,False
RM1432,Sales,3,10422,10k-15k,3.0,19,Travel_Rarely,26-35,14,10,0.07585714285714287,790.58,False
RM1311,Research & Development,4,15787,15k+,3.0,14,Travel_Frequently,55+,2,2,0.065,1026.16,False
RM1395,Research & Development,2,9679,5k-10k,4.0,24,Travel_Rarely,26-35,1,0,0.17354308416261668,1679.72,False
RM886,Sales,2,4950,Upto 5k,3.0,14,Travel_Rarely,18-25,4,3,0.0965,477.68,False
RM271,Research & Development,5,19045,15k+,3.0,14,Travel_Rarely,46-55,36,10,0.06922222222222223,1318.34,False
RM303,Research & Development,2,5661,5k-10k,3.0,19,Travel_Rarely,26-35,8,3,0.08925000000000001,505.24,False
RM1114,Research & Development,2,4087,Upto 5k,5.431067596161106,14,Non-Travel,26-35,6,5,0.09266666666666666,378.73,False
RM164,Research & Development,3,9439,5k-10k,3.0,16,Travel_Rarely,55+,5,3,0.08600000000000001,811.75,False
RM1156,Research & Development,2,3069,Upto 5k,3.0,15,Travel_Rarely,36-45,10,8,0.094,288.49,False
RM660,Sales,2,4908,Upto 5k,3.0,14,Travel_Rarely,26-35,4,2,0.098,480.98,False
RM1421,Research & Development,1,2782,Upto 5k,4.0,22,Travel_Rarely,36-45,5,3,0.17654308416261666,491.14,True
RM493,Research & Development,4,15402,15k+,3.0,11,Travel_Rarely,46-55,3,2,0.06533333333333333,1006.26,False
RM750,Sales,5,19845,15k+,3.0,15,Travel_Rarely,46-55,32,14,0.067625,1342.02,False
RM293,Sales,1,2789,Upto 5k,3.0,11,Travel_Frequently,26-35,2,2,0.096,267.74,False
RM656,Human Resources,1,2277,Upto 5k,3.0,11,Travel_Rarely,26-35,4,3,0.0955,217.45,False
RM045,Research & Development,2,4011,Upto 5k,4.0,23,Travel_Frequently,26-35,12,8,0.17987641749595,721.48,True
RM1448,Sales,2,5406,5k-10k,4.0,24,Non-Travel,36-45,15,12,0.16254308416261667,878.71,True
RM009,Research & Development,3,9526,5k-10k,4.0,21,Travel_Frequently,36-45,9,7,0.16776530638483889,1598.13,True
RM106,Human Resources,5,18844,15k+,4.0,21,Non-Travel,55+,3,2,0.14387641749595,2711.21,False
RM1223,Human Resources,1,1555,Upto 5k,3.0,11,Travel_Rarely,18-25,1,0,0.104,161.72,False
RM163,Research & Development,1,2713,Upto 5k,5.001809762729597,11,Travel_Rarely,26-35,5,2,0.099,268.59,False
RM928,Research & Development,2,5410,5k-10k,3.0,11,Travel_Rarely,36-45,16,14,0.08325,450.38,False
RM168,Sales,3,9419,5k-10k,3.0,12,Travel_Rarely,26-35,10,9,0.084,791.2,False
RM105,Research & Development,2,5163,5k-10k,3.0,14,Non-Travel,36-45,1,0,0.09,464.67,False
RM098,Sales,2,4221,Upto 5k,3.0,15,Non-Travel,26-35,5,4,0.093,392.55,False
RM959,Research & Development,3,8500,5k-10k,3.0,11,Travel_Rarely,26-35,9,7,0.08522222222222223,724.39,False
RM892,Research & Development,1,2011,Upto 5k,3.0,13,Travel_Rarely,36-45,10,5,0.097,195.07,False
RM858,Research & Development,1,2936,Upto 5k,3.0,11,Travel_Rarely,36-45,6,4,0.09533333333333333,279.9,False
RM816,Research & Development,1,2070,Upto 5k,3.0,11,Travel_Rarely,18-25,2,2,0.094,194.58,False
RM518,Sales,2,4851,Upto 5k,4.0,22,Travel_Rarely,18-25,3,2,0.17787641749594998,862.88,True
RM733,Research & Development,1,2422,Upto 5k,3.0,17,Travel_Frequently,26-35,3,2,0.09933333333333333,240.59,False
RM062,Research & Development,2,2406,Upto 5k,3.0,11,Travel_Frequently,36-45,10,3,0.10200000000000001,245.41,False
RM622,Sales,2,6201,5k-10k,1.750789676122719,14,Travel_Rarely,36-45,18,14,0.08422222222222223,522.26,False
RM665,Research & Development,2,6586,5k-10k,3.0,17,Travel_Rarely,36-45,16,8,0.08700000000000001,572.98,False
RM866,Sales,2,4115,Upto 5k,3.0,19,Travel_Rarely,26-35,4,3,0.0955,392.98,False
RM200,Research & Development,2,6261,5k-10k,3.0,18,Travel_Rarely,36-45,7,7,0.082,513.4,False
RM868,Research & Development,4,17856,15k+,4.0,22,Travel_Frequently,46-55,2,2,0.1455430841626167,2598.82,True
RM428,Sales,3,10266,10k-15k,3.0,19,Travel_Frequently,55+,18,13,0.07777777777777779,798.47,False
RM1211,Research & Development,1,2028,Upto 5k,3.0,18,Travel_Rarely,26-35,14,11,0.09514285714285714,192.95,False
RM1152,Research & Development,2,4877,Upto 5k,4.0,21,Travel_Rarely,26-35,5,3,0.17754308416261666,865.88,False
RM470,Sales,2,4707,Upto 5k,3.0,12,Non-Travel,26-35,4,2,0.096,451.87,False
RM1181,Research & Development,1,2013,Upto 5k,3.0,11,Travel_Rarely,36-45,4,3,0.0945,190.23,False
RM1464,Research & Development,2,9936,5k-10k,3.0,19,Non-Travel,26-35,9,4,0.08655555555555555,860.02,False
RM088,Research & Development,1,2075,Upto 5k,4.0,23,Travel_Rarely,46-55,4,2,0.17754308416261666,368.4,False
RM662,Research & Development,2,4765,Upto 5k,4.0,21,Travel_Rarely,36-45,1,0,0.18254308416261666,869.82,False
RM794,Research & Development,1,2207,Upto 5k,3.0,16,Travel_Rarely,26-35,4,2,0.098,216.29,False
RM038,Sales,1,2014,Upto 5k,3.0,13,Travel_Rarely,26-35,2,2,0.093,187.3,False
RM1439,Sales,1,1790,Upto 5k,5.3351256552902,19,Travel_Frequently,18-25,1,0,0.107,191.53,False
RM804,Research & Development,1,2979,Upto 5k,3.0,17,Non-Travel,26-35,0,0,0.10099999999999999,300.88,False
RM697,Research & Development,2,4447,Upto 5k,3.0,12,Non-Travel,36-45,9,7,0.09222222222222222,410.11,False
RM746,Research & Development,2,6385,5k-10k,3.0,14,Travel_Frequently,46-55,8,7,0.08625000000000001,550.71,False
RM185,Research & Development,2,4450,Upto 5k,4.538205292259972,11,Travel_Rarely,46-55,4,2,0.097,431.65,False
RM176,Research & Development,1,4257,Upto 5k,3.0,18,Travel_Rarely,55+,2,2,0.092,391.64,False
RM451,Sales,2,6582,5k-10k,3.0,13,Travel_Rarely,26-35,6,5,0.08466666666666667,557.28,False
RM562,Sales,4,16856,15k+,3.0,11,Travel_Rarely,46-55,34,6,0.07023529411764706,1183.89,False
RM1201,Human Resources,1,3195,Upto 5k,0.1919426756936628,18,Travel_Rarely,36-45,2,2,0.092,293.94,False
RM174,Research & Development,2,3072,Upto 5k,3.0,11,Non-Travel,26-35,12,9,0.0935,287.23,False
RM717,Research & Development,5,19419,15k+,3.0,17,Travel_Frequently,36-45,18,16,0.06611111111111112,1283.81,False
RM129,Research & Development,1,2523,Upto 5k,3.0,14,Travel_Rarely,18-25,2,1,0.099,249.78,False
RM620,Sales,2,4037,Upto 5k,4.0,22,Travel_Rarely,26-35,9,8,0.17465419527372777,705.08,False
RM575,Research & Development,1,3280,Upto 5k,3.0,16,Travel_Rarely,26-35,4,2,0.098,321.44,False
RM554,Research & Development,1,2342,Upto 5k,4.0,20,Travel_Rarely,36-45,4,2,0.17754308416261666,415.81,True
RM767,Research & Development,5,19237,15k+,5.414853166188367,11,Travel_Rarely,46-55,8,1,0.07075000000000001,1361.02,False
RM319,Research & Development,1,2478,Upto 5k,3.0,12,Travel_Rarely,26-35,4,3,0.0955,236.65,False
RM691,Research & Development,2,5855,5k-10k,3.0,11,Travel_Rarely,26-35,9,7,0.08522222222222223,498.98,False
RM1002,Research & Development,1,3629,Upto 5k,3.0,18,Travel_Rarely,36-45,3,2,0.09533333333333333,345.96,False
RM1328,Sales,4,13225,10k-15k,3.0,12,Travel_Rarely,46-55,19,17,0.07305263157894738,966.12,False
RM223,Research & Development,3,12185,10k-15k,3.0,14,Travel_Frequently,36-45,10,8,0.07700000000000001,938.25,False
RM827,Human Resources,1,2844,Upto 5k,3.0,13,Travel_Rarely,36-45,7,6,0.09342857142857143,265.71,False
RM503,Sales,2,8381,5k-10k,4.0,20,Travel_Rarely,46-55,14,7,0.16754308416261668,1404.18,True
RM1213,Research & Development,1,2929,Upto 5k,3.0,12,Travel_Rarely,26-35,10,9,0.094,275.33,False
RM897,Research & Development,2,6812,5k-10k,3.0,19,Travel_Rarely,26-35,10,9,0.084,572.21,False
RM1457,Research & Development,2,5689,5k-10k,3.0,14,Travel_Frequently,26-35,10,2,0.094,534.77,False
RM602,Research & Development,2,5094,5k-10k,3.0,14,Travel_Frequently,36-45,1,0,0.095,483.93,False
RM1110,Sales,3,9250,5k-10k,-0.0408865821120709,12,Travel_Rarely,26-35,4,2,0.08800000000000001,814.0,False
RM235,Research & Development,1,2436,Upto 5k,3.0,13,Travel_Rarely,26-35,5,4,0.095,231.42,False
RM1228,Research & Development,1,3477,Upto 5k,3.0,14,Travel_Rarely,26-35,5,2,0.099,344.22,False
RM1167,Research & Development,4,15202,15k+,4.0,25,Travel_Frequently,46-55,2,2,0.1455430841626167,2212.55,True
RM913,Research & Development,1,2875,Upto 5k,4.0,20,Travel_Rarely,26-35,8,5,0.17729308416261666,509.72,True
RM1210,Research & Development,3,10883,10k-15k,4.0,20,Travel_Rarely,55+,1,0,0.16254308416261667,1768.96,False
RM157,Research & Development,2,6132,5k-10k,3.0,17,Travel_Rarely,46-55,1,0,0.092,564.14,False
RM968,Research & Development,1,2387,Upto 5k,4.0,22,Travel_Rarely,36-45,4,2,0.17754308416261666,423.8,False
RM244,Research & Development,2,3319,Upto 5k,3.0,17,Travel_Rarely,36-45,9,8,0.09311111111111112,309.04,False
RM1139,Research & Development,4,11245,10k-15k,3.0,15,Travel_Frequently,46-55,30,8,0.08233333333333334,925.84,False
RM734,Research & Development,2,5472,5k-10k,3.0,12,Travel_Rarely,26-35,8,7,0.08425,461.02,False
RM1233,Research & Development,2,6883,5k-10k,3.0,16,Travel_Rarely,26-35,7,7,0.083,571.29,False
RM247,Research & Development,1,2911,Upto 5k,3.0,13,Travel_Rarely,26-35,2,2,0.093,270.72,False
RM160,Sales,1,2231,Upto 5k,3.0,18,Travel_Frequently,26-35,4,3,0.0985,219.75,False
RM846,Research & Development,2,4422,Upto 5k,3.0,13,Travel_Frequently,36-45,1,1,0.095,420.09,False
RM1254,Sales,2,5147,5k-10k,3.0,15,Non-Travel,26-35,11,7,0.08463636363636363,435.62,False
RM1248,Sales,2,8346,5k-10k,3.0,19,Travel_Rarely,26-35,5,2,0.08900000000000001,742.79,False
RM1436,Research & Development,1,2436,Upto 5k,3.0,12,Travel_Rarely,36-45,4,3,0.0945,230.2,False
RM340,Sales,2,6214,5k-10k,3.0,18,Travel_Rarely,26-35,8,7,0.08425,523.53,False
RM1068,Sales,2,4591,Upto 5k,3.0,17,Travel_Rarely,46-55,5,4,0.094,431.55,False
RM043,Research & Development,1,2293,Upto 5k,1.882459492717898,12,Travel_Rarely,26-35,1,0,0.103,236.18,False
RM506,Research & Development,1,2659,Upto 5k,3.0,13,Travel_Rarely,26-35,3,2,0.09633333333333333,256.15,False
RM785,Research & Development,3,8823,5k-10k,3.0,18,Travel_Rarely,36-45,19,9,0.08726315789473685,769.92,False
RM926,Research & Development,2,2372,Upto 5k,3.0,16,Travel_Rarely,36-45,1,0,0.102,241.94,False
RM065,Research & Development,3,10096,10k-15k,3.0,13,Travel_Rarely,36-45,17,14,0.07376470588235295,744.73,False
RM1028,Research & Development,1,3294,Upto 5k,3.0,17,Travel_Rarely,26-35,5,4,0.095,312.93,False
RM1200,Research & Development,2,5347,5k-10k,3.0,14,Travel_Rarely,36-45,3,2,0.08533333333333334,456.28,False
RM555,Research & Development,2,6811,5k-10k,3.0,19,Travel_Rarely,26-35,7,6,0.08442857142857144,575.04,False
RM924,Human Resources,2,4490,Upto 5k,-0.6942920418792453,11,Travel_Frequently,26-35,10,9,0.097,435.53,False
RM792,Sales,3,9582,5k-10k,4.0,22,Travel_Rarely,26-35,8,7,0.16479308416261668,1579.05,True
RM1177,Research & Development,4,16413,15k+,3.0,16,Travel_Rarely,46-55,4,2,0.067,1099.67,False
RM945,Research & Development,2,6674,5k-10k,4.502805574762932,11,Non-Travel,26-35,9,8,0.08211111111111112,548.01,False
RM061,Research & Development,2,6162,5k-10k,4.944954210717024,22,Travel_Rarely,26-35,9,8,0.08411111111111112,518.29,False
RM636,Research & Development,3,10685,10k-15k,4.0,20,Travel_Rarely,26-35,17,14,0.1553077900449696,1659.46,True
RM170,Research & Development,1,3038,Upto 5k,4.0,20,Travel_Rarely,26-35,5,4,0.17554308416261666,533.3,True
RM1143,Research & Development,2,5769,5k-10k,3.0,14,Travel_Rarely,36-45,10,7,0.085,490.36,False
RM1226,Research & Development,4,16704,15k+,3.0,11,Travel_Rarely,36-45,21,6,0.06914285714285714,1154.96,False
RM763,Research & Development,1,2042,Upto 5k,3.0,14,Travel_Frequently,26-35,3,2,0.09933333333333333,202.84,False
RM1368,Research & Development,1,2226,Upto 5k,3.0,11,Travel_Rarely,26-35,5,3,0.097,215.92,False
RM779,Research & Development,2,4615,Upto 5k,4.0,23,Travel_Rarely,46-55,16,13,0.17441808416261664,804.94,True
RM291,Research & Development,5,18665,15k+,3.0,11,Travel_Frequently,46-55,3,2,0.06833333333333333,1275.44,False
RM1460,Research & Development,2,4025,Upto 5k,3.0,13,Travel_Rarely,26-35,4,3,0.0955,384.39,False
RM058,Research & Development,1,4014,Upto 5k,3.0,15,Travel_Rarely,26-35,2,2,0.093,373.3,False
RM963,Human Resources,4,14026,10k-15k,3.0,11,Travel_Rarely,46-55,33,9,0.07927272727272729,1111.88,False
RM1168,Sales,2,5440,5k-10k,0.2563077891925189,14,Travel_Rarely,26-35,2,2,0.083,451.52,False
RM535,Research & Development,4,14814,10k-15k,-0.4946033131189109,19,Travel_Rarely,46-55,5,1,0.08000000000000002,1185.12,False
RM446,Sales,4,16835,15k+,4.0,23,Travel_Rarely,46-55,10,9,0.14354308416261669,2416.55,True
RM477,Research & Development,1,2127,Upto 5k,4.0,21,Travel_Rarely,18-25,1,0,0.18454308416261667,392.52,False
RM617,Sales,4,16307,15k+,3.0,14,Travel_Rarely,46-55,20,6,0.069,1125.18,False
RM726,Research & Development,1,3743,Upto 5k,4.0,24,Travel_Rarely,26-35,4,2,0.17854308416261666,668.29,False
RM165,Research & Development,1,2566,Upto 5k,3.0,15,Non-Travel,26-35,1,1,0.091,233.51,False
RM789,Research & Development,2,3660,Upto 5k,3.0,13,Travel_Rarely,26-35,8,7,0.09425,344.96,False
RM1208,Research & Development,1,3537,Upto 5k,3.0,12,Travel_Rarely,46-55,4,2,0.097,343.09,False
RM166,Research & Development,5,19926,15k+,3.0,15,Travel_Rarely,46-55,5,4,0.064,1275.26,False
RM208,Research & Development,1,2153,Upto 5k,3.0,13,Travel_Frequently,36-45,8,1,0.10375000000000001,223.37,False
RM256,Research & Development,2,4898,Upto 5k,3.0,12,Travel_Rarely,18-25,4,2,0.099,484.9,False
RM824,Research & Development,1,3291,Upto 5k,3.0,14,Travel_Frequently,26-35,7,5,0.09885714285714287,325.34,False
RM1313,Human Resources,1,2956,Upto 5k,3.0,17,Travel_Rarely,26-35,1,0,0.103,304.47,False
RM766,Research & Development,1,2821,Upto 5k,3.0,16,Travel_Frequently,36-45,2,2,0.095,268.0,False
RM1000,Human Resources,4,16799,15k+,3.0,14,Travel_Rarely,36-45,20,7,0.0685,1150.73,False
RM173,Research & Development,1,2088,Upto 5k,3.0,12,Travel_Frequently,36-45,8,7,0.09625,200.97,False
RM133,Sales,2,4559,Upto 5k,3.0,11,Travel_Rarely,26-35,2,2,0.093,423.99,False
RM872,Research & Development,1,2210,Upto 5k,3.0,13,Travel_Rarely,18-25,1,0,0.104,229.84,False
RM880,Sales,2,5220,5k-10k,3.0,18,Travel_Rarely,55+,11,7,0.08563636363636364,447.02,False
RM298,Sales,3,8020,5k-10k,3.0,15,Travel_Rarely,26-35,11,9,0.08481818181818182,680.24,False
RM788,Research & Development,3,10976,10k-15k,3.0,18,Travel_Frequently,46-55,3,2,0.07833333333333334,859.79,False
RM352,Research & Development,1,2370,Upto 5k,3.0,13,Travel_Rarely,26-35,8,0,0.103,244.11,False
RM161,Research & Development,1,2323,Upto 5k,4.0,24,Travel_Rarely,18-25,2,2,0.17454308416261666,405.46,True
RM1316,Research & Development,2,6962,5k-10k,4.0,22,Travel_Rarely,36-45,1,0,0.17254308416261668,1201.24,False
RM1428,Research & Development,1,2406,Upto 5k,3.0,19,Travel_Rarely,36-45,1,0,0.102,245.41,False
RM863,Research & Development,1,2290,Upto 5k,3.0,13,Non-Travel,36-45,0,0,0.09999999999999999,229.0,False
RM857,Research & Development,1,3033,Upto 5k,3.0,12,Travel_Rarely,18-25,2,2,0.094,285.1,False
RM545,Sales,4,13770,10k-15k,3.0,12,Travel_Frequently,46-55,22,2,0.0840909090909091,1157.93,False
RM768,Research & Development,2,4107,Upto 5k,3.0,15,Travel_Rarely,36-45,4,3,0.0945,388.11,False
RM1315,Sales,2,5154,5k-10k,4.0,22,Non-Travel,36-45,8,7,0.16179308416261667,833.88,True
RM433,Research & Development,1,2768,Upto 5k,3.0,12,Travel_Rarely,26-35,7,3,0.09871428571428571,273.24,False
RM661,Research & Development,1,2380,Upto 5k,3.0,14,Travel_Frequently,55+,1,0,0.105,249.9,False
RM815,Research & Development,5,19626,15k+,3.0,14,Travel_Rarely,36-45,20,7,0.0685,1344.38,False
RM410,Research & Development,2,4556,Upto 5k,3.0,11,Travel_Frequently,36-45,5,4,0.097,441.93,False
RM639,Sales,2,4256,Upto 5k,3.0,12,Travel_Rarely,18-25,5,2,0.1,425.6,False
RM175,Sales,2,5006,5k-10k,3.0,11,Travel_Rarely,36-45,5,4,0.084,420.5,False
RM599,Research & Development,1,4382,Upto 5k,3.0,17,Travel_Rarely,26-35,2,2,0.093,407.53,False
RM349,Research & Development,4,15992,15k+,3.0,14,Travel_Rarely,36-45,1,0,0.072,1151.42,False
RM1381,Sales,2,5561,5k-10k,3.0,16,Travel_Rarely,26-35,5,3,0.08700000000000001,483.81,False
RM1340,Research & Development,1,2472,Upto 5k,4.4002435267656494,23,Travel_Rarely,18-25,1,0,0.104,257.09,False
RM701,Research & Development,1,2479,Upto 5k,0.1320924850962335,24,Travel_Rarely,55+,1,0,0.102,252.86,False
RM1338,Sales,1,2856,Upto 5k,3.0,19,Travel_Rarely,26-35,1,0,0.103,294.17,False
RM840,Sales,2,5155,5k-10k,3.0,13,Travel_Rarely,36-45,6,4,0.08533333333333334,439.89,False
RM1301,Sales,2,6799,5k-10k,4.0,21,Travel_Rarely,26-35,10,8,0.16554308416261668,1125.53,True
RM716,Research & Development,2,5488,5k-10k,3.0,13,Travel_Frequently,26-35,6,5,0.08766666666666667,481.11,False
RM501,Research & Development,2,6322,5k-10k,3.0,12,Travel_Rarely,26-35,6,4,0.08633333333333335,545.8,False
RM151,Research & Development,2,5605,5k-10k,3.0,11,Travel_Frequently,36-45,20,7,0.09150000000000001,512.86,False
RM1277,Sales,2,4189,Upto 5k,3.0,14,Travel_Rarely,36-45,5,2,0.098,410.52,False
RM911,Research & Development,1,1223,Upto 5k,4.0,22,Travel_Rarely,18-25,1,0,0.18454308416261667,225.7,False
RM485,Sales,2,5460,5k-10k,4.0,22,Travel_Rarely,26-35,7,7,0.16354308416261668,892.95,True
RM1339,Sales,1,1081,Upto 5k,3.0,13,Travel_Rarely,26-35,1,0,0.103,111.34,False
RM838,Research & Development,3,13499,10k-15k,3.0,17,Travel_Frequently,36-45,18,7,0.08111111111111112,1094.92,False
RM983,Research & Development,1,2610,Upto 5k,3.0,11,Travel_Frequently,36-45,4,2,0.1,261.0,False
RM1403,Research & Development,1,1129,Upto 5k,1.5825535508668165,11,Travel_Rarely,26-35,1,0,0.103,116.29,False
RM521,Sales,2,8120,5k-10k,3.0,12,Travel_Rarely,46-55,2,2,0.082,665.84,False
RM057,Sales,3,9069,5k-10k,4.0,22,Travel_Frequently,26-35,9,8,0.1676541952737278,1520.46,True
RM942,Research & Development,2,4627,Upto 5k,3.0,12,Travel_Rarely,26-35,9,2,0.10077777777777777,466.3,False
RM741,Research & Development,1,3917,Upto 5k,4.0,20,Travel_Rarely,26-35,3,2,0.17687641749594998,692.82,True
RM375,Sales,2,5253,5k-10k,3.0,16,Travel_Rarely,26-35,7,5,0.08585714285714287,451.01,False
RM647,Sales,4,11836,10k-15k,3.0,14,Travel_Rarely,46-55,2,0,0.082,970.55,False
RM690,Research & Development,1,2973,Upto 5k,3.0,19,Travel_Rarely,18-25,1,0,0.104,309.19,False
RM688,Research & Development,1,2519,Upto 5k,4.0,21,Travel_Rarely,36-45,11,8,0.17527035688988937,441.51,True
RM543,Research & Development,3,7861,5k-10k,3.0,14,Travel_Rarely,36-45,1,0,0.092,723.21,False
RM819,Sales,1,2791,Upto 5k,3.0,12,Travel_Frequently,26-35,2,2,0.096,267.94,False
RM1170,Research & Development,1,3517,Upto 5k,3.0,17,Travel_Rarely,26-35,3,2,0.09633333333333333,338.8,False
RM1396,Sales,2,5617,5k-10k,3.0,11,Travel_Frequently,26-35,10,7,0.08900000000000001,499.91,False
RM195,Research & Development,4,16792,15k+,4.0,23,Non-Travel,36-45,20,8,0.1465430841626167,2460.75,True
RM460,Research & Development,2,6811,5k-10k,3.0,17,Non-Travel,36-45,8,7,0.08125,553.39,False
RM315,Research & Development,4,17068,15k+,3.0,14,Travel_Rarely,36-45,21,9,0.06771428571428571,1155.75,False
RM871,Sales,2,8966,5k-10k,3.0,15,Travel_Rarely,26-35,7,7,0.083,744.18,False
RM276,Research & Development,3,13603,10k-15k,3.0,18,Non-Travel,36-45,5,2,0.07600000000000001,1033.83,False
RM567,Sales,2,6397,5k-10k,3.0,12,Travel_Frequently,46-55,5,4,0.08700000000000001,556.54,False
RM1054,Research & Development,2,4900,Upto 5k,4.0,24,Travel_Rarely,55+,12,9,0.17504308416261666,857.71,True
RM305,Research & Development,3,9613,5k-10k,3.0,17,Travel_Rarely,36-45,18,10,0.08644444444444445,830.99,False
RM257,Research & Development,1,2593,Upto 5k,3.0,11,Travel_Rarely,36-45,9,6,0.09533333333333333,247.2,False
RM1242,Sales,3,9610,5k-10k,4.722754187802934,13,Travel_Rarely,26-35,4,3,0.0855,821.66,False
RM111,Research & Development,3,7484,5k-10k,4.0,20,Travel_Frequently,46-55,13,12,0.16631231493184745,1244.68,True
RM353,Sales,3,12504,10k-15k,5.166087931011689,21,Travel_Rarely,46-55,0,0,0.082,1025.33,False
RM370,Research & Development,1,2657,Upto 5k,3.0,16,Travel_Rarely,26-35,2,2,0.093,247.1,False
RM1325,Research & Development,2,6384,5k-10k,3.0,17,Travel_Rarely,26-35,7,0,0.093,593.71,False
RM577,Sales,2,4342,Upto 5k,3.0,19,Travel_Frequently,26-35,4,2,0.101,438.54,False
RM1317,Sales,2,5675,5k-10k,4.0,20,Travel_Frequently,36-45,7,7,0.16554308416261668,939.46,True
RM995,Research & Development,4,13247,10k-15k,3.0,11,Travel_Frequently,46-55,5,3,0.07900000000000001,1046.51,False
RM795,Research & Development,2,7756,5k-10k,3.0,17,Travel_Frequently,26-35,6,2,0.09266666666666667,718.72,False
RM1049,Sales,2,4759,Upto 5k,3.0,18,Travel_Rarely,26-35,13,9,0.09607692307692307,457.23,False
RM642,Sales,2,6524,5k-10k,3.0,14,Travel_Frequently,26-35,10,8,0.08800000000000001,574.11,False
RM508,Sales,2,5561,5k-10k,3.0,14,Travel_Rarely,26-35,6,0,0.093,517.17,False
RM1088,Sales,1,2308,Upto 5k,4.0,25,Travel_Rarely,26-35,11,10,0.17445217507170757,402.64,True
RM663,Sales,1,2044,Upto 5k,4.484426022388566,13,Travel_Rarely,18-25,2,2,0.094,192.14,False
RM213,Sales,2,9981,5k-10k,3.0,14,Travel_Frequently,26-35,7,7,0.08600000000000001,858.37,False
RM1401,Human Resources,1,2991,Upto 5k,3.0,11,Travel_Frequently,36-45,6,2,0.10166666666666667,304.08,False
RM1295,Research & Development,2,6870,5k-10k,3.0,12,Travel_Rarely,36-45,3,2,0.08533333333333334,586.24,False
RM486,Research & Development,1,2187,Upto 5k,3.0,12,Travel_Rarely,26-35,5,3,0.097,212.14,False
RM033,Research & Development,1,2206,Upto 5k,3.0,13,Travel_Rarely,26-35,10,0,0.103,227.22,False
RM1109,Research & Development,1,2450,Upto 5k,3.0,19,Travel_Rarely,26-35,3,0,0.103,252.35,False
RM1232,Research & Development,2,5562,5k-10k,0.2029025163875317,14,Travel_Rarely,46-55,10,7,0.085,472.77,False
RM261,Research & Development,1,2794,Upto 5k,4.0,20,Travel_Frequently,26-35,5,1,0.18454308416261667,515.61,False
RM469,Research & Development,2,5577,5k-10k,3.0,12,Travel_Rarely,46-55,10,9,0.083,462.89,False
RM253,Research & Development,1,2340,Upto 5k,3.0,19,Travel_Rarely,26-35,6,5,0.09466666666666666,221.52,False
RM918,Sales,2,4538,Upto 5k,3.0,12,Travel_Rarely,26-35,3,2,0.09633333333333333,437.16,False
RM294,Sales,2,5828,5k-10k,1.0774897094288136,12,Travel_Rarely,26-35,8,7,0.08425,491.01,False
RM472,Research & Development,2,9824,5k-10k,3.0,19,Travel_Rarely,36-45,1,0,0.092,903.81,False
RM915,Research & Development,4,13577,10k-15k,3.0,15,Non-Travel,46-55,33,9,0.07727272727272728,1049.13,False
RM700,Research & Development,4,17099,15k+,3.0,15,Travel_Rarely,46-55,9,8,0.06311111111111112,1079.14,False
RM757,Research & Development,1,4025,Upto 5k,3.0,12,Non-Travel,26-35,8,7,0.09225,371.31,False
RM672,Research & Development,1,2008,Upto 5k,3.0,14,Travel_Rarely,26-35,1,0,0.103,206.82,False
RM917,Sales,5,18789,15k+,3.0,14,Travel_Rarely,46-55,11,4,0.06836363636363636,1284.48,False
RM250,Research & Development,2,6434,5k-10k,3.0,17,Travel_Frequently,36-45,3,2,0.08833333333333335,568.34,False
RM680,Sales,2,6932,5k-10k,3.0,13,Non-Travel,26-35,9,8,0.08211111111111112,569.19,False
RM1005,Research & Development,1,3578,Upto 5k,3.0,12,Travel_Rarely,26-35,7,7,0.093,332.75,False
RM1162,Research & Development,3,7756,5k-10k,3.0,19,Travel_Rarely,36-45,5,4,0.084,651.5,False
RM020,Research & Development,1,3944,Upto 5k,3.0,11,Travel_Rarely,36-45,3,2,0.09533333333333333,375.99,False
RM520,Research & Development,1,2720,Upto 5k,3.0,18,Travel_Frequently,26-35,10,7,0.099,269.28,False
RM1029,Research & Development,1,2127,Upto 5k,3.0,12,Travel_Rarely,36-45,4,2,0.097,206.32,False
RM283,Sales,2,4554,Upto 5k,2.6219404484680555,18,Travel_Frequently,26-35,10,7,0.099,450.85,False
RM1408,Research & Development,2,4617,Upto 5k,3.0,12,Travel_Rarely,18-25,4,3,0.0965,445.54,False
RM015,Research & Development,1,2028,Upto 5k,3.0,14,Travel_Rarely,26-35,4,2,0.098,198.74,False
RM1283,Research & Development,1,3143,Upto 5k,3.0,19,Travel_Rarely,26-35,10,8,0.095,298.58,False
RM1265,Research & Development,5,19038,15k+,3.0,12,Travel_Rarely,46-55,1,0,0.072,1370.74,False
RM579,Research & Development,2,5980,5k-10k,3.0,12,Travel_Frequently,36-45,15,7,0.09033333333333333,540.19,False
RM456,Research & Development,4,16184,15k+,4.802789107184358,19,Travel_Rarely,26-35,6,1,0.07133333333333333,1154.46,False
RM425,Sales,4,14118,10k-15k,3.0,12,Travel_Rarely,55+,1,0,0.082,1157.68,False
RM628,Research & Development,4,13826,10k-15k,4.0,22,Travel_Frequently,46-55,9,8,0.1566541952737278,2165.9,False
RM391,Research & Development,4,14336,10k-15k,3.0,11,Travel_Rarely,36-45,25,10,0.07800000000000001,1118.21,False
RM1158,Research & Development,2,4148,Upto 5k,3.0,12,Non-Travel,26-35,14,11,0.09314285714285714,386.36,False
RM471,Sales,1,2400,Upto 5k,4.450901763173709,13,Travel_Frequently,18-25,2,2,0.097,232.8,False
RM218,Research & Development,1,2058,Upto 5k,3.0,14,Travel_Rarely,26-35,6,2,0.09966666666666667,205.11,False
RM412,Research & Development,5,19566,15k+,3.0,11,Travel_Rarely,55+,29,8,0.06924137931034482,1354.78,False
RM844,Research & Development,1,4420,Upto 5k,4.0,22,Travel_Rarely,26-35,8,7,0.17479308416261666,772.59,False
RM242,Sales,2,4465,Upto 5k,3.0,18,Non-Travel,26-35,3,2,0.09433333333333332,421.2,False
RM1199,Sales,2,5368,5k-10k,4.0,25,Non-Travel,26-35,6,5,0.16320975082928335,876.11,True
RM102,Research & Development,1,2956,Upto 5k,3.0,13,Travel_Rarely,26-35,1,0,0.103,304.47,False
RM317,Research & Development,4,13964,10k-15k,3.0,12,Travel_Rarely,46-55,7,1,0.08057142857142859,1125.1,False
RM1290,Human Resources,1,2592,Upto 5k,3.0,13,Non-Travel,36-45,11,10,0.09090909090909091,235.64,False
RM1276,Research & Development,3,13116,10k-15k,3.0,11,Travel_Rarely,46-55,2,2,0.07200000000000001,944.35,False
RM849,Research & Development,1,2376,Upto 5k,3.0,13,Travel_Frequently,26-35,2,2,0.096,228.1,False
RM714,Research & Development,1,2270,Upto 5k,3.0,14,Travel_Rarely,36-45,5,3,0.096,217.92,False
RM987,Sales,2,6120,5k-10k,3.0,12,Travel_Rarely,36-45,5,4,0.084,514.08,False
RM1462,Sales,3,10854,10k-15k,3.0,13,Travel_Rarely,46-55,3,2,0.07533333333333334,817.67,False
RM862,Sales,4,17048,15k+,4.0,23,Travel_Rarely,46-55,26,15,0.14677385339338592,2502.2,True
RM203,Research & Development,1,3815,Upto 5k,3.0,17,Travel_Frequently,26-35,5,3,0.1,381.5,False
RM625,Sales,3,10934,10k-15k,3.0,18,Travel_Rarely,46-55,5,2,0.07800000000000001,852.85,False
RM1057,Sales,1,2909,Upto 5k,3.0,15,Travel_Frequently,26-35,3,2,0.09933333333333333,288.96,False
RM899,Research & Development,5,19740,15k+,3.0,14,Travel_Rarely,36-45,8,7,0.06325,1248.56,False
RM512,Research & Development,2,8847,5k-10k,3.0,11,Travel_Rarely,36-45,3,2,0.08533333333333334,754.94,False
RM083,Sales,3,10239,10k-15k,3.0,14,Travel_Rarely,46-55,1,0,0.082,839.6,False
RM654,Research & Development,4,17924,15k+,3.0,11,Non-Travel,46-55,31,6,0.06806451612903225,1219.99,False
RM1386,Sales,3,8628,5k-10k,3.0,18,Travel_Rarely,26-35,8,7,0.08425,726.91,False
RM1222,Research & Development,3,10748,10k-15k,4.0,23,Non-Travel,36-45,23,15,0.15402134503218187,1655.42,True
RM495,Sales,1,2579,Upto 5k,3.0,18,Travel_Rarely,26-35,8,2,0.1005,259.19,False
RM1251,Research & Development,2,6294,5k-10k,3.0,12,Travel_Frequently,26-35,3,2,0.08933333333333335,562.26,False
RM1149,Research & Development,2,5377,5k-10k,3.0,13,Travel_Rarely,36-45,7,7,0.082,440.91,False
RM1225,Research & Development,1,2305,Upto 5k,3.0,15,Travel_Rarely,26-35,3,2,0.09633333333333333,222.05,False
RM1204,Research & Development,3,7005,5k-10k,3.0,15,Travel_Rarely,46-55,4,3,0.0845,591.92,False
RM234,Sales,5,19517,15k+,3.0,11,Travel_Rarely,46-55,7,0,0.072,1405.22,False
RM1166,Human Resources,2,5743,5k-10k,3.0,11,Travel_Frequently,36-45,10,7,0.08800000000000001,505.38,False
RM1349,Research & Development,4,16823,15k+,3.0,11,Travel_Rarely,36-45,19,7,0.0683157894736842,1149.28,False
RM198,Research & Development,2,5265,5k-10k,3.0,16,Non-Travel,36-45,5,3,0.084,442.26,False
RM426,Research & Development,4,17046,15k+,0.0572503785938067,15,Travel_Rarely,46-55,27,10,0.0682962962962963,1164.18,False
RM729,Research & Development,3,10739,10k-15k,3.0,11,Travel_Rarely,46-55,10,7,0.07500000000000001,805.42,False
RM877,Sales,1,2678,Upto 5k,3.0,17,Travel_Rarely,18-25,2,1,0.099,265.12,False
RM998,Research & Development,1,2394,Upto 5k,4.203007182197519,13,Travel_Rarely,26-35,8,2,0.1005,240.6,False
RM1405,Research & Development,2,4332,Upto 5k,3.0,12,Non-Travel,36-45,20,9,0.0955,413.71,False
RM893,Research & Development,1,1859,Upto 5k,4.0,25,Non-Travel,18-25,1,1,0.17254308416261666,320.76,False
RM1087,Research & Development,4,14411,10k-15k,4.339488931918761,13,Travel_Frequently,46-55,32,6,0.083125,1197.91,False
RM964,Sales,2,6893,5k-10k,3.0,15,Travel_Rarely,36-45,7,7,0.082,565.23,False
RM980,Research & Development,2,5429,5k-10k,1.3569985101011957,13,Travel_Rarely,26-35,8,7,0.08425,457.39,False
RM948,Sales,3,8446,5k-10k,3.0,19,Travel_Rarely,46-55,8,7,0.08325,703.13,False
RM282,Sales,2,4907,Upto 5k,4.0,25,Travel_Rarely,36-45,20,16,0.17454308416261666,856.48,True
RM673,Sales,2,6244,5k-10k,3.0,17,Travel_Rarely,36-45,5,4,0.084,524.5,False
RM1076,Research & Development,3,11244,10k-15k,4.0,25,Travel_Rarely,26-35,5,2,0.15954308416261667,1793.9,False
RM1384,Research & Development,1,2810,Upto 5k,4.0,22,Non-Travel,36-45,5,4,0.17254308416261666,484.85,False
RM534,Sales,3,10475,10k-15k,4.0,21,Travel_Frequently,36-45,18,13,0.15832086194039444,1658.41,True
RM1450,Research & Development,1,2439,Upto 5k,3.0,14,Travel_Rarely,26-35,4,2,0.098,239.02,False
RM1442,Research & Development,2,6306,5k-10k,4.0,21,Non-Travel,55+,13,12,0.16131231493184744,1017.24,True
RM775,Research & Development,4,16756,15k+,3.0,15,Non-Travel,46-55,9,7,0.06222222222222222,1042.6,False
RM236,Sales,4,16064,15k+,4.0,22,Travel_Rarely,36-45,17,13,0.14489602533908727,2327.61,True
RM695,Research & Development,2,6949,5k-10k,0.2563096697453693,14,Travel_Rarely,26-35,5,0,0.093,646.26,False
RM017,Research & Development,1,3298,Upto 5k,3.0,12,Travel_Rarely,26-35,6,2,0.09966666666666667,328.7,False
RM1132,Research & Development,2,5063,5k-10k,3.0,14,Travel_Frequently,26-35,8,2,0.0935,473.39,False
RM1031,Sales,3,10793,10k-15k,3.0,18,Travel_Rarely,26-35,13,7,0.07761538461538463,837.7,False
RM1056,Research & Development,4,17007,15k+,3.0,14,Travel_Frequently,26-35,14,8,0.07028571428571428,1195.35,False
RM1459,Research & Development,1,2977,Upto 5k,3.0,12,Travel_Rarely,26-35,4,3,0.0955,284.3,False
RM1072,Research & Development,2,4789,Upto 5k,5.37545202030649,25,Travel_Rarely,46-55,3,2,0.09533333333333333,456.55,False
RM1468,Research & Development,2,6142,5k-10k,4.0,20,Travel_Rarely,26-35,6,2,0.17020975082928336,1045.43,False
RM1319,Research & Development,1,3812,Upto 5k,3.0,13,Travel_Frequently,26-35,11,8,0.09872727272727273,376.35,False
RM1429,Sales,1,2269,Upto 5k,3.0,14,Travel_Rarely,26-35,2,2,0.093,211.02,False
RM377,Sales,2,4936,Upto 5k,3.0,11,Travel_Rarely,46-55,7,7,0.092,454.11,False
RM653,Sales,3,7642,5k-10k,3.0,13,Non-Travel,36-45,10,0,0.09,687.78,False
RM1333,Research & Development,1,2439,Upto 5k,4.0,24,Travel_Frequently,26-35,1,0,0.18654308416261667,454.98,False
RM952,Sales,2,6151,5k-10k,3.0,13,Non-Travel,36-45,19,2,0.08894736842105264,547.12,False
RM1066,Research & Development,2,4035,Upto 5k,3.0,16,Travel_Rarely,46-55,3,2,0.09533333333333333,384.67,False
RM615,Research & Development,1,2366,Upto 5k,3.0,14,Travel_Frequently,26-35,8,7,0.09725,230.09,False
RM850,Sales,2,5346,5k-10k,3.0,13,Travel_Rarely,36-45,4,3,0.0845,451.74,False
RM570,Sales,3,7587,5k-10k,3.0,15,Non-Travel,36-45,10,7,0.083,629.72,False
RM1411,Sales,2,5677,5k-10k,3.0,14,Travel_Rarely,36-45,11,8,0.08472727272727273,481.0,False
RM666,Sales,1,3294,Upto 5k,3.0,18,Travel_Rarely,46-55,3,2,0.09533333333333333,314.03,False
RM112,Research & Development,2,6074,5k-10k,4.0,24,Travel_Frequently,26-35,9,7,0.1687653063848389,1025.08,False
RM1106,Sales,2,6392,5k-10k,3.0,13,Travel_Rarely,26-35,2,2,0.083,530.54,False
RM304,Sales,2,6929,5k-10k,3.0,11,Travel_Rarely,26-35,8,7,0.08425,583.77,False
RM373,Research & Development,2,6540,5k-10k,3.0,19,Travel_Rarely,26-35,1,1,0.083,542.82,False
RM1324,Human Resources,1,2706,Upto 5k,3.0,15,Non-Travel,26-35,3,2,0.09433333333333332,255.27,False
RM138,Sales,2,5902,5k-10k,3.0,14,Travel_Rarely,36-45,15,11,0.08466666666666667,499.7,False
RM240,Research & Development,1,3730,Upto 5k,3.0,14,Travel_Rarely,26-35,3,2,0.09633333333333333,359.32,False
RM401,Research & Development,5,19197,15k+,3.0,14,Travel_Frequently,36-45,21,8,0.07119047619047619,1366.64,False
RM603,Research & Development,2,6877,5k-10k,4.0,24,Travel_Rarely,26-35,0,0,0.17354308416261668,1193.46,False
RM376,Research & Development,3,10965,10k-15k,4.0,24,Travel_Rarely,46-55,5,2,0.15854308416261667,1738.42,False
RM132,Sales,3,9208,5k-10k,3.0,11,Travel_Frequently,46-55,2,2,0.085,782.68,False
RM179,Sales,3,10453,10k-15k,1.211978863018714,25,Travel_Rarely,46-55,24,13,0.07658333333333334,800.53,False
RM368,Research & Development,3,10496,10k-15k,3.0,15,Travel_Rarely,46-55,4,3,0.07450000000000001,781.95,False
RM956,Research & Development,5,19187,15k+,3.0,14,Travel_Rarely,46-55,19,9,0.06726315789473684,1290.58,False
RM1327,Sales,2,9907,5k-10k,3.0,12,Travel_Rarely,26-35,2,2,0.083,822.28,False
RM385,Sales,3,7596,5k-10k,3.0,13,Travel_Rarely,36-45,10,9,0.083,630.47,False
RM289,Research & Development,1,2373,Upto 5k,3.0,13,Travel_Rarely,26-35,3,2,0.09633333333333333,228.6,False
RM749,Sales,2,4969,Upto 5k,3.0,18,Non-Travel,26-35,2,2,0.091,452.18,False
RM392,Research & Development,2,3448,Upto 5k,4.0,22,Travel_Rarely,36-45,1,0,0.18254308416261666,629.41,False
RM1433,Research & Development,3,13744,10k-15k,4.0,25,Travel_Rarely,36-45,16,11,0.15566808416261665,2139.5,True
RM1187,Sales,2,4581,Upto 5k,4.0,24,Travel_Frequently,26-35,11,9,0.1783612659807985,817.07,True
RM1452,Sales,2,5343,5k-10k,3.0,11,Travel_Rarely,36-45,10,7,0.085,454.16,False
RM316,Research & Development,1,2455,Upto 5k,3.0,19,Travel_Frequently,36-45,8,7,0.09625,236.29,False
RM843,Research & Development,1,2515,Upto 5k,3.0,11,Travel_Rarely,26-35,1,1,0.093,233.9,False
RM548,Research & Development,1,2759,Upto 5k,3.0,12,Travel_Frequently,36-45,2,2,0.095,262.1,False
