Person ID,Gender,Age,BMI Category,Blood Pressure,Systolic,Diastolic,Sleep Duration,Quality of Sleep,Physical Activity Level,Daily Steps,Stress Level,risk_score,risk_band,recommendations
135,Male,38,Normal,130/85,130,85,7.3,8,60,8000,5,35.6,Moderate,
349,Female,57,Overweight,140/95,140,95,8.2,9,75,7000,3,34.1,Moderate,Pair sleep regularity with nutrition planning to support weight management. • Discuss blood pressure with your clinician; consider home BP monitoring.
117,Female,37,Normal,115/75,115,75,7.2,8,60,7000,4,23.6,Low,
213,Male,43,Normal,130/85,130,85,7.8,8,90,80000,5,38.5,Moderate,Maintain vigorous activity days with >9000 steps and 1–2 easy recovery days.
247,Male,44,Overweight,130/85,130,85,6.3,6,45,6000,7,51.7,Moderate,"Optimize sleep hygiene: dim lights, avoid screens 60 min pre-bed, keep bedroom cool and dark. • Practice 10 minutes of breathing or body-scan each evening; consider CBT-I techniques. • Add 2000–3000 steps/day via 3x10-min brisk walks. • Pair sleep regularity with nutrition planning to support weight management."
143,Female,38,Normal,115/75,115,75,7.1,8,60,7000,4,24.2,Low,
322,Female,53,Normal,125/80,125,80,8.4,9,30,5000,3,22.1,Low,Add 2000–3000 steps/day via 3x10-min brisk walks.
212,Male,43,Normal,130/85,130,85,7.8,8,90,80000,5,38.5,Moderate,Maintain vigorous activity days with >9000 steps and 1–2 easy recovery days.
304,Female,51,Overweight,140/95,140,95,6.0,6,90,10000,8,63.5,Moderate,"Optimize sleep hygiene: dim lights, avoid screens 60 min pre-bed, keep bedroom cool and dark. • Practice 10 minutes of breathing or body-scan each evening; consider CBT-I techniques. • Maintain vigorous activity days with >9000 steps and 1–2 easy recovery days. • Pair sleep regularity with nutrition planning to support weight management. • Discuss blood pressure with your clinician; consider home BP monitoring."
232,Male,44,Overweight,130/85,130,85,6.3,6,45,6000,7,51.7,Moderate,"Optimize sleep hygiene: dim lights, avoid screens 60 min pre-bed, keep bedroom cool and dark. • Practice 10 minutes of breathing or body-scan each evening; consider CBT-I techniques. • Add 2000–3000 steps/day via 3x10-min brisk walks. • Pair sleep regularity with nutrition planning to support weight management."
308,Female,52,Overweight,130/85,130,85,6.5,7,45,60000,7,54.2,Moderate,Practice 10 minutes of breathing or body-scan each evening; consider CBT-I techniques. • Add 2000–3000 steps/day via 3x10-min brisk walks. • Pair sleep regularity with nutrition planning to support weight management.
218,Male,43,Normal,130/85,130,85,7.8,8,90,8000,5,34.2,Moderate,Maintain vigorous activity days with >9000 steps and 1–2 easy recovery days.
57,Male,32,Normal,120/80,120,80,7.7,7,75,8000,6,38.2,Moderate,
62,Male,32,Normal,125/80,125,80,6.0,6,30,5000,8,53.8,Moderate,"Optimize sleep hygiene: dim lights, avoid screens 60 min pre-bed, keep bedroom cool and dark. • Practice 10 minutes of breathing or body-scan each evening; consider CBT-I techniques. • Add 2000–3000 steps/day via 3x10-min brisk walks."
296,Female,50,Overweight,140/95,140,95,6.0,6,90,10000,8,63.5,Moderate,"Optimize sleep hygiene: dim lights, avoid screens 60 min pre-bed, keep bedroom cool and dark. • Practice 10 minutes of breathing or body-scan each evening; consider CBT-I techniques. • Maintain vigorous activity days with >9000 steps and 1–2 easy recovery days. • Pair sleep regularity with nutrition planning to support weight management. • Discuss blood pressure with your clinician; consider home BP monitoring."
275,Female,49,Overweight,140/95,140,95,6.2,6,90,10000,8,62.3,Moderate,"Optimize sleep hygiene: dim lights, avoid screens 60 min pre-bed, keep bedroom cool and dark. • Practice 10 minutes of breathing or body-scan each evening; consider CBT-I techniques. • Maintain vigorous activity days with >9000 steps and 1–2 easy recovery days. • Pair sleep regularity with nutrition planning to support weight management. • Discuss blood pressure with your clinician; consider home BP monitoring."
273,Female,49,Overweight,140/95,140,95,6.1,6,90,10000,8,62.9,Moderate,"Optimize sleep hygiene: dim lights, avoid screens 60 min pre-bed, keep bedroom cool and dark. • Practice 10 minutes of breathing or body-scan each evening; consider CBT-I techniques. • Maintain vigorous activity days with >9000 steps and 1–2 easy recovery days. • Pair sleep regularity with nutrition planning to support weight management. • Discuss blood pressure with your clinician; consider home BP monitoring."
85,Male,35,Normal Weight,120/80,120,80,7.5,8,60,8000,5,34.3,Moderate,
182,Male,42,Normal,130/85,130,85,7.8,8,90,8000,5,34.2,Moderate,Maintain vigorous activity days with >9000 steps and 1–2 easy recovery days.
98,Female,36,Normal,115/75,115,75,7.1,8,60,7000,4,24.2,Low,
115,Female,37,Normal,115/75,115,75,7.2,8,60,7000,4,23.6,Low,
353,Female,58,Overweight,140/95,140,95,8.0,9,75,7000,3,35.3,Moderate,Pair sleep regularity with nutrition planning to support weight management. • Discuss blood pressure with your clinician; consider home BP monitoring.
340,Female,55,Overweight,140/95,140,95,8.1,9,75,50000,4,41.3,Moderate,Pair sleep regularity with nutrition planning to support weight management. • Discuss blood pressure with your clinician; consider home BP monitoring.
230,Male,44,Overweight,130/85,130,85,6.3,6,45,6000,7,51.7,Moderate,"Optimize sleep hygiene: dim lights, avoid screens 60 min pre-bed, keep bedroom cool and dark. • Practice 10 minutes of breathing or body-scan each evening; consider CBT-I techniques. • Add 2000–3000 steps/day via 3x10-min brisk walks. • Pair sleep regularity with nutrition planning to support weight management."
344,Female,57,Overweight,140/95,140,95,8.1,9,75,7000,3,34.7,Moderate,Pair sleep regularity with nutrition planning to support weight management. • Discuss blood pressure with your clinician; consider home BP monitoring.
258,Female,45,Overweight,135/90,135,90,6.6,7,45,6000,4,48.9,Moderate,Add 2000–3000 steps/day via 3x10-min brisk walks. • Pair sleep regularity with nutrition planning to support weight management. • Discuss blood pressure with your clinician; consider home BP monitoring.
119,Female,37,Normal,115/75,115,75,7.2,8,60,70000,4,28.9,Low,
302,Female,51,Normal,125/80,125,80,8.5,9,30,5000,3,21.5,Low,Add 2000–3000 steps/day via 3x10-min brisk walks.
171,Male,41,Normal,130/85,130,85,7.7,8,90,80000,5,39.2,Moderate,Maintain vigorous activity days with >9000 steps and 1–2 easy recovery days.
146,Female,38,Obese,135/88,135,88,7.4,7,60,3300,5,43.3,Moderate,Pair sleep regularity with nutrition planning to support weight management.
369,Female,59,Overweight,140/95,140,95,8.1,9,75,7000,3,34.7,Moderate,Pair sleep regularity with nutrition planning to support weight management. • Discuss blood pressure with your clinician; consider home BP monitoring.
325,Female,53,Normal,125/80,125,80,8.3,9,30,5000,3,22.7,Low,Add 2000–3000 steps/day via 3x10-min brisk walks.
55,Male,32,Normal,125/80,125,80,6.0,6,30,5000,8,53.8,Moderate,"Optimize sleep hygiene: dim lights, avoid screens 60 min pre-bed, keep bedroom cool and dark. • Practice 10 minutes of breathing or body-scan each evening; consider CBT-I techniques. • Add 2000–3000 steps/day via 3x10-min brisk walks."
177,Male,41,Normal,130/85,130,85,7.6,8,90,8000,5,35.4,Moderate,Maintain vigorous activity days with >9000 steps and 1–2 easy recovery days.
195,Male,43,Overweight,130/85,130,85,6.5,6,45,6000,7,50.5,Moderate,"Optimize sleep hygiene: dim lights, avoid screens 60 min pre-bed, keep bedroom cool and dark. • Practice 10 minutes of breathing or body-scan each evening; consider CBT-I techniques. • Add 2000–3000 steps/day via 3x10-min brisk walks. • Pair sleep regularity with nutrition planning to support weight management."
199,Male,43,Overweight,130/85,130,85,6.5,6,45,6000,7,50.5,Moderate,"Optimize sleep hygiene: dim lights, avoid screens 60 min pre-bed, keep bedroom cool and dark. • Practice 10 minutes of breathing or body-scan each evening; consider CBT-I techniques. • Add 2000–3000 steps/day via 3x10-min brisk walks. • Pair sleep regularity with nutrition planning to support weight management."
183,Male,42,Normal,130/85,130,85,7.8,8,90,8000,5,34.2,Moderate,Maintain vigorous activity days with >9000 steps and 1–2 easy recovery days.
104,Male,36,Overweight,129/84,129,84,6.6,5,35,4800,7,52.1,Moderate,"Optimize sleep hygiene: dim lights, avoid screens 60 min pre-bed, keep bedroom cool and dark. • Practice 10 minutes of breathing or body-scan each evening; consider CBT-I techniques. • Add 2000–3000 steps/day via 3x10-min brisk walks. • Pair sleep regularity with nutrition planning to support weight management."
221,Female,44,Overweight,135/90,135,90,6.6,7,45,6000,4,48.9,Moderate,Add 2000–3000 steps/day via 3x10-min brisk walks. • Pair sleep regularity with nutrition planning to support weight management. • Discuss blood pressure with your clinician; consider home BP monitoring.
131,Female,38,Normal,115/75,115,75,7.1,8,60,7000,4,24.2,Low,
272,Female,49,Overweight,140/95,140,95,6.1,6,90,10000,8,62.9,Moderate,"Optimize sleep hygiene: dim lights, avoid screens 60 min pre-bed, keep bedroom cool and dark. • Practice 10 minutes of breathing or body-scan each evening; consider CBT-I techniques. • Maintain vigorous activity days with >9000 steps and 1–2 easy recovery days. • Pair sleep regularity with nutrition planning to support weight management. • Discuss blood pressure with your clinician; consider home BP monitoring."
61,Male,32,Normal,125/80,125,80,6.0,6,30,5000,8,53.8,Moderate,"Optimize sleep hygiene: dim lights, avoid screens 60 min pre-bed, keep bedroom cool and dark. • Practice 10 minutes of breathing or body-scan each evening; consider CBT-I techniques. • Add 2000–3000 steps/day via 3x10-min brisk walks."
95,Female,36,Normal,115/75,115,75,7.2,8,60,7000,4,23.6,Low,
194,Male,43,Overweight,130/85,130,85,6.5,6,45,6000,7,50.5,Moderate,"Optimize sleep hygiene: dim lights, avoid screens 60 min pre-bed, keep bedroom cool and dark. • Practice 10 minutes of breathing or body-scan each evening; consider CBT-I techniques. • Add 2000–3000 steps/day via 3x10-min brisk walks. • Pair sleep regularity with nutrition planning to support weight management."
141,Female,38,Normal,115/75,115,75,7.1,8,60,7000,4,24.2,Low,
149,Female,39,Normal Weight,128/85,128,85,6.9,7,50,5500,6,43.5,Moderate,Add 2000–3000 steps/day via 3x10-min brisk walks.
203,Male,43,Normal,130/85,130,85,7.8,8,90,8000,5,34.2,Moderate,Maintain vigorous activity days with >9000 steps and 1–2 easy recovery days.
153,Male,39,Normal,130/85,130,85,7.2,8,60,8000,5,36.2,Moderate,
11,Male,29,Normal,120/80,120,80,6.1,6,30,8000,8,49.8,Moderate,"Optimize sleep hygiene: dim lights, avoid screens 60 min pre-bed, keep bedroom cool and dark. • Practice 10 minutes of breathing or body-scan each evening; consider CBT-I techniques. • Add 2000–3000 steps/day via 3x10-min brisk walks."
270,Female,49,Overweight,140/95,140,95,6.1,6,90,100000,8,68.3,High,"Optimize sleep hygiene: dim lights, avoid screens 60 min pre-bed, keep bedroom cool and dark. • Practice 10 minutes of breathing or body-scan each evening; consider CBT-I techniques. • Maintain vigorous activity days with >9000 steps and 1–2 easy recovery days. • Pair sleep regularity with nutrition planning to support weight management. • Discuss blood pressure with your clinician; consider home BP monitoring."
97,Female,36,Normal,115/75,115,75,7.2,8,60,7000,4,23.6,Low,
211,Male,43,Normal,130/85,130,85,7.7,8,90,8000,5,34.8,Moderate,Maintain vigorous activity days with >9000 steps and 1–2 easy recovery days.
241,Female,44,Overweight,135/90,135,90,6.5,7,45,6000,4,49.5,Moderate,Add 2000–3000 steps/day via 3x10-min brisk walks. • Pair sleep regularity with nutrition planning to support weight management. • Discuss blood pressure with your clinician; consider home BP monitoring.
58,Male,32,Normal,125/80,125,80,6.0,6,30,5000,8,53.8,Moderate,"Optimize sleep hygiene: dim lights, avoid screens 60 min pre-bed, keep bedroom cool and dark. • Practice 10 minutes of breathing or body-scan each evening; consider CBT-I techniques. • Add 2000–3000 steps/day via 3x10-min brisk walks."
287,Female,50,Overweight,140/95,140,95,6.0,6,90,10000,8,63.5,Moderate,"Optimize sleep hygiene: dim lights, avoid screens 60 min pre-bed, keep bedroom cool and dark. • Practice 10 minutes of breathing or body-scan each evening; consider CBT-I techniques. • Maintain vigorous activity days with >9000 steps and 1–2 easy recovery days. • Pair sleep regularity with nutrition planning to support weight management. • Discuss blood pressure with your clinician; consider home BP monitoring."
37,Male,31,Normal,125/80,125,80,6.1,6,30,50000,8,59.6,Moderate,"Optimize sleep hygiene: dim lights, avoid screens 60 min pre-bed, keep bedroom cool and dark. • Practice 10 minutes of breathing or body-scan each evening; consider CBT-I techniques. • Add 2000–3000 steps/day via 3x10-min brisk walks."
337,Female,54,Normal,125/80,125,80,8.4,9,30,5000,3,22.1,Low,Add 2000–3000 steps/day via 3x10-min brisk walks.
21,Male,30,Normal,120/80,120,80,7.7,7,75,8000,6,38.2,Moderate,
331,Female,53,Normal,125/80,125,80,8.5,9,30,5000,3,21.5,Low,Add 2000–3000 steps/day via 3x10-min brisk walks.
76,Male,33,Normal,125/80,125,80,6.0,6,30,5000,8,53.8,Moderate,"Optimize sleep hygiene: dim lights, avoid screens 60 min pre-bed, keep bedroom cool and dark. • Practice 10 minutes of breathing or body-scan each evening; consider CBT-I techniques. • Add 2000–3000 steps/day via 3x10-min brisk walks."
201,Male,43,Overweight,130/85,130,85,6.5,6,45,6000,7,50.5,Moderate,"Optimize sleep hygiene: dim lights, avoid screens 60 min pre-bed, keep bedroom cool and dark. • Practice 10 minutes of breathing or body-scan each evening; consider CBT-I techniques. • Add 2000–3000 steps/day via 3x10-min brisk walks. • Pair sleep regularity with nutrition planning to support weight management."
78,Male,33,Normal,125/80,125,80,6.0,6,30,5000,8,53.8,Moderate,"Optimize sleep hygiene: dim lights, avoid screens 60 min pre-bed, keep bedroom cool and dark. • Practice 10 minutes of breathing or body-scan each evening; consider CBT-I techniques. • Add 2000–3000 steps/day via 3x10-min brisk walks."
264,Female,45,Overweight,125/82,125,82,6.9,7,55,5500,5,42.9,Moderate,Add 2000–3000 steps/day via 3x10-min brisk walks. • Pair sleep regularity with nutrition planning to support weight management.
370,Female,59,Overweight,140/95,140,95,8.1,9,75,7000,3,34.7,Moderate,Pair sleep regularity with nutrition planning to support weight management. • Discuss blood pressure with your clinician; consider home BP monitoring.
150,Female,39,Normal Weight,115/78,115,78,8.0,9,80,7500,3,15.2,Low,
330,Female,53,Normal,125/80,125,80,8.5,9,30,5000,3,21.5,Low,Add 2000–3000 steps/day via 3x10-min brisk walks.
3,Male,28,Normal,125/80,125,80,6.2,6,60,10000,8,51.3,Moderate,"Optimize sleep hygiene: dim lights, avoid screens 60 min pre-bed, keep bedroom cool and dark. • Practice 10 minutes of breathing or body-scan each evening; consider CBT-I techniques."
53,Male,32,Normal,125/80,125,80,6.0,6,30,5000,8,53.8,Moderate,"Optimize sleep hygiene: dim lights, avoid screens 60 min pre-bed, keep bedroom cool and dark. • Practice 10 minutes of breathing or body-scan each evening; consider CBT-I techniques. • Add 2000–3000 steps/day via 3x10-min brisk walks."
263,Female,45,Overweight,135/90,135,90,6.6,7,45,6000,4,48.9,Moderate,Add 2000–3000 steps/day via 3x10-min brisk walks. • Pair sleep regularity with nutrition planning to support weight management. • Discuss blood pressure with your clinician; consider home BP monitoring.
254,Female,45,Overweight,135/90,135,90,6.5,7,45,6000,4,49.5,Moderate,Add 2000–3000 steps/day via 3x10-min brisk walks. • Pair sleep regularity with nutrition planning to support weight management. • Discuss blood pressure with your clinician; consider home BP monitoring.
260,Female,45,Overweight,135/90,135,90,6.6,7,45,6000,4,48.9,Moderate,Add 2000–3000 steps/day via 3x10-min brisk walks. • Pair sleep regularity with nutrition planning to support weight management. • Discuss blood pressure with your clinician; consider home BP monitoring.
184,Male,42,Normal,130/85,130,85,7.8,8,90,8000,5,34.2,Moderate,Maintain vigorous activity days with >9000 steps and 1–2 easy recovery days.
152,Male,39,Normal,130/85,130,85,7.2,8,60,8000,5,36.2,Moderate,
341,Female,55,Overweight,140/95,140,95,8.1,9,75,5000,4,38.1,Moderate,Pair sleep regularity with nutrition planning to support weight management. • Discuss blood pressure with your clinician; consider home BP monitoring.
191,Female,43,Overweight,135/90,135,90,6.7,7,45,6000,4,48.3,Moderate,Add 2000–3000 steps/day via 3x10-min brisk walks. • Pair sleep regularity with nutrition planning to support weight management. • Discuss blood pressure with your clinician; consider home BP monitoring.
75,Male,33,Normal,125/80,125,80,6.0,6,30,5000,8,53.8,Moderate,"Optimize sleep hygiene: dim lights, avoid screens 60 min pre-bed, keep bedroom cool and dark. • Practice 10 minutes of breathing or body-scan each evening; consider CBT-I techniques. • Add 2000–3000 steps/day via 3x10-min brisk walks."
244,Female,44,Overweight,135/90,135,90,6.5,7,45,6000,4,49.5,Moderate,Add 2000–3000 steps/day via 3x10-min brisk walks. • Pair sleep regularity with nutrition planning to support weight management. • Discuss blood pressure with your clinician; consider home BP monitoring.
363,Female,59,Overweight,140/95,140,95,8.2,9,75,7000,3,34.1,Moderate,Pair sleep regularity with nutrition planning to support weight management. • Discuss blood pressure with your clinician; consider home BP monitoring.
88,Male,35,Normal,125/80,125,80,7.2,8,60,5000,4,36.3,Moderate,
240,Male,44,Overweight,130/85,130,85,6.4,6,45,6000,7,51.1,Moderate,"Optimize sleep hygiene: dim lights, avoid screens 60 min pre-bed, keep bedroom cool and dark. • Practice 10 minutes of breathing or body-scan each evening; consider CBT-I techniques. • Add 2000–3000 steps/day via 3x10-min brisk walks. • Pair sleep regularity with nutrition planning to support weight management."
144,Female,38,Normal,115/75,115,75,7.1,8,60,7000,4,24.2,Low,
313,Female,52,Normal,125/80,125,80,8.4,9,30,5000,3,22.1,Low,Add 2000–3000 steps/day via 3x10-min brisk walks.
267,Male,48,Obese,142/92,142,92,7.3,7,65,3500,5,51.4,Moderate,Pair sleep regularity with nutrition planning to support weight management. • Discuss blood pressure with your clinician; consider home BP monitoring.
289,Female,50,Overweight,140/95,140,95,6.0,6,90,10000,8,63.5,Moderate,"Optimize sleep hygiene: dim lights, avoid screens 60 min pre-bed, keep bedroom cool and dark. • Practice 10 minutes of breathing or body-scan each evening; consider CBT-I techniques. • Maintain vigorous activity days with >9000 steps and 1–2 easy recovery days. • Pair sleep regularity with nutrition planning to support weight management. • Discuss blood pressure with your clinician; consider home BP monitoring."
137,Female,38,Normal,115/75,115,75,7.1,8,60,7000,4,24.2,Low,
167,Male,41,Normal Weight,121/79,121,79,7.3,8,70,6200,6,32.1,Low,
84,Male,35,Overweight,128/84,128,84,6.7,7,40,5600,5,42.8,Moderate,Add 2000–3000 steps/day via 3x10-min brisk walks. • Pair sleep regularity with nutrition planning to support weight management.
156,Male,39,Normal,130/85,130,85,7.2,8,60,8000,5,36.2,Moderate,
280,Female,50,Normal,125/80,125,80,8.3,9,30,5000,3,22.7,Low,Add 2000–3000 steps/day via 3x10-min brisk walks.
127,Male,38,Normal,130/85,130,85,7.3,8,60,8000,5,35.6,Moderate,
196,Male,43,Overweight,130/85,130,85,6.5,6,45,6000,7,50.5,Moderate,"Optimize sleep hygiene: dim lights, avoid screens 60 min pre-bed, keep bedroom cool and dark. • Practice 10 minutes of breathing or body-scan each evening; consider CBT-I techniques. • Add 2000–3000 steps/day via 3x10-min brisk walks. • Pair sleep regularity with nutrition planning to support weight management."
266,Female,48,Overweight,140/95,140,95,5.9,6,90,10000,8,64.2,Moderate,"Target 7–9 hours nightly; add a 15–30 min wind-down before bed. • Optimize sleep hygiene: dim lights, avoid screens 60 min pre-bed, keep bedroom cool and dark. • Practice 10 minutes of breathing or body-scan each evening; consider CBT-I techniques. • Maintain vigorous activity days with >9000 steps and 1–2 easy recovery days. • Pair sleep regularity with nutrition planning to support weight management. • Discuss blood pressure with your clinician; consider home BP monitoring."
347,Female,57,Overweight,140/95,140,95,8.2,9,75,7000,3,34.1,Moderate,Pair sleep regularity with nutrition planning to support weight management. • Discuss blood pressure with your clinician; consider home BP monitoring.
105,Female,36,Normal,115/75,115,75,7.2,8,60,7000,4,23.6,Low,
154,Male,39,Normal,130/85,130,85,7.2,8,60,8000,5,36.2,Moderate,
283,Female,50,Overweight,140/95,140,95,6.0,6,90,10000,8,63.5,Moderate,"Optimize sleep hygiene: dim lights, avoid screens 60 min pre-bed, keep bedroom cool and dark. • Practice 10 minutes of breathing or body-scan each evening; consider CBT-I techniques. • Maintain vigorous activity days with >9000 steps and 1–2 easy recovery days. • Pair sleep regularity with nutrition planning to support weight management. • Discuss blood pressure with your clinician; consider home BP monitoring."
227,Female,44,Overweight,135/90,135,90,6.6,7,45,6000,4,48.9,Moderate,Add 2000–3000 steps/day via 3x10-min brisk walks. • Pair sleep regularity with nutrition planning to support weight management. • Discuss blood pressure with your clinician; consider home BP monitoring.
26,Male,30,Normal,120/80,120,80,7.9,7,75,80000,6,42.1,Moderate,
197,Male,43,Overweight,130/85,130,85,6.5,6,45,6000,7,50.5,Moderate,"Optimize sleep hygiene: dim lights, avoid screens 60 min pre-bed, keep bedroom cool and dark. • Practice 10 minutes of breathing or body-scan each evening; consider CBT-I techniques. • Add 2000–3000 steps/day via 3x10-min brisk walks. • Pair sleep regularity with nutrition planning to support weight management."
65,Male,32,Normal,125/80,125,80,6.2,6,30,5000,8,52.6,Moderate,"Optimize sleep hygiene: dim lights, avoid screens 60 min pre-bed, keep bedroom cool and dark. • Practice 10 minutes of breathing or body-scan each evening; consider CBT-I techniques. • Add 2000–3000 steps/day via 3x10-min brisk walks."
16,Male,29,Normal,120/80,120,80,6.0,6,30,8000,8,50.4,Moderate,"Optimize sleep hygiene: dim lights, avoid screens 60 min pre-bed, keep bedroom cool and dark. • Practice 10 minutes of breathing or body-scan each evening; consider CBT-I techniques. • Add 2000–3000 steps/day via 3x10-min brisk walks."
298,Female,50,Overweight,140/95,140,95,6.1,6,90,10000,8,62.9,Moderate,"Optimize sleep hygiene: dim lights, avoid screens 60 min pre-bed, keep bedroom cool and dark. • Practice 10 minutes of breathing or body-scan each evening; consider CBT-I techniques. • Maintain vigorous activity days with >9000 steps and 1–2 easy recovery days. • Pair sleep regularity with nutrition planning to support weight management. • Discuss blood pressure with your clinician; consider home BP monitoring."
110,Male,37,Normal,130/85,130,85,7.4,8,60,8000,5,34.9,Moderate,
309,Female,52,Overweight,130/85,130,85,6.6,7,45,6000,7,47.8,Moderate,Practice 10 minutes of breathing or body-scan each evening; consider CBT-I techniques. • Add 2000–3000 steps/day via 3x10-min brisk walks. • Pair sleep regularity with nutrition planning to support weight management.
27,Male,30,Normal,120/80,120,80,7.8,7,75,8000,6,37.6,Moderate,
77,Male,33,Normal,125/80,125,80,6.0,6,30,50000,8,60.2,Moderate,"Optimize sleep hygiene: dim lights, avoid screens 60 min pre-bed, keep bedroom cool and dark. • Practice 10 minutes of breathing or body-scan each evening; consider CBT-I techniques. • Add 2000–3000 steps/day via 3x10-min brisk walks."
44,Male,31,Normal,120/80,120,80,7.8,7,75,8000,6,37.6,Moderate,
281,Female,50,Overweight,140/95,140,95,6.0,6,90,10000,8,63.5,Moderate,"Optimize sleep hygiene: dim lights, avoid screens 60 min pre-bed, keep bedroom cool and dark. • Practice 10 minutes of breathing or body-scan each evening; consider CBT-I techniques. • Maintain vigorous activity days with >9000 steps and 1–2 easy recovery days. • Pair sleep regularity with nutrition planning to support weight management. • Discuss blood pressure with your clinician; consider home BP monitoring."
4,Male,28,Obese,140/90,140,90,5.9,4,30,3000,8,71.3,High,"Target 7–9 hours nightly; add a 15–30 min wind-down before bed. • Optimize sleep hygiene: dim lights, avoid screens 60 min pre-bed, keep bedroom cool and dark. • Practice 10 minutes of breathing or body-scan each evening; consider CBT-I techniques. • Add 2000–3000 steps/day via 3x10-min brisk walks. • Pair sleep regularity with nutrition planning to support weight management. • Discuss blood pressure with your clinician; consider home BP monitoring."
346,Female,57,Overweight,140/95,140,95,8.2,9,75,7000,3,34.1,Moderate,Pair sleep regularity with nutrition planning to support weight management. • Discuss blood pressure with your clinician; consider home BP monitoring.
50,Male,31,Normal,120/80,120,80,7.7,7,75,8000,6,38.2,Moderate,
365,Female,59,Overweight,140/95,140,95,8.0,9,75,7000,3,35.3,Moderate,Pair sleep regularity with nutrition planning to support weight management. • Discuss blood pressure with your clinician; consider home BP monitoring.
31,Female,30,Normal Weight,130/86,130,86,6.4,5,35,41000,7,57.6,Moderate,"Optimize sleep hygiene: dim lights, avoid screens 60 min pre-bed, keep bedroom cool and dark. • Practice 10 minutes of breathing or body-scan each evening; consider CBT-I techniques. • Add 2000–3000 steps/day via 3x10-min brisk walks."
122,Female,37,Normal,115/75,115,75,7.2,8,60,7000,4,23.6,Low,
116,Female,37,Normal,115/75,115,75,7.2,8,60,7000,4,23.6,Low,
351,Female,57,Overweight,140/95,140,95,8.1,9,75,7000,3,34.7,Moderate,Pair sleep regularity with nutrition planning to support weight management. • Discuss blood pressure with your clinician; consider home BP monitoring.
217,Male,43,Normal,130/85,130,85,7.8,8,90,80000,5,38.5,Moderate,Maintain vigorous activity days with >9000 steps and 1–2 easy recovery days.
265,Male,48,Obese,142/92,142,92,7.3,7,65,3500,5,51.4,Moderate,Pair sleep regularity with nutrition planning to support weight management. • Discuss blood pressure with your clinician; consider home BP monitoring.
210,Male,43,Normal,130/85,130,85,7.8,8,90,8000,5,34.2,Moderate,Maintain vigorous activity days with >9000 steps and 1–2 easy recovery days.
317,Female,53,Normal,125/80,125,80,8.5,9,30,5000,3,21.5,Low,Add 2000–3000 steps/day via 3x10-min brisk walks.
2,Male,28,Normal,125/80,125,80,6.2,6,60,10000,8,51.3,Moderate,"Optimize sleep hygiene: dim lights, avoid screens 60 min pre-bed, keep bedroom cool and dark. • Practice 10 minutes of breathing or body-scan each evening; consider CBT-I techniques."
314,Female,52,Normal,125/80,125,80,8.4,9,30,5000,3,22.1,Low,Add 2000–3000 steps/day via 3x10-min brisk walks.
23,Male,30,Normal,120/80,120,80,7.7,7,75,8000,6,38.2,Moderate,
318,Female,53,Normal,125/80,125,80,8.5,9,30,50000,3,27.9,Low,Add 2000–3000 steps/day via 3x10-min brisk walks.
320,Female,53,Normal,125/80,125,80,8.4,9,30,5000,3,22.1,Low,Add 2000–3000 steps/day via 3x10-min brisk walks.
8,Male,29,Normal,120/80,120,80,7.8,7,75,8000,6,37.6,Moderate,
142,Male,38,Normal,130/85,130,85,7.1,8,60,8000,5,36.8,Moderate,
87,Male,35,Normal,125/80,125,80,7.2,8,60,5000,4,36.3,Moderate,
242,Male,44,Overweight,130/85,130,85,6.3,6,45,6000,7,51.7,Moderate,"Optimize sleep hygiene: dim lights, avoid screens 60 min pre-bed, keep bedroom cool and dark. • Practice 10 minutes of breathing or body-scan each evening; consider CBT-I techniques. • Add 2000–3000 steps/day via 3x10-min brisk walks. • Pair sleep regularity with nutrition planning to support weight management."
216,Male,43,Normal,130/85,130,85,7.8,8,90,8000,5,34.2,Moderate,Maintain vigorous activity days with >9000 steps and 1–2 easy recovery days.
69,Female,33,Overweight,128/85,128,85,6.2,6,50,5500,6,51.1,Moderate,"Optimize sleep hygiene: dim lights, avoid screens 60 min pre-bed, keep bedroom cool and dark. • Add 2000–3000 steps/day via 3x10-min brisk walks. • Pair sleep regularity with nutrition planning to support weight management."
51,Male,32,Normal,120/80,120,80,7.5,8,45,8000,3,28.5,Low,Add 2000–3000 steps/day via 3x10-min brisk walks.
157,Male,39,Normal,130/85,130,85,7.2,8,60,8000,5,36.2,Moderate,
253,Female,45,Overweight,135/90,135,90,6.5,7,45,6000,4,49.5,Moderate,Add 2000–3000 steps/day via 3x10-min brisk walks. • Pair sleep regularity with nutrition planning to support weight management. • Discuss blood pressure with your clinician; consider home BP monitoring.
358,Female,58,Overweight,140/95,140,95,8.0,9,75,7000,3,35.3,Moderate,Pair sleep regularity with nutrition planning to support weight management. • Discuss blood pressure with your clinician; consider home BP monitoring.
255,Female,45,Overweight,135/90,135,90,6.5,7,45,6000,4,49.5,Moderate,Add 2000–3000 steps/day via 3x10-min brisk walks. • Pair sleep regularity with nutrition planning to support weight management. • Discuss blood pressure with your clinician; consider home BP monitoring.
277,Male,49,Obese,139/91,139,91,8.1,9,85,3700,3,38.5,Moderate,Pair sleep regularity with nutrition planning to support weight management. • Discuss blood pressure with your clinician; consider home BP monitoring.
179,Male,42,Normal,130/85,130,85,7.8,8,90,8000,5,34.2,Moderate,Maintain vigorous activity days with >9000 steps and 1–2 easy recovery days.
282,Female,50,Overweight,140/95,140,95,6.1,6,90,10000,8,62.9,Moderate,"Optimize sleep hygiene: dim lights, avoid screens 60 min pre-bed, keep bedroom cool and dark. • Practice 10 minutes of breathing or body-scan each evening; consider CBT-I techniques. • Maintain vigorous activity days with >9000 steps and 1–2 easy recovery days. • Pair sleep regularity with nutrition planning to support weight management. • Discuss blood pressure with your clinician; consider home BP monitoring."
238,Female,44,Overweight,135/90,135,90,6.5,7,45,6000,4,49.5,Moderate,Add 2000–3000 steps/day via 3x10-min brisk walks. • Pair sleep regularity with nutrition planning to support weight management. • Discuss blood pressure with your clinician; consider home BP monitoring.
72,Male,33,Normal,125/80,125,80,6.1,6,30,5000,8,53.2,Moderate,"Optimize sleep hygiene: dim lights, avoid screens 60 min pre-bed, keep bedroom cool and dark. • Practice 10 minutes of breathing or body-scan each evening; consider CBT-I techniques. • Add 2000–3000 steps/day via 3x10-min brisk walks."
130,Male,38,Normal,130/85,130,85,7.3,8,60,80000,5,41.7,Moderate,
145,Male,38,Normal,130/85,130,85,7.1,8,60,8000,5,36.8,Moderate,
336,Female,54,Normal,125/80,125,80,8.4,9,30,5000,3,22.1,Low,Add 2000–3000 steps/day via 3x10-min brisk walks.
134,Female,38,Normal,115/75,115,75,7.1,8,60,7000,4,24.2,Low,
204,Male,43,Normal Weight,117/76,117,76,6.9,6,47,68000,7,41.2,Moderate,"Optimize sleep hygiene: dim lights, avoid screens 60 min pre-bed, keep bedroom cool and dark. • Practice 10 minutes of breathing or body-scan each evening; consider CBT-I techniques. • Add 2000–3000 steps/day via 3x10-min brisk walks."
256,Female,45,Overweight,135/90,135,90,6.5,7,45,6000,4,49.5,Moderate,Add 2000–3000 steps/day via 3x10-min brisk walks. • Pair sleep regularity with nutrition planning to support weight management. • Discuss blood pressure with your clinician; consider home BP monitoring.
73,Male,33,Normal,125/80,125,80,6.1,6,30,5000,8,53.2,Moderate,"Optimize sleep hygiene: dim lights, avoid screens 60 min pre-bed, keep bedroom cool and dark. • Practice 10 minutes of breathing or body-scan each evening; consider CBT-I techniques. • Add 2000–3000 steps/day via 3x10-min brisk walks."
236,Male,44,Overweight,130/85,130,85,6.3,6,45,6000,7,51.7,Moderate,"Optimize sleep hygiene: dim lights, avoid screens 60 min pre-bed, keep bedroom cool and dark. • Practice 10 minutes of breathing or body-scan each evening; consider CBT-I techniques. • Add 2000–3000 steps/day via 3x10-min brisk walks. • Pair sleep regularity with nutrition planning to support weight management."
38,Male,31,Normal,120/80,120,80,7.6,7,75,8000,6,38.9,Moderate,
